condition,gene,go_term_count
Astrocytes_24hrvs1hr_PTZ,Apoe,1
Astrocytes_24hrvs1hr_PTZ,Asic2,2
Astrocytes_24hrvs1hr_PTZ,Atp1b1,6
Astrocytes_24hrvs1hr_PTZ,Brinp1,1
Astrocytes_24hrvs1hr_PTZ,Cacna1b,3
Astrocytes_24hrvs1hr_PTZ,Cacna1e,3
Astrocytes_24hrvs1hr_PTZ,Cacna2d1,5
Astrocytes_24hrvs1hr_PTZ,Celf4,1
Astrocytes_24hrvs1hr_PTZ,Dpp10,3
Astrocytes_24hrvs1hr_PTZ,Gja1,3
Astrocytes_24hrvs1hr_PTZ,Grin2a,4
Astrocytes_24hrvs1hr_PTZ,Hcn1,5
Astrocytes_24hrvs1hr_PTZ,Kcnj3,3
Astrocytes_24hrvs1hr_PTZ,Kcnn2,7
Astrocytes_24hrvs1hr_PTZ,Kcnq3,5
Astrocytes_24hrvs1hr_PTZ,Kcnq5,3
Astrocytes_24hrvs1hr_PTZ,Nedd4,4
Astrocytes_24hrvs1hr_PTZ,Ntrk2,3
Astrocytes_24hrvs1hr_PTZ,Scn2a,4
Astrocytes_24hrvs1hr_PTZ,Sgcd,2
Astrocytes_24hrvs1hr_PTZ,Sgcz,2
Astrocytes_24hrvs1hr_PTZ,Slc1a3,2
Astrocytes_24hrvs1hr_PTZ,Snap25,1
Astrocytes_24hrvs1hr_PTZ,Tuba1a,1
Astrocytes_24hrvs1hr_SAL,Actb,3
Astrocytes_24hrvs1hr_SAL,Actg1,2
Astrocytes_24hrvs1hr_SAL,Adam22,1
Astrocytes_24hrvs1hr_SAL,Akap6,5
Astrocytes_24hrvs1hr_SAL,Ank3,7
Astrocytes_24hrvs1hr_SAL,Asic2,6
Astrocytes_24hrvs1hr_SAL,Atp1b1,4
Astrocytes_24hrvs1hr_SAL,Atp2b1,2
Astrocytes_24hrvs1hr_SAL,Atp2c1,3
Astrocytes_24hrvs1hr_SAL,Bcl11a,2
Astrocytes_24hrvs1hr_SAL,Brinp1,1
Astrocytes_24hrvs1hr_SAL,Cacna1a,11
Astrocytes_24hrvs1hr_SAL,Cacna1b,4
Astrocytes_24hrvs1hr_SAL,Cacna1c,7
Astrocytes_24hrvs1hr_SAL,Cacna1d,5
Astrocytes_24hrvs1hr_SAL,Cacna1e,6
Astrocytes_24hrvs1hr_SAL,Cacna2d1,5
Astrocytes_24hrvs1hr_SAL,Cacna2d3,2
Astrocytes_24hrvs1hr_SAL,Cacnb2,5
Astrocytes_24hrvs1hr_SAL,Cacnb4,8
Astrocytes_24hrvs1hr_SAL,Cdh11,3
Astrocytes_24hrvs1hr_SAL,Cdh12,2
Astrocytes_24hrvs1hr_SAL,Cdh8,5
Astrocytes_24hrvs1hr_SAL,Cdkl5,6
Astrocytes_24hrvs1hr_SAL,Celf4,1
Astrocytes_24hrvs1hr_SAL,Chl1,5
Astrocytes_24hrvs1hr_SAL,Clstn2,6
Astrocytes_24hrvs1hr_SAL,Cnksr2,1
Astrocytes_24hrvs1hr_SAL,Cntn1,4
Astrocytes_24hrvs1hr_SAL,Cntn5,6
Astrocytes_24hrvs1hr_SAL,Cntnap2,10
Astrocytes_24hrvs1hr_SAL,Dlg2,1
Astrocytes_24hrvs1hr_SAL,Dpp10,1
Astrocytes_24hrvs1hr_SAL,Dpp6,4
Astrocytes_24hrvs1hr_SAL,Dscam,7
Astrocytes_24hrvs1hr_SAL,Dscaml1,4
Astrocytes_24hrvs1hr_SAL,Epha3,5
Astrocytes_24hrvs1hr_SAL,Epha5,5
Astrocytes_24hrvs1hr_SAL,Epha6,3
Astrocytes_24hrvs1hr_SAL,Epha7,9
Astrocytes_24hrvs1hr_SAL,Fgf14,5
Astrocytes_24hrvs1hr_SAL,Foxp1,6
Astrocytes_24hrvs1hr_SAL,Frmpd4,3
Astrocytes_24hrvs1hr_SAL,Gabra2,3
Astrocytes_24hrvs1hr_SAL,Gabrb2,3
Astrocytes_24hrvs1hr_SAL,Gabrb3,4
Astrocytes_24hrvs1hr_SAL,Gli3,3
Astrocytes_24hrvs1hr_SAL,Gnao1,2
Astrocytes_24hrvs1hr_SAL,Gpr158,3
Astrocytes_24hrvs1hr_SAL,Gria1,7
Astrocytes_24hrvs1hr_SAL,Gria3,1
Astrocytes_24hrvs1hr_SAL,Gria4,1
Astrocytes_24hrvs1hr_SAL,Grin1,14
Astrocytes_24hrvs1hr_SAL,Grin2a,9
Astrocytes_24hrvs1hr_SAL,Grin2b,9
Astrocytes_24hrvs1hr_SAL,Grm1,2
Astrocytes_24hrvs1hr_SAL,Grm3,1
Astrocytes_24hrvs1hr_SAL,Grm7,3
Astrocytes_24hrvs1hr_SAL,Hcn1,4
Astrocytes_24hrvs1hr_SAL,Hecw1,2
Astrocytes_24hrvs1hr_SAL,Hecw2,2
Astrocytes_24hrvs1hr_SAL,Hsp90aa1,2
Astrocytes_24hrvs1hr_SAL,Hsp90ab1,2
Astrocytes_24hrvs1hr_SAL,Hspa8,3
Astrocytes_24hrvs1hr_SAL,Kcnb2,1
Astrocytes_24hrvs1hr_SAL,Kcnh7,3
Astrocytes_24hrvs1hr_SAL,Kcnip4,1
Astrocytes_24hrvs1hr_SAL,Kcnj3,1
Astrocytes_24hrvs1hr_SAL,Kcnq3,4
Astrocytes_24hrvs1hr_SAL,Kcnq5,1
Astrocytes_24hrvs1hr_SAL,Klf7,4
Astrocytes_24hrvs1hr_SAL,Lingo2,4
Astrocytes_24hrvs1hr_SAL,Lrfn5,5
Astrocytes_24hrvs1hr_SAL,Lrrtm4,5
Astrocytes_24hrvs1hr_SAL,Map1b,2
Astrocytes_24hrvs1hr_SAL,Mapt,7
Astrocytes_24hrvs1hr_SAL,Nalcn,4
Astrocytes_24hrvs1hr_SAL,Npas3,1
Astrocytes_24hrvs1hr_SAL,Nptn,7
Astrocytes_24hrvs1hr_SAL,Nrg1,7
Astrocytes_24hrvs1hr_SAL,Nrg3,2
Astrocytes_24hrvs1hr_SAL,Nrp1,7
Astrocytes_24hrvs1hr_SAL,Pak3,5
Astrocytes_24hrvs1hr_SAL,Pcdh15,2
Astrocytes_24hrvs1hr_SAL,Pclo,3
Astrocytes_24hrvs1hr_SAL,Pex5l,1
Astrocytes_24hrvs1hr_SAL,Phactr1,1
Astrocytes_24hrvs1hr_SAL,Plppr4,2
Astrocytes_24hrvs1hr_SAL,Plxna4,4
Astrocytes_24hrvs1hr_SAL,Ppfia2,4
Astrocytes_24hrvs1hr_SAL,Prex2,2
Astrocytes_24hrvs1hr_SAL,Prkcb,1
Astrocytes_24hrvs1hr_SAL,Ptprd,7
Astrocytes_24hrvs1hr_SAL,Ptprk,1
Astrocytes_24hrvs1hr_SAL,Rapgef4,6
Astrocytes_24hrvs1hr_SAL,Rims1,2
Astrocytes_24hrvs1hr_SAL,Robo1,10
Astrocytes_24hrvs1hr_SAL,Ryr2,5
Astrocytes_24hrvs1hr_SAL,Ryr3,2
Astrocytes_24hrvs1hr_SAL,Scn2a,5
Astrocytes_24hrvs1hr_SAL,Scn3a,4
Astrocytes_24hrvs1hr_SAL,Scn8a,5
Astrocytes_24hrvs1hr_SAL,Sema6d,4
Astrocytes_24hrvs1hr_SAL,Sh3gl2,2
Astrocytes_24hrvs1hr_SAL,Shisa6,1
Astrocytes_24hrvs1hr_SAL,Sipa1l1,7
Astrocytes_24hrvs1hr_SAL,Slc24a2,3
Astrocytes_24hrvs1hr_SAL,Slc4a10,1
Astrocytes_24hrvs1hr_SAL,Slc8a1,4
Astrocytes_24hrvs1hr_SAL,Slit3,4
Astrocytes_24hrvs1hr_SAL,Snap25,2
Astrocytes_24hrvs1hr_SAL,Snap91,3
Astrocytes_24hrvs1hr_SAL,Sobp,2
Astrocytes_24hrvs1hr_SAL,Sorbs2,2
Astrocytes_24hrvs1hr_SAL,Syt1,2
Astrocytes_24hrvs1hr_SAL,Tafa2,1
Astrocytes_24hrvs1hr_SAL,Tenm1,1
Astrocytes_24hrvs1hr_SAL,Tenm2,4
Astrocytes_24hrvs1hr_SAL,Tmem108,3
Astrocytes_24hrvs1hr_SAL,Tnr,6
Astrocytes_24hrvs1hr_SAL,Trpm3,2
Astrocytes_24hrvs1hr_SAL,Tuba1a,4
Astrocytes_24hrvs1hr_SAL,Tubb2b,3
Astrocytes_24hrvs1hr_SAL,Ubb,1
Astrocytes_24hrvs1hr_SAL,Unc5c,3
Astrocytes_24hrvs1hr_SAL,Unc5d,4
Astrocytes_24hrvs1hr_SAL,Zfp804a,3
CGE_24hrvs1hr_PTZ,Atp1b1,1
CGE_24hrvs1hr_PTZ,Cacna1d,1
CGE_24hrvs1hr_PTZ,Calm1,1
CGE_24hrvs1hr_PTZ,Fgf14,1
CGE_24hrvs1hr_SAL,Atp1b1,1
CGE_24hrvs1hr_SAL,Brinp2,1
CGE_24hrvs1hr_SAL,Gapdh,1
CGE_24hrvs1hr_SAL,Hsp90aa1,3
CGE_24hrvs1hr_SAL,Hsp90ab1,3
CGE_24hrvs1hr_SAL,Hspa8,2
CGE_24hrvs1hr_SAL,Ppia,1
CGE_24hrvs1hr_SAL,Ubb,1
CGE_PTZvsSAL_1hr,Ddx5,3
CGE_PTZvsSAL_1hr,Snrnp70,3
ExcitatoryNeuronsCA1_24hrvs1hr_PTZ,Abhd12,1
ExcitatoryNeuronsCA1_24hrvs1hr_PTZ,Ablim1,1
ExcitatoryNeuronsCA1_24hrvs1hr_PTZ,Actb,6
ExcitatoryNeuronsCA1_24hrvs1hr_PTZ,Actg1,3
ExcitatoryNeuronsCA1_24hrvs1hr_PTZ,Actr2,3
ExcitatoryNeuronsCA1_24hrvs1hr_PTZ,Actr3,7
ExcitatoryNeuronsCA1_24hrvs1hr_PTZ,Adcy1,5
ExcitatoryNeuronsCA1_24hrvs1hr_PTZ,Adgrb1,4
ExcitatoryNeuronsCA1_24hrvs1hr_PTZ,Ank2,3
ExcitatoryNeuronsCA1_24hrvs1hr_PTZ,Ank3,4
ExcitatoryNeuronsCA1_24hrvs1hr_PTZ,Ap2b1,2
ExcitatoryNeuronsCA1_24hrvs1hr_PTZ,Apba1,1
ExcitatoryNeuronsCA1_24hrvs1hr_PTZ,Aplp1,1
ExcitatoryNeuronsCA1_24hrvs1hr_PTZ,Aplp2,2
ExcitatoryNeuronsCA1_24hrvs1hr_PTZ,Arhgap39,1
ExcitatoryNeuronsCA1_24hrvs1hr_PTZ,Atp1b1,3
ExcitatoryNeuronsCA1_24hrvs1hr_PTZ,Atp2a2,6
ExcitatoryNeuronsCA1_24hrvs1hr_PTZ,Atp6v0a1,2
ExcitatoryNeuronsCA1_24hrvs1hr_PTZ,Atp6v1a,2
ExcitatoryNeuronsCA1_24hrvs1hr_PTZ,Atp6v1h,2
ExcitatoryNeuronsCA1_24hrvs1hr_PTZ,Bcl11a,4
ExcitatoryNeuronsCA1_24hrvs1hr_PTZ,Bcl11b,1
ExcitatoryNeuronsCA1_24hrvs1hr_PTZ,Brinp1,3
ExcitatoryNeuronsCA1_24hrvs1hr_PTZ,Bsg,1
ExcitatoryNeuronsCA1_24hrvs1hr_PTZ,Btbd9,6
ExcitatoryNeuronsCA1_24hrvs1hr_PTZ,Cacna1a,10
ExcitatoryNeuronsCA1_24hrvs1hr_PTZ,Cacna1b,6
ExcitatoryNeuronsCA1_24hrvs1hr_PTZ,Cacna1c,4
ExcitatoryNeuronsCA1_24hrvs1hr_PTZ,Cacna1d,3
ExcitatoryNeuronsCA1_24hrvs1hr_PTZ,Cacna2d1,3
ExcitatoryNeuronsCA1_24hrvs1hr_PTZ,Cacnb2,3
ExcitatoryNeuronsCA1_24hrvs1hr_PTZ,Cacng8,2
ExcitatoryNeuronsCA1_24hrvs1hr_PTZ,Calm1,3
ExcitatoryNeuronsCA1_24hrvs1hr_PTZ,Calm2,2
ExcitatoryNeuronsCA1_24hrvs1hr_PTZ,Calm3,3
ExcitatoryNeuronsCA1_24hrvs1hr_PTZ,Caly,1
ExcitatoryNeuronsCA1_24hrvs1hr_PTZ,Camk4,3
ExcitatoryNeuronsCA1_24hrvs1hr_PTZ,Cck,5
ExcitatoryNeuronsCA1_24hrvs1hr_PTZ,Cfl1,7
ExcitatoryNeuronsCA1_24hrvs1hr_PTZ,Chd4,2
ExcitatoryNeuronsCA1_24hrvs1hr_PTZ,Chl1,3
ExcitatoryNeuronsCA1_24hrvs1hr_PTZ,Chrd,3
ExcitatoryNeuronsCA1_24hrvs1hr_PTZ,Clasp2,4
ExcitatoryNeuronsCA1_24hrvs1hr_PTZ,Cltc,2
ExcitatoryNeuronsCA1_24hrvs1hr_PTZ,Cnih2,3
ExcitatoryNeuronsCA1_24hrvs1hr_PTZ,Cnksr2,1
ExcitatoryNeuronsCA1_24hrvs1hr_PTZ,Cntnap2,6
ExcitatoryNeuronsCA1_24hrvs1hr_PTZ,Cpeb1,1
ExcitatoryNeuronsCA1_24hrvs1hr_PTZ,Csmd1,3
ExcitatoryNeuronsCA1_24hrvs1hr_PTZ,Cx3cl1,1
ExcitatoryNeuronsCA1_24hrvs1hr_PTZ,Cyp7b1,3
ExcitatoryNeuronsCA1_24hrvs1hr_PTZ,D130043K22Rik,4
ExcitatoryNeuronsCA1_24hrvs1hr_PTZ,Dab1,2
ExcitatoryNeuronsCA1_24hrvs1hr_PTZ,Dcc,1
ExcitatoryNeuronsCA1_24hrvs1hr_PTZ,Dgkb,3
ExcitatoryNeuronsCA1_24hrvs1hr_PTZ,Dmd,4
ExcitatoryNeuronsCA1_24hrvs1hr_PTZ,Dnm2,8
ExcitatoryNeuronsCA1_24hrvs1hr_PTZ,Dpysl5,1
ExcitatoryNeuronsCA1_24hrvs1hr_PTZ,Dscaml1,1
ExcitatoryNeuronsCA1_24hrvs1hr_PTZ,Dtnbp1,8
ExcitatoryNeuronsCA1_24hrvs1hr_PTZ,Dvl1,13
ExcitatoryNeuronsCA1_24hrvs1hr_PTZ,Eif4g2,4
ExcitatoryNeuronsCA1_24hrvs1hr_PTZ,Ephb2,9
ExcitatoryNeuronsCA1_24hrvs1hr_PTZ,Eps8,1
ExcitatoryNeuronsCA1_24hrvs1hr_PTZ,Etv1,1
ExcitatoryNeuronsCA1_24hrvs1hr_PTZ,Farp1,3
ExcitatoryNeuronsCA1_24hrvs1hr_PTZ,Fgf12,4
ExcitatoryNeuronsCA1_24hrvs1hr_PTZ,Fgf14,7
ExcitatoryNeuronsCA1_24hrvs1hr_PTZ,Fhl1,3
ExcitatoryNeuronsCA1_24hrvs1hr_PTZ,Flrt2,3
ExcitatoryNeuronsCA1_24hrvs1hr_PTZ,Fmn1,1
ExcitatoryNeuronsCA1_24hrvs1hr_PTZ,Foxp1,3
ExcitatoryNeuronsCA1_24hrvs1hr_PTZ,Frmpd4,3
ExcitatoryNeuronsCA1_24hrvs1hr_PTZ,Gabra2,3
ExcitatoryNeuronsCA1_24hrvs1hr_PTZ,Gabra4,1
ExcitatoryNeuronsCA1_24hrvs1hr_PTZ,Gnao1,1
ExcitatoryNeuronsCA1_24hrvs1hr_PTZ,Gpm6a,2
ExcitatoryNeuronsCA1_24hrvs1hr_PTZ,Gpm6b,2
ExcitatoryNeuronsCA1_24hrvs1hr_PTZ,Gria1,5
ExcitatoryNeuronsCA1_24hrvs1hr_PTZ,Grin2b,8
ExcitatoryNeuronsCA1_24hrvs1hr_PTZ,Grm7,3
ExcitatoryNeuronsCA1_24hrvs1hr_PTZ,Grm8,2
ExcitatoryNeuronsCA1_24hrvs1hr_PTZ,Hecw1,2
ExcitatoryNeuronsCA1_24hrvs1hr_PTZ,Hnrnpk,7
ExcitatoryNeuronsCA1_24hrvs1hr_PTZ,Homer1,5
ExcitatoryNeuronsCA1_24hrvs1hr_PTZ,Hsp90aa1,4
ExcitatoryNeuronsCA1_24hrvs1hr_PTZ,Hsp90ab1,4
ExcitatoryNeuronsCA1_24hrvs1hr_PTZ,Hspa8,3
ExcitatoryNeuronsCA1_24hrvs1hr_PTZ,Il1rapl2,2
ExcitatoryNeuronsCA1_24hrvs1hr_PTZ,Iqsec2,1
ExcitatoryNeuronsCA1_24hrvs1hr_PTZ,Itga8,3
ExcitatoryNeuronsCA1_24hrvs1hr_PTZ,Jph4,3
ExcitatoryNeuronsCA1_24hrvs1hr_PTZ,Kcnh7,1
ExcitatoryNeuronsCA1_24hrvs1hr_PTZ,Kcnn2,2
ExcitatoryNeuronsCA1_24hrvs1hr_PTZ,Kcnq3,2
ExcitatoryNeuronsCA1_24hrvs1hr_PTZ,Kif5a,1
ExcitatoryNeuronsCA1_24hrvs1hr_PTZ,L1cam,4
ExcitatoryNeuronsCA1_24hrvs1hr_PTZ,Lrfn5,2
ExcitatoryNeuronsCA1_24hrvs1hr_PTZ,Lrp1,4
ExcitatoryNeuronsCA1_24hrvs1hr_PTZ,Lsamp,1
ExcitatoryNeuronsCA1_24hrvs1hr_PTZ,Macf1,4
ExcitatoryNeuronsCA1_24hrvs1hr_PTZ,Magi2,5
ExcitatoryNeuronsCA1_24hrvs1hr_PTZ,Malat1,2
ExcitatoryNeuronsCA1_24hrvs1hr_PTZ,Map1b,4
ExcitatoryNeuronsCA1_24hrvs1hr_PTZ,Mapk10,2
ExcitatoryNeuronsCA1_24hrvs1hr_PTZ,Mapt,10
ExcitatoryNeuronsCA1_24hrvs1hr_PTZ,Mdga2,2
ExcitatoryNeuronsCA1_24hrvs1hr_PTZ,Megf9,1
ExcitatoryNeuronsCA1_24hrvs1hr_PTZ,Mir124a-1hg,1
ExcitatoryNeuronsCA1_24hrvs1hr_PTZ,Nav2,1
ExcitatoryNeuronsCA1_24hrvs1hr_PTZ,Ncam1,3
ExcitatoryNeuronsCA1_24hrvs1hr_PTZ,Ncdn,1
ExcitatoryNeuronsCA1_24hrvs1hr_PTZ,Nfix,6
ExcitatoryNeuronsCA1_24hrvs1hr_PTZ,Nos1ap,2
ExcitatoryNeuronsCA1_24hrvs1hr_PTZ,Nr3c1,2
ExcitatoryNeuronsCA1_24hrvs1hr_PTZ,Nr3c2,3
ExcitatoryNeuronsCA1_24hrvs1hr_PTZ,Nrg1,7
ExcitatoryNeuronsCA1_24hrvs1hr_PTZ,Nrxn2,5
ExcitatoryNeuronsCA1_24hrvs1hr_PTZ,Nsg1,2
ExcitatoryNeuronsCA1_24hrvs1hr_PTZ,Ntng1,1
ExcitatoryNeuronsCA1_24hrvs1hr_PTZ,Oxr1,1
ExcitatoryNeuronsCA1_24hrvs1hr_PTZ,Pak3,4
ExcitatoryNeuronsCA1_24hrvs1hr_PTZ,Parp1,1
ExcitatoryNeuronsCA1_24hrvs1hr_PTZ,Pcdh15,1
ExcitatoryNeuronsCA1_24hrvs1hr_PTZ,Pde8b,2
ExcitatoryNeuronsCA1_24hrvs1hr_PTZ,Pebp1,1
ExcitatoryNeuronsCA1_24hrvs1hr_PTZ,Pex5l,1
ExcitatoryNeuronsCA1_24hrvs1hr_PTZ,Pfn2,5
ExcitatoryNeuronsCA1_24hrvs1hr_PTZ,Pgrmc1,5
ExcitatoryNeuronsCA1_24hrvs1hr_PTZ,Pja2,3
ExcitatoryNeuronsCA1_24hrvs1hr_PTZ,Pkp2,1
ExcitatoryNeuronsCA1_24hrvs1hr_PTZ,Plcb1,5
ExcitatoryNeuronsCA1_24hrvs1hr_PTZ,Plxna1,4
ExcitatoryNeuronsCA1_24hrvs1hr_PTZ,Plxna4,4
ExcitatoryNeuronsCA1_24hrvs1hr_PTZ,Ppfia2,8
ExcitatoryNeuronsCA1_24hrvs1hr_PTZ,Ppp3cb,3
ExcitatoryNeuronsCA1_24hrvs1hr_PTZ,Ppp3r1,2
ExcitatoryNeuronsCA1_24hrvs1hr_PTZ,Prepl,5
ExcitatoryNeuronsCA1_24hrvs1hr_PTZ,Prkcg,6
ExcitatoryNeuronsCA1_24hrvs1hr_PTZ,Prnp,8
ExcitatoryNeuronsCA1_24hrvs1hr_PTZ,Prrt1,5
ExcitatoryNeuronsCA1_24hrvs1hr_PTZ,Psap,1
ExcitatoryNeuronsCA1_24hrvs1hr_PTZ,Ptprn2,2
ExcitatoryNeuronsCA1_24hrvs1hr_PTZ,Ptprs,7
ExcitatoryNeuronsCA1_24hrvs1hr_PTZ,Ptprt,2
ExcitatoryNeuronsCA1_24hrvs1hr_PTZ,Rab3a,7
ExcitatoryNeuronsCA1_24hrvs1hr_PTZ,Rapgef4,6
ExcitatoryNeuronsCA1_24hrvs1hr_PTZ,Rasal1,3
ExcitatoryNeuronsCA1_24hrvs1hr_PTZ,Rasgrf1,3
ExcitatoryNeuronsCA1_24hrvs1hr_PTZ,Rgs7bp,1
ExcitatoryNeuronsCA1_24hrvs1hr_PTZ,Rheb,3
ExcitatoryNeuronsCA1_24hrvs1hr_PTZ,Rimbp2,6
ExcitatoryNeuronsCA1_24hrvs1hr_PTZ,Rims2,10
ExcitatoryNeuronsCA1_24hrvs1hr_PTZ,Robo1,6
ExcitatoryNeuronsCA1_24hrvs1hr_PTZ,Rock1,4
ExcitatoryNeuronsCA1_24hrvs1hr_PTZ,Rock2,3
ExcitatoryNeuronsCA1_24hrvs1hr_PTZ,Rufy3,4
ExcitatoryNeuronsCA1_24hrvs1hr_PTZ,Shank1,7
ExcitatoryNeuronsCA1_24hrvs1hr_PTZ,Shank2,8
ExcitatoryNeuronsCA1_24hrvs1hr_PTZ,Slc17a7,9
ExcitatoryNeuronsCA1_24hrvs1hr_PTZ,Slc4a10,2
ExcitatoryNeuronsCA1_24hrvs1hr_PTZ,Slc6a17,1
ExcitatoryNeuronsCA1_24hrvs1hr_PTZ,Slc8a1,1
ExcitatoryNeuronsCA1_24hrvs1hr_PTZ,Slit1,4
ExcitatoryNeuronsCA1_24hrvs1hr_PTZ,Slit3,4
ExcitatoryNeuronsCA1_24hrvs1hr_PTZ,Snap25,10
ExcitatoryNeuronsCA1_24hrvs1hr_PTZ,Snca,12
ExcitatoryNeuronsCA1_24hrvs1hr_PTZ,Sorbs1,1
ExcitatoryNeuronsCA1_24hrvs1hr_PTZ,Sorcs3,4
ExcitatoryNeuronsCA1_24hrvs1hr_PTZ,Specc1,2
ExcitatoryNeuronsCA1_24hrvs1hr_PTZ,Stxbp5l,5
ExcitatoryNeuronsCA1_24hrvs1hr_PTZ,Syn2,4
ExcitatoryNeuronsCA1_24hrvs1hr_PTZ,Syt1,8
ExcitatoryNeuronsCA1_24hrvs1hr_PTZ,Syt4,12
ExcitatoryNeuronsCA1_24hrvs1hr_PTZ,Taco1,4
ExcitatoryNeuronsCA1_24hrvs1hr_PTZ,Tanc1,5
ExcitatoryNeuronsCA1_24hrvs1hr_PTZ,Tmem108,5
ExcitatoryNeuronsCA1_24hrvs1hr_PTZ,Trim9,5
ExcitatoryNeuronsCA1_24hrvs1hr_PTZ,Tuba1a,6
ExcitatoryNeuronsCA1_24hrvs1hr_PTZ,Tubb2b,1
ExcitatoryNeuronsCA1_24hrvs1hr_PTZ,Tubb3,1
ExcitatoryNeuronsCA1_24hrvs1hr_PTZ,Ubb,1
ExcitatoryNeuronsCA1_24hrvs1hr_PTZ,Uchl1,2
ExcitatoryNeuronsCA1_24hrvs1hr_PTZ,Ulk2,4
ExcitatoryNeuronsCA1_24hrvs1hr_PTZ,Unc13b,7
ExcitatoryNeuronsCA1_24hrvs1hr_PTZ,Vamp2,8
ExcitatoryNeuronsCA1_24hrvs1hr_PTZ,Vcl,4
ExcitatoryNeuronsCA1_24hrvs1hr_PTZ,Wasl,3
ExcitatoryNeuronsCA1_24hrvs1hr_PTZ,Ywhah,3
ExcitatoryNeuronsCA1_24hrvs1hr_PTZ,Ywhaz,2
ExcitatoryNeuronsCA1_24hrvs1hr_PTZ,Zeb2,3
ExcitatoryNeuronsCA1_24hrvs1hr_SAL,Abhd6,1
ExcitatoryNeuronsCA1_24hrvs1hr_SAL,Ablim1,1
ExcitatoryNeuronsCA1_24hrvs1hr_SAL,Actb,4
ExcitatoryNeuronsCA1_24hrvs1hr_SAL,Actg1,5
ExcitatoryNeuronsCA1_24hrvs1hr_SAL,Adcy8,1
ExcitatoryNeuronsCA1_24hrvs1hr_SAL,Agrn,9
ExcitatoryNeuronsCA1_24hrvs1hr_SAL,Ahi1,2
ExcitatoryNeuronsCA1_24hrvs1hr_SAL,Aplp1,1
ExcitatoryNeuronsCA1_24hrvs1hr_SAL,Atp1a3,1
ExcitatoryNeuronsCA1_24hrvs1hr_SAL,Atp1b1,1
ExcitatoryNeuronsCA1_24hrvs1hr_SAL,Atp2a2,3
ExcitatoryNeuronsCA1_24hrvs1hr_SAL,Atxn1,1
ExcitatoryNeuronsCA1_24hrvs1hr_SAL,Bcl11a,9
ExcitatoryNeuronsCA1_24hrvs1hr_SAL,Bcl6,1
ExcitatoryNeuronsCA1_24hrvs1hr_SAL,Btbd9,2
ExcitatoryNeuronsCA1_24hrvs1hr_SAL,Cacna1e,2
ExcitatoryNeuronsCA1_24hrvs1hr_SAL,Calm1,1
ExcitatoryNeuronsCA1_24hrvs1hr_SAL,Calm3,1
ExcitatoryNeuronsCA1_24hrvs1hr_SAL,Camk1d,3
ExcitatoryNeuronsCA1_24hrvs1hr_SAL,Camkv,2
ExcitatoryNeuronsCA1_24hrvs1hr_SAL,Cck,3
ExcitatoryNeuronsCA1_24hrvs1hr_SAL,Cdh10,1
ExcitatoryNeuronsCA1_24hrvs1hr_SAL,Cdh2,7
ExcitatoryNeuronsCA1_24hrvs1hr_SAL,Cfl1,10
ExcitatoryNeuronsCA1_24hrvs1hr_SAL,Chd4,6
ExcitatoryNeuronsCA1_24hrvs1hr_SAL,Chl1,2
ExcitatoryNeuronsCA1_24hrvs1hr_SAL,Clstn1,8
ExcitatoryNeuronsCA1_24hrvs1hr_SAL,Cnih2,1
ExcitatoryNeuronsCA1_24hrvs1hr_SAL,Cntn6,1
ExcitatoryNeuronsCA1_24hrvs1hr_SAL,Csmd3,1
ExcitatoryNeuronsCA1_24hrvs1hr_SAL,D130043K22Rik,7
ExcitatoryNeuronsCA1_24hrvs1hr_SAL,Dab2ip,7
ExcitatoryNeuronsCA1_24hrvs1hr_SAL,Dgkg,1
ExcitatoryNeuronsCA1_24hrvs1hr_SAL,Dixdc1,2
ExcitatoryNeuronsCA1_24hrvs1hr_SAL,Dleu2,2
ExcitatoryNeuronsCA1_24hrvs1hr_SAL,Dmd,3
ExcitatoryNeuronsCA1_24hrvs1hr_SAL,Dnm2,8
ExcitatoryNeuronsCA1_24hrvs1hr_SAL,Dpysl5,3
ExcitatoryNeuronsCA1_24hrvs1hr_SAL,Dtnbp1,7
ExcitatoryNeuronsCA1_24hrvs1hr_SAL,Dynll1,2
ExcitatoryNeuronsCA1_24hrvs1hr_SAL,Dynlt1a,3
ExcitatoryNeuronsCA1_24hrvs1hr_SAL,Enc1,2
ExcitatoryNeuronsCA1_24hrvs1hr_SAL,Epha5,2
ExcitatoryNeuronsCA1_24hrvs1hr_SAL,Epha6,1
ExcitatoryNeuronsCA1_24hrvs1hr_SAL,Epha7,12
ExcitatoryNeuronsCA1_24hrvs1hr_SAL,Ephb2,13
ExcitatoryNeuronsCA1_24hrvs1hr_SAL,Fgf14,4
ExcitatoryNeuronsCA1_24hrvs1hr_SAL,Flna,6
ExcitatoryNeuronsCA1_24hrvs1hr_SAL,Flrt2,8
ExcitatoryNeuronsCA1_24hrvs1hr_SAL,Gabrb3,3
ExcitatoryNeuronsCA1_24hrvs1hr_SAL,Gdi1,7
ExcitatoryNeuronsCA1_24hrvs1hr_SAL,Gpm6a,6
ExcitatoryNeuronsCA1_24hrvs1hr_SAL,Gria1,4
ExcitatoryNeuronsCA1_24hrvs1hr_SAL,Hnrnpa1,1
ExcitatoryNeuronsCA1_24hrvs1hr_SAL,Hnrnpk,9
ExcitatoryNeuronsCA1_24hrvs1hr_SAL,Hsp90aa1,6
ExcitatoryNeuronsCA1_24hrvs1hr_SAL,Hsp90ab1,4
ExcitatoryNeuronsCA1_24hrvs1hr_SAL,Hspa8,2
ExcitatoryNeuronsCA1_24hrvs1hr_SAL,Il1rapl2,6
ExcitatoryNeuronsCA1_24hrvs1hr_SAL,Ino80,1
ExcitatoryNeuronsCA1_24hrvs1hr_SAL,Iqgap1,8
ExcitatoryNeuronsCA1_24hrvs1hr_SAL,Jam3,1
ExcitatoryNeuronsCA1_24hrvs1hr_SAL,Kcnk10,1
ExcitatoryNeuronsCA1_24hrvs1hr_SAL,Kcnk2,1
ExcitatoryNeuronsCA1_24hrvs1hr_SAL,Kcnk9,1
ExcitatoryNeuronsCA1_24hrvs1hr_SAL,Kcnq3,2
ExcitatoryNeuronsCA1_24hrvs1hr_SAL,Kif26b,1
ExcitatoryNeuronsCA1_24hrvs1hr_SAL,Kmt2a,1
ExcitatoryNeuronsCA1_24hrvs1hr_SAL,Large1,4
ExcitatoryNeuronsCA1_24hrvs1hr_SAL,Lrfn2,2
ExcitatoryNeuronsCA1_24hrvs1hr_SAL,Lrfn5,6
ExcitatoryNeuronsCA1_24hrvs1hr_SAL,Lrrtm4,6
ExcitatoryNeuronsCA1_24hrvs1hr_SAL,Lzts1,8
ExcitatoryNeuronsCA1_24hrvs1hr_SAL,Magi2,8
ExcitatoryNeuronsCA1_24hrvs1hr_SAL,Malat1,2
ExcitatoryNeuronsCA1_24hrvs1hr_SAL,Map2,7
ExcitatoryNeuronsCA1_24hrvs1hr_SAL,Map2k5,1
ExcitatoryNeuronsCA1_24hrvs1hr_SAL,Map3k13,5
ExcitatoryNeuronsCA1_24hrvs1hr_SAL,Map6,3
ExcitatoryNeuronsCA1_24hrvs1hr_SAL,Matn2,3
ExcitatoryNeuronsCA1_24hrvs1hr_SAL,Mdga2,7
ExcitatoryNeuronsCA1_24hrvs1hr_SAL,Met,5
ExcitatoryNeuronsCA1_24hrvs1hr_SAL,Mphosph9,1
ExcitatoryNeuronsCA1_24hrvs1hr_SAL,Mycbp2,7
ExcitatoryNeuronsCA1_24hrvs1hr_SAL,Mylip,2
ExcitatoryNeuronsCA1_24hrvs1hr_SAL,Nck2,1
ExcitatoryNeuronsCA1_24hrvs1hr_SAL,Ndrg4,2
ExcitatoryNeuronsCA1_24hrvs1hr_SAL,Negr1,8
ExcitatoryNeuronsCA1_24hrvs1hr_SAL,Neo1,4
ExcitatoryNeuronsCA1_24hrvs1hr_SAL,Nfib,1
ExcitatoryNeuronsCA1_24hrvs1hr_SAL,Nlgn1,15
ExcitatoryNeuronsCA1_24hrvs1hr_SAL,Nova2,1
ExcitatoryNeuronsCA1_24hrvs1hr_SAL,Nr3c1,4
ExcitatoryNeuronsCA1_24hrvs1hr_SAL,Nr4a3,1
ExcitatoryNeuronsCA1_24hrvs1hr_SAL,Nrg1,11
ExcitatoryNeuronsCA1_24hrvs1hr_SAL,Nrg2,6
ExcitatoryNeuronsCA1_24hrvs1hr_SAL,Nrg3,3
ExcitatoryNeuronsCA1_24hrvs1hr_SAL,Nrgn,1
ExcitatoryNeuronsCA1_24hrvs1hr_SAL,Nsg1,2
ExcitatoryNeuronsCA1_24hrvs1hr_SAL,Olfm1,4
ExcitatoryNeuronsCA1_24hrvs1hr_SAL,Pacsin1,5
ExcitatoryNeuronsCA1_24hrvs1hr_SAL,Pank2,1
ExcitatoryNeuronsCA1_24hrvs1hr_SAL,Pbrm1,1
ExcitatoryNeuronsCA1_24hrvs1hr_SAL,Pex5l,1
ExcitatoryNeuronsCA1_24hrvs1hr_SAL,Pex7,1
ExcitatoryNeuronsCA1_24hrvs1hr_SAL,Pid1,1
ExcitatoryNeuronsCA1_24hrvs1hr_SAL,Plppr5,2
ExcitatoryNeuronsCA1_24hrvs1hr_SAL,Ppp3cc,2
ExcitatoryNeuronsCA1_24hrvs1hr_SAL,Prkcg,3
ExcitatoryNeuronsCA1_24hrvs1hr_SAL,Prkd1,2
ExcitatoryNeuronsCA1_24hrvs1hr_SAL,Prnp,4
ExcitatoryNeuronsCA1_24hrvs1hr_SAL,Ptk2,11
ExcitatoryNeuronsCA1_24hrvs1hr_SAL,Ptpro,4
ExcitatoryNeuronsCA1_24hrvs1hr_SAL,Ptprs,13
ExcitatoryNeuronsCA1_24hrvs1hr_SAL,Rab27b,2
ExcitatoryNeuronsCA1_24hrvs1hr_SAL,Rap1gap2,2
ExcitatoryNeuronsCA1_24hrvs1hr_SAL,Rapgef1,4
ExcitatoryNeuronsCA1_24hrvs1hr_SAL,Rapgef4,6
ExcitatoryNeuronsCA1_24hrvs1hr_SAL,Rerg,1
ExcitatoryNeuronsCA1_24hrvs1hr_SAL,Rimbp2,3
ExcitatoryNeuronsCA1_24hrvs1hr_SAL,Rims2,7
ExcitatoryNeuronsCA1_24hrvs1hr_SAL,Ripor2,1
ExcitatoryNeuronsCA1_24hrvs1hr_SAL,Rnf216,1
ExcitatoryNeuronsCA1_24hrvs1hr_SAL,Satb2,1
ExcitatoryNeuronsCA1_24hrvs1hr_SAL,Sema3c,6
ExcitatoryNeuronsCA1_24hrvs1hr_SAL,Sertad2,1
ExcitatoryNeuronsCA1_24hrvs1hr_SAL,Slc25a4,2
ExcitatoryNeuronsCA1_24hrvs1hr_SAL,Slc38a1,1
ExcitatoryNeuronsCA1_24hrvs1hr_SAL,Slc4a10,1
ExcitatoryNeuronsCA1_24hrvs1hr_SAL,Slit3,4
ExcitatoryNeuronsCA1_24hrvs1hr_SAL,Snap25,3
ExcitatoryNeuronsCA1_24hrvs1hr_SAL,Sorcs3,1
ExcitatoryNeuronsCA1_24hrvs1hr_SAL,St8sia2,9
ExcitatoryNeuronsCA1_24hrvs1hr_SAL,Stmn1,1
ExcitatoryNeuronsCA1_24hrvs1hr_SAL,Syn3,2
ExcitatoryNeuronsCA1_24hrvs1hr_SAL,Syndig1,8
ExcitatoryNeuronsCA1_24hrvs1hr_SAL,Syt1,5
ExcitatoryNeuronsCA1_24hrvs1hr_SAL,Tmem108,4
ExcitatoryNeuronsCA1_24hrvs1hr_SAL,Trpc4,1
ExcitatoryNeuronsCA1_24hrvs1hr_SAL,Trpc5,8
ExcitatoryNeuronsCA1_24hrvs1hr_SAL,Ttc3,6
ExcitatoryNeuronsCA1_24hrvs1hr_SAL,Tuba1a,3
ExcitatoryNeuronsCA1_24hrvs1hr_SAL,Tubb2b,4
ExcitatoryNeuronsCA1_24hrvs1hr_SAL,Tubb3,1
ExcitatoryNeuronsCA1_24hrvs1hr_SAL,Tubb5,2
ExcitatoryNeuronsCA1_24hrvs1hr_SAL,Ubb,1
ExcitatoryNeuronsCA1_24hrvs1hr_SAL,Uchl1,1
ExcitatoryNeuronsCA1_24hrvs1hr_SAL,Unc13b,4
ExcitatoryNeuronsCA1_24hrvs1hr_SAL,Unc13c,3
ExcitatoryNeuronsCA1_24hrvs1hr_SAL,Vgll4,1
ExcitatoryNeuronsCA1_24hrvs1hr_SAL,Xylt1,2
ExcitatoryNeuronsCA1_24hrvs1hr_SAL,Ywhae,2
ExcitatoryNeuronsCA1_24hrvs1hr_SAL,Ywhag,1
ExcitatoryNeuronsCA1_24hrvs1hr_SAL,Ywhah,3
ExcitatoryNeuronsCA1_24hrvs1hr_SAL,Ywhaz,2
ExcitatoryNeuronsCA1_24hrvs1hr_SAL,Zeb2,5
ExcitatoryNeuronsCA1_PTZvsSAL_1hr,Actb,5
ExcitatoryNeuronsCA1_PTZvsSAL_1hr,Actg1,3
ExcitatoryNeuronsCA1_PTZvsSAL_1hr,Adcy8,2
ExcitatoryNeuronsCA1_PTZvsSAL_1hr,Agrn,11
ExcitatoryNeuronsCA1_PTZvsSAL_1hr,Ank2,8
ExcitatoryNeuronsCA1_PTZvsSAL_1hr,Ank3,8
ExcitatoryNeuronsCA1_PTZvsSAL_1hr,Arhgap39,1
ExcitatoryNeuronsCA1_PTZvsSAL_1hr,Atxn1,3
ExcitatoryNeuronsCA1_PTZvsSAL_1hr,Bcl11a,1
ExcitatoryNeuronsCA1_PTZvsSAL_1hr,Brinp1,2
ExcitatoryNeuronsCA1_PTZvsSAL_1hr,Cacna1b,1
ExcitatoryNeuronsCA1_PTZvsSAL_1hr,Cacna1c,8
ExcitatoryNeuronsCA1_PTZvsSAL_1hr,Cacna1d,6
ExcitatoryNeuronsCA1_PTZvsSAL_1hr,Cadm1,4
ExcitatoryNeuronsCA1_PTZvsSAL_1hr,Camkv,2
ExcitatoryNeuronsCA1_PTZvsSAL_1hr,Cdh10,1
ExcitatoryNeuronsCA1_PTZvsSAL_1hr,Cdh2,9
ExcitatoryNeuronsCA1_PTZvsSAL_1hr,Celf4,1
ExcitatoryNeuronsCA1_PTZvsSAL_1hr,Chrm3,1
ExcitatoryNeuronsCA1_PTZvsSAL_1hr,Clasp2,5
ExcitatoryNeuronsCA1_PTZvsSAL_1hr,Cnksr2,1
ExcitatoryNeuronsCA1_PTZvsSAL_1hr,Dcc,3
ExcitatoryNeuronsCA1_PTZvsSAL_1hr,Dgki,3
ExcitatoryNeuronsCA1_PTZvsSAL_1hr,Dgkz,2
ExcitatoryNeuronsCA1_PTZvsSAL_1hr,Dmd,4
ExcitatoryNeuronsCA1_PTZvsSAL_1hr,Dpp6,4
ExcitatoryNeuronsCA1_PTZvsSAL_1hr,Efr3a,2
ExcitatoryNeuronsCA1_PTZvsSAL_1hr,Epha5,4
ExcitatoryNeuronsCA1_PTZvsSAL_1hr,Epha6,3
ExcitatoryNeuronsCA1_PTZvsSAL_1hr,Epha7,9
ExcitatoryNeuronsCA1_PTZvsSAL_1hr,Fmn1,2
ExcitatoryNeuronsCA1_PTZvsSAL_1hr,Frmpd4,3
ExcitatoryNeuronsCA1_PTZvsSAL_1hr,Gap43,7
ExcitatoryNeuronsCA1_PTZvsSAL_1hr,Grm7,2
ExcitatoryNeuronsCA1_PTZvsSAL_1hr,Homer1,3
ExcitatoryNeuronsCA1_PTZvsSAL_1hr,Itga8,2
ExcitatoryNeuronsCA1_PTZvsSAL_1hr,Kcnd2,4
ExcitatoryNeuronsCA1_PTZvsSAL_1hr,Kcnh7,2
ExcitatoryNeuronsCA1_PTZvsSAL_1hr,Kcnip4,2
ExcitatoryNeuronsCA1_PTZvsSAL_1hr,Kcnk2,1
ExcitatoryNeuronsCA1_PTZvsSAL_1hr,Kcnn2,6
ExcitatoryNeuronsCA1_PTZvsSAL_1hr,Kirrel3,2
ExcitatoryNeuronsCA1_PTZvsSAL_1hr,Lingo2,5
ExcitatoryNeuronsCA1_PTZvsSAL_1hr,Macf1,5
ExcitatoryNeuronsCA1_PTZvsSAL_1hr,Malat1,2
ExcitatoryNeuronsCA1_PTZvsSAL_1hr,Map7,2
ExcitatoryNeuronsCA1_PTZvsSAL_1hr,Mapt,6
ExcitatoryNeuronsCA1_PTZvsSAL_1hr,Matn2,3
ExcitatoryNeuronsCA1_PTZvsSAL_1hr,Ncam1,5
ExcitatoryNeuronsCA1_PTZvsSAL_1hr,Negr1,5
ExcitatoryNeuronsCA1_PTZvsSAL_1hr,Neo1,3
ExcitatoryNeuronsCA1_PTZvsSAL_1hr,Nfib,3
ExcitatoryNeuronsCA1_PTZvsSAL_1hr,Nfix,3
ExcitatoryNeuronsCA1_PTZvsSAL_1hr,Nrxn2,6
ExcitatoryNeuronsCA1_PTZvsSAL_1hr,Nrxn3,7
ExcitatoryNeuronsCA1_PTZvsSAL_1hr,Parp1,1
ExcitatoryNeuronsCA1_PTZvsSAL_1hr,Pde4d,4
ExcitatoryNeuronsCA1_PTZvsSAL_1hr,Pex5l,1
ExcitatoryNeuronsCA1_PTZvsSAL_1hr,Pid1,3
ExcitatoryNeuronsCA1_PTZvsSAL_1hr,Pkp2,10
ExcitatoryNeuronsCA1_PTZvsSAL_1hr,Prepl,2
ExcitatoryNeuronsCA1_PTZvsSAL_1hr,Prrt1,2
ExcitatoryNeuronsCA1_PTZvsSAL_1hr,Ptprs,8
ExcitatoryNeuronsCA1_PTZvsSAL_1hr,Rgs7bp,1
ExcitatoryNeuronsCA1_PTZvsSAL_1hr,Robo1,8
ExcitatoryNeuronsCA1_PTZvsSAL_1hr,Robo2,3
ExcitatoryNeuronsCA1_PTZvsSAL_1hr,Rtl4,1
ExcitatoryNeuronsCA1_PTZvsSAL_1hr,Shc3,2
ExcitatoryNeuronsCA1_PTZvsSAL_1hr,Sorbs1,4
ExcitatoryNeuronsCA1_PTZvsSAL_1hr,Sorl1,2
ExcitatoryNeuronsCA1_PTZvsSAL_1hr,Sptbn2,4
ExcitatoryNeuronsCA1_PTZvsSAL_1hr,Stmn1,1
ExcitatoryNeuronsCA1_PTZvsSAL_1hr,Syndig1,5
ExcitatoryNeuronsCA1_PTZvsSAL_1hr,Tanc1,5
ExcitatoryNeuronsCA1_PTZvsSAL_1hr,Tenm2,3
ExcitatoryNeuronsCA1_PTZvsSAL_1hr,Trpc4,2
ExcitatoryNeuronsCA1_PTZvsSAL_1hr,Trpc5,2
ExcitatoryNeuronsCA1_PTZvsSAL_1hr,Tspan5,2
ExcitatoryNeuronsCA1_PTZvsSAL_1hr,Ttc3,1
ExcitatoryNeuronsCA1_PTZvsSAL_1hr,Tuba1a,4
ExcitatoryNeuronsCA1_PTZvsSAL_1hr,Tubb2b,3
ExcitatoryNeuronsCA1_PTZvsSAL_1hr,Tubb3,3
ExcitatoryNeuronsCA1_PTZvsSAL_1hr,Tubb5,2
ExcitatoryNeuronsCA1_PTZvsSAL_1hr,Ubb,1
ExcitatoryNeuronsCA1_PTZvsSAL_1hr,Ube3a,5
ExcitatoryNeuronsCA1_PTZvsSAL_1hr,Unc5d,3
ExcitatoryNeuronsCA1_PTZvsSAL_1hr,Vcl,3
ExcitatoryNeuronsCA1_PTZvsSAL_1hr,Vmp1,1
ExcitatoryNeuronsCA1_PTZvsSAL_24hr,Actb,1
ExcitatoryNeuronsCA1_PTZvsSAL_24hr,Actg1,1
ExcitatoryNeuronsCA1_PTZvsSAL_24hr,Atp1a3,2
ExcitatoryNeuronsCA1_PTZvsSAL_24hr,Camk2b,2
ExcitatoryNeuronsCA1_PTZvsSAL_24hr,Camkv,2
ExcitatoryNeuronsCA1_PTZvsSAL_24hr,Celf2,10
ExcitatoryNeuronsCA1_PTZvsSAL_24hr,Celf5,10
ExcitatoryNeuronsCA1_PTZvsSAL_24hr,Cwc22,5
ExcitatoryNeuronsCA1_PTZvsSAL_24hr,Ddx5,10
ExcitatoryNeuronsCA1_PTZvsSAL_24hr,Dvl1,5
ExcitatoryNeuronsCA1_PTZvsSAL_24hr,Gria2,2
ExcitatoryNeuronsCA1_PTZvsSAL_24hr,Grin1,6
ExcitatoryNeuronsCA1_PTZvsSAL_24hr,Grin2a,3
ExcitatoryNeuronsCA1_PTZvsSAL_24hr,Hsp90aa1,2
ExcitatoryNeuronsCA1_PTZvsSAL_24hr,Hsp90ab1,2
ExcitatoryNeuronsCA1_PTZvsSAL_24hr,Hspa8,11
ExcitatoryNeuronsCA1_PTZvsSAL_24hr,L1cam,2
ExcitatoryNeuronsCA1_PTZvsSAL_24hr,Malat1,12
ExcitatoryNeuronsCA1_PTZvsSAL_24hr,Ntng1,1
ExcitatoryNeuronsCA1_PTZvsSAL_24hr,Pabpc1,3
ExcitatoryNeuronsCA1_PTZvsSAL_24hr,Ptprs,4
ExcitatoryNeuronsCA1_PTZvsSAL_24hr,Rsrc1,6
ExcitatoryNeuronsCA1_PTZvsSAL_24hr,Safb,3
ExcitatoryNeuronsCA1_PTZvsSAL_24hr,Sema3c,2
ExcitatoryNeuronsCA1_PTZvsSAL_24hr,Slc17a7,1
ExcitatoryNeuronsCA1_PTZvsSAL_24hr,Snrnp70,9
ExcitatoryNeuronsCA1_PTZvsSAL_24hr,Son,9
ExcitatoryNeuronsCA1_PTZvsSAL_24hr,Srrm2,5
ExcitatoryNeuronsCA1_PTZvsSAL_24hr,Tuba1a,3
ExcitatoryNeuronsCA1_PTZvsSAL_24hr,Tubb2b,1
ExcitatoryNeuronsCA1_PTZvsSAL_24hr,Tubb5,2
ExcitatoryNeuronsCA3_24hrvs1hr_PTZ,Actb,8
ExcitatoryNeuronsCA3_24hrvs1hr_PTZ,Actg1,5
ExcitatoryNeuronsCA3_24hrvs1hr_PTZ,Ahi1,2
ExcitatoryNeuronsCA3_24hrvs1hr_PTZ,Akt3,1
ExcitatoryNeuronsCA3_24hrvs1hr_PTZ,Amph,4
ExcitatoryNeuronsCA3_24hrvs1hr_PTZ,Ankrd13d,1
ExcitatoryNeuronsCA3_24hrvs1hr_PTZ,Atp1b1,4
ExcitatoryNeuronsCA3_24hrvs1hr_PTZ,Atp2a2,4
ExcitatoryNeuronsCA3_24hrvs1hr_PTZ,Atp2b1,1
ExcitatoryNeuronsCA3_24hrvs1hr_PTZ,Atp6v1a,2
ExcitatoryNeuronsCA3_24hrvs1hr_PTZ,Cacna1b,3
ExcitatoryNeuronsCA3_24hrvs1hr_PTZ,Cacna1d,4
ExcitatoryNeuronsCA3_24hrvs1hr_PTZ,Calm1,4
ExcitatoryNeuronsCA3_24hrvs1hr_PTZ,Calm2,4
ExcitatoryNeuronsCA3_24hrvs1hr_PTZ,Calm3,4
ExcitatoryNeuronsCA3_24hrvs1hr_PTZ,Cfl1,9
ExcitatoryNeuronsCA3_24hrvs1hr_PTZ,Chl1,1
ExcitatoryNeuronsCA3_24hrvs1hr_PTZ,Clk1,1
ExcitatoryNeuronsCA3_24hrvs1hr_PTZ,Cltc,3
ExcitatoryNeuronsCA3_24hrvs1hr_PTZ,Cnksr2,1
ExcitatoryNeuronsCA3_24hrvs1hr_PTZ,Cwc22,3
ExcitatoryNeuronsCA3_24hrvs1hr_PTZ,Ddx5,4
ExcitatoryNeuronsCA3_24hrvs1hr_PTZ,Dmd,5
ExcitatoryNeuronsCA3_24hrvs1hr_PTZ,Dnm1,4
ExcitatoryNeuronsCA3_24hrvs1hr_PTZ,Dynlt1a,1
ExcitatoryNeuronsCA3_24hrvs1hr_PTZ,Enc1,1
ExcitatoryNeuronsCA3_24hrvs1hr_PTZ,Epha6,1
ExcitatoryNeuronsCA3_24hrvs1hr_PTZ,Fgf14,7
ExcitatoryNeuronsCA3_24hrvs1hr_PTZ,Fhl1,4
ExcitatoryNeuronsCA3_24hrvs1hr_PTZ,Gphn,1
ExcitatoryNeuronsCA3_24hrvs1hr_PTZ,Gpm6a,3
ExcitatoryNeuronsCA3_24hrvs1hr_PTZ,Homer1,8
ExcitatoryNeuronsCA3_24hrvs1hr_PTZ,Hpca,5
ExcitatoryNeuronsCA3_24hrvs1hr_PTZ,Hsp90aa1,2
ExcitatoryNeuronsCA3_24hrvs1hr_PTZ,Hsp90ab1,1
ExcitatoryNeuronsCA3_24hrvs1hr_PTZ,Hspa8,7
ExcitatoryNeuronsCA3_24hrvs1hr_PTZ,Ifrd1,1
ExcitatoryNeuronsCA3_24hrvs1hr_PTZ,Khdrbs3,4
ExcitatoryNeuronsCA3_24hrvs1hr_PTZ,Lmo4,1
ExcitatoryNeuronsCA3_24hrvs1hr_PTZ,Lrp1,3
ExcitatoryNeuronsCA3_24hrvs1hr_PTZ,Magi2,7
ExcitatoryNeuronsCA3_24hrvs1hr_PTZ,Malat1,6
ExcitatoryNeuronsCA3_24hrvs1hr_PTZ,Mctp1,2
ExcitatoryNeuronsCA3_24hrvs1hr_PTZ,Mib1,1
ExcitatoryNeuronsCA3_24hrvs1hr_PTZ,Mkln1,1
ExcitatoryNeuronsCA3_24hrvs1hr_PTZ,Nckap1,1
ExcitatoryNeuronsCA3_24hrvs1hr_PTZ,Ndfip1,1
ExcitatoryNeuronsCA3_24hrvs1hr_PTZ,Nefl,4
ExcitatoryNeuronsCA3_24hrvs1hr_PTZ,Nlgn1,14
ExcitatoryNeuronsCA3_24hrvs1hr_PTZ,Nptx1,2
ExcitatoryNeuronsCA3_24hrvs1hr_PTZ,Nrg1,5
ExcitatoryNeuronsCA3_24hrvs1hr_PTZ,Nrxn1,10
ExcitatoryNeuronsCA3_24hrvs1hr_PTZ,Ntng2,4
ExcitatoryNeuronsCA3_24hrvs1hr_PTZ,Oga,1
ExcitatoryNeuronsCA3_24hrvs1hr_PTZ,Olfm1,1
ExcitatoryNeuronsCA3_24hrvs1hr_PTZ,Pacsin1,5
ExcitatoryNeuronsCA3_24hrvs1hr_PTZ,Pkp2,1
ExcitatoryNeuronsCA3_24hrvs1hr_PTZ,Plxna1,2
ExcitatoryNeuronsCA3_24hrvs1hr_PTZ,Ppfia2,7
ExcitatoryNeuronsCA3_24hrvs1hr_PTZ,Prkcg,5
ExcitatoryNeuronsCA3_24hrvs1hr_PTZ,Prpf4b,3
ExcitatoryNeuronsCA3_24hrvs1hr_PTZ,Prrt1,3
ExcitatoryNeuronsCA3_24hrvs1hr_PTZ,Ptbp2,4
ExcitatoryNeuronsCA3_24hrvs1hr_PTZ,Rab3a,7
ExcitatoryNeuronsCA3_24hrvs1hr_PTZ,Rims2,5
ExcitatoryNeuronsCA3_24hrvs1hr_PTZ,Rufy3,2
ExcitatoryNeuronsCA3_24hrvs1hr_PTZ,Slc25a4,2
ExcitatoryNeuronsCA3_24hrvs1hr_PTZ,Snrnp70,4
ExcitatoryNeuronsCA3_24hrvs1hr_PTZ,Son,4
ExcitatoryNeuronsCA3_24hrvs1hr_PTZ,Srrm2,3
ExcitatoryNeuronsCA3_24hrvs1hr_PTZ,Srrm4,4
ExcitatoryNeuronsCA3_24hrvs1hr_PTZ,Srsf5,4
ExcitatoryNeuronsCA3_24hrvs1hr_PTZ,Stmn2,1
ExcitatoryNeuronsCA3_24hrvs1hr_PTZ,Stxbp5l,4
ExcitatoryNeuronsCA3_24hrvs1hr_PTZ,Supt20,1
ExcitatoryNeuronsCA3_24hrvs1hr_PTZ,Taco1,3
ExcitatoryNeuronsCA3_24hrvs1hr_PTZ,Tanc1,4
ExcitatoryNeuronsCA3_24hrvs1hr_PTZ,Tra2a,4
ExcitatoryNeuronsCA3_24hrvs1hr_PTZ,Trim46,1
ExcitatoryNeuronsCA3_24hrvs1hr_PTZ,Tuba1a,2
ExcitatoryNeuronsCA3_24hrvs1hr_PTZ,Tubb2b,2
ExcitatoryNeuronsCA3_24hrvs1hr_PTZ,Ube3a,3
ExcitatoryNeuronsCA3_24hrvs1hr_PTZ,Uchl1,1
ExcitatoryNeuronsCA3_24hrvs1hr_PTZ,Unc5c,1
ExcitatoryNeuronsCA3_24hrvs1hr_PTZ,Usp4,3
ExcitatoryNeuronsCA3_24hrvs1hr_PTZ,Wasl,5
ExcitatoryNeuronsCA3_24hrvs1hr_PTZ,Ywhah,3
ExcitatoryNeuronsCA3_24hrvs1hr_PTZ,Ywhaz,2
ExcitatoryNeuronsCA3_24hrvs1hr_PTZ,Zeb2,2
ExcitatoryNeuronsCA3_24hrvs1hr_SAL,Actb,2
ExcitatoryNeuronsCA3_24hrvs1hr_SAL,Actg1,2
ExcitatoryNeuronsCA3_24hrvs1hr_SAL,Ahi1,1
ExcitatoryNeuronsCA3_24hrvs1hr_SAL,Airn,1
ExcitatoryNeuronsCA3_24hrvs1hr_SAL,Akt3,1
ExcitatoryNeuronsCA3_24hrvs1hr_SAL,Ankrd27,1
ExcitatoryNeuronsCA3_24hrvs1hr_SAL,Apbb2,1
ExcitatoryNeuronsCA3_24hrvs1hr_SAL,Aplp1,1
ExcitatoryNeuronsCA3_24hrvs1hr_SAL,Bcl11a,7
ExcitatoryNeuronsCA3_24hrvs1hr_SAL,Cfl1,4
ExcitatoryNeuronsCA3_24hrvs1hr_SAL,Dynll1,1
ExcitatoryNeuronsCA3_24hrvs1hr_SAL,Dynlt1a,1
ExcitatoryNeuronsCA3_24hrvs1hr_SAL,Enc1,1
ExcitatoryNeuronsCA3_24hrvs1hr_SAL,Gdi1,8
ExcitatoryNeuronsCA3_24hrvs1hr_SAL,Gnas,1
ExcitatoryNeuronsCA3_24hrvs1hr_SAL,Hnrnpk,5
ExcitatoryNeuronsCA3_24hrvs1hr_SAL,Hsp90aa1,9
ExcitatoryNeuronsCA3_24hrvs1hr_SAL,Hsp90ab1,7
ExcitatoryNeuronsCA3_24hrvs1hr_SAL,Kctd17,1
ExcitatoryNeuronsCA3_24hrvs1hr_SAL,Lgi1,4
ExcitatoryNeuronsCA3_24hrvs1hr_SAL,Meg3,1
ExcitatoryNeuronsCA3_24hrvs1hr_SAL,Mt3,7
ExcitatoryNeuronsCA3_24hrvs1hr_SAL,Nbea,2
ExcitatoryNeuronsCA3_24hrvs1hr_SAL,Ndn,7
ExcitatoryNeuronsCA3_24hrvs1hr_SAL,Ndrg4,1
ExcitatoryNeuronsCA3_24hrvs1hr_SAL,Nefl,2
ExcitatoryNeuronsCA3_24hrvs1hr_SAL,Nptxr,2
ExcitatoryNeuronsCA3_24hrvs1hr_SAL,Nsg1,2
ExcitatoryNeuronsCA3_24hrvs1hr_SAL,Pacsin1,2
ExcitatoryNeuronsCA3_24hrvs1hr_SAL,Ptprs,7
ExcitatoryNeuronsCA3_24hrvs1hr_SAL,Rab3a,1
ExcitatoryNeuronsCA3_24hrvs1hr_SAL,Rapgef4,2
ExcitatoryNeuronsCA3_24hrvs1hr_SAL,Rufy3,8
ExcitatoryNeuronsCA3_24hrvs1hr_SAL,Slc25a4,2
ExcitatoryNeuronsCA3_24hrvs1hr_SAL,Slit3,6
ExcitatoryNeuronsCA3_24hrvs1hr_SAL,Stmn1,1
ExcitatoryNeuronsCA3_24hrvs1hr_SAL,Syt4,4
ExcitatoryNeuronsCA3_24hrvs1hr_SAL,Tmem108,4
ExcitatoryNeuronsCA3_24hrvs1hr_SAL,Ttc3,7
ExcitatoryNeuronsCA3_24hrvs1hr_SAL,Tubb2b,2
ExcitatoryNeuronsCA3_24hrvs1hr_SAL,Tubb3,1
ExcitatoryNeuronsCA3_24hrvs1hr_SAL,Uchl1,1
ExcitatoryNeuronsCA3_24hrvs1hr_SAL,Vamp2,2
ExcitatoryNeuronsCA3_24hrvs1hr_SAL,Ywhae,1
ExcitatoryNeuronsCA3_PTZvsSAL_1hr,Actb,3
ExcitatoryNeuronsCA3_PTZvsSAL_1hr,Cadm2,1
ExcitatoryNeuronsCA3_PTZvsSAL_1hr,Clstn2,4
ExcitatoryNeuronsCA3_PTZvsSAL_1hr,Cntn5,3
ExcitatoryNeuronsCA3_PTZvsSAL_1hr,Cwc22,4
ExcitatoryNeuronsCA3_PTZvsSAL_1hr,Ddx5,6
ExcitatoryNeuronsCA3_PTZvsSAL_1hr,Epha6,1
ExcitatoryNeuronsCA3_PTZvsSAL_1hr,Epha7,5
ExcitatoryNeuronsCA3_PTZvsSAL_1hr,Gria2,2
ExcitatoryNeuronsCA3_PTZvsSAL_1hr,Grik2,2
ExcitatoryNeuronsCA3_PTZvsSAL_1hr,Grik4,1
ExcitatoryNeuronsCA3_PTZvsSAL_1hr,Grin2a,4
ExcitatoryNeuronsCA3_PTZvsSAL_1hr,Grm1,2
ExcitatoryNeuronsCA3_PTZvsSAL_1hr,Homer1,6
ExcitatoryNeuronsCA3_PTZvsSAL_1hr,Ifrd1,1
ExcitatoryNeuronsCA3_PTZvsSAL_1hr,Magi2,6
ExcitatoryNeuronsCA3_PTZvsSAL_1hr,Malat1,8
ExcitatoryNeuronsCA3_PTZvsSAL_1hr,Nlgn1,8
ExcitatoryNeuronsCA3_PTZvsSAL_1hr,Nptx1,4
ExcitatoryNeuronsCA3_PTZvsSAL_1hr,Nr4a3,1
ExcitatoryNeuronsCA3_PTZvsSAL_1hr,Pabpn1,2
ExcitatoryNeuronsCA3_PTZvsSAL_1hr,Prpf4b,4
ExcitatoryNeuronsCA3_PTZvsSAL_1hr,Ptprs,6
ExcitatoryNeuronsCA3_PTZvsSAL_1hr,Rbfox1,6
ExcitatoryNeuronsCA3_PTZvsSAL_1hr,Robo2,2
ExcitatoryNeuronsCA3_PTZvsSAL_1hr,Rsrp1,4
ExcitatoryNeuronsCA3_PTZvsSAL_1hr,Slit1,1
ExcitatoryNeuronsCA3_PTZvsSAL_1hr,Snrnp70,6
ExcitatoryNeuronsCA3_PTZvsSAL_1hr,Son,6
ExcitatoryNeuronsCA3_PTZvsSAL_1hr,Srsf2,6
ExcitatoryNeuronsCA3_PTZvsSAL_1hr,Tuba1a,2
ExcitatoryNeuronsCA3_PTZvsSAL_1hr,Tubb5,2
ExcitatoryNeuronsCA3_PTZvsSAL_24hr,Cwc22,5
ExcitatoryNeuronsCA3_PTZvsSAL_24hr,Ddx5,5
ExcitatoryNeuronsCA3_PTZvsSAL_24hr,Hspa8,5
ExcitatoryNeuronsCA3_PTZvsSAL_24hr,Pabpc1,2
ExcitatoryNeuronsCA3_PTZvsSAL_24hr,Srrm2,5
ExcitatoryNeuronsImmatureDG_24hrvs1hr_PTZ,Actg1,1
ExcitatoryNeuronsImmatureDG_24hrvs1hr_PTZ,Chl1,1
ExcitatoryNeuronsImmatureDG_24hrvs1hr_PTZ,Mef2c,1
ExcitatoryNeuronsImmatureDG_24hrvs1hr_PTZ,Rufy3,1
ExcitatoryNeuronsImmatureDG_24hrvs1hr_PTZ,Tubb2b,1
ExcitatoryNeuronsImmatureDG_24hrvs1hr_PTZ,Zeb2,1
ExcitatoryNeuronsImmatureDG_24hrvs1hr_SAL,Asic2,2
ExcitatoryNeuronsImmatureDG_24hrvs1hr_SAL,Frmpd4,2
ExcitatoryNeuronsImmatureDG_24hrvs1hr_SAL,Gpr158,2
ExcitatoryNeuronsImmatureDG_24hrvs1hr_SAL,Grid2,2
ExcitatoryNeuronsImmatureDG_24hrvs1hr_SAL,Malat1,2
ExcitatoryNeuronsImmatureDG_24hrvs1hr_SAL,Tuba1a,2
ExcitatoryNeuronsMatureDG_24hrvs1hr_PTZ,Abhd12,1
ExcitatoryNeuronsMatureDG_24hrvs1hr_PTZ,Ablim1,1
ExcitatoryNeuronsMatureDG_24hrvs1hr_PTZ,Actr3,9
ExcitatoryNeuronsMatureDG_24hrvs1hr_PTZ,Adcy1,4
ExcitatoryNeuronsMatureDG_24hrvs1hr_PTZ,Adgrb1,7
ExcitatoryNeuronsMatureDG_24hrvs1hr_PTZ,Adgrb2,5
ExcitatoryNeuronsMatureDG_24hrvs1hr_PTZ,Akt3,1
ExcitatoryNeuronsMatureDG_24hrvs1hr_PTZ,Alcam,2
ExcitatoryNeuronsMatureDG_24hrvs1hr_PTZ,Ank3,8
ExcitatoryNeuronsMatureDG_24hrvs1hr_PTZ,Apba1,1
ExcitatoryNeuronsMatureDG_24hrvs1hr_PTZ,Apba2,1
ExcitatoryNeuronsMatureDG_24hrvs1hr_PTZ,Apc,1
ExcitatoryNeuronsMatureDG_24hrvs1hr_PTZ,Aplp1,1
ExcitatoryNeuronsMatureDG_24hrvs1hr_PTZ,Arhgap39,1
ExcitatoryNeuronsMatureDG_24hrvs1hr_PTZ,Asic2,10
ExcitatoryNeuronsMatureDG_24hrvs1hr_PTZ,Atl1,1
ExcitatoryNeuronsMatureDG_24hrvs1hr_PTZ,Atp1a1,2
ExcitatoryNeuronsMatureDG_24hrvs1hr_PTZ,Atp1a3,4
ExcitatoryNeuronsMatureDG_24hrvs1hr_PTZ,Atp1b1,7
ExcitatoryNeuronsMatureDG_24hrvs1hr_PTZ,Atp2a2,1
ExcitatoryNeuronsMatureDG_24hrvs1hr_PTZ,Atp2b2,3
ExcitatoryNeuronsMatureDG_24hrvs1hr_PTZ,Bhlhb9,8
ExcitatoryNeuronsMatureDG_24hrvs1hr_PTZ,Brinp1,2
ExcitatoryNeuronsMatureDG_24hrvs1hr_PTZ,Bsn,2
ExcitatoryNeuronsMatureDG_24hrvs1hr_PTZ,Btbd9,3
ExcitatoryNeuronsMatureDG_24hrvs1hr_PTZ,C1ql3,6
ExcitatoryNeuronsMatureDG_24hrvs1hr_PTZ,Cacna1a,10
ExcitatoryNeuronsMatureDG_24hrvs1hr_PTZ,Cacna1b,3
ExcitatoryNeuronsMatureDG_24hrvs1hr_PTZ,Cacna1c,6
ExcitatoryNeuronsMatureDG_24hrvs1hr_PTZ,Cacna1d,6
ExcitatoryNeuronsMatureDG_24hrvs1hr_PTZ,Cacna1e,4
ExcitatoryNeuronsMatureDG_24hrvs1hr_PTZ,Cacna2d1,6
ExcitatoryNeuronsMatureDG_24hrvs1hr_PTZ,Cacnb2,7
ExcitatoryNeuronsMatureDG_24hrvs1hr_PTZ,Cadm1,5
ExcitatoryNeuronsMatureDG_24hrvs1hr_PTZ,Calm1,6
ExcitatoryNeuronsMatureDG_24hrvs1hr_PTZ,Calm2,5
ExcitatoryNeuronsMatureDG_24hrvs1hr_PTZ,Camk4,2
ExcitatoryNeuronsMatureDG_24hrvs1hr_PTZ,Ccdc88a,1
ExcitatoryNeuronsMatureDG_24hrvs1hr_PTZ,Cdh10,2
ExcitatoryNeuronsMatureDG_24hrvs1hr_PTZ,Cdh11,3
ExcitatoryNeuronsMatureDG_24hrvs1hr_PTZ,Cdh12,2
ExcitatoryNeuronsMatureDG_24hrvs1hr_PTZ,Cdh13,2
ExcitatoryNeuronsMatureDG_24hrvs1hr_PTZ,Cdh2,8
ExcitatoryNeuronsMatureDG_24hrvs1hr_PTZ,Celf4,1
ExcitatoryNeuronsMatureDG_24hrvs1hr_PTZ,Cemip,2
ExcitatoryNeuronsMatureDG_24hrvs1hr_PTZ,Chrm3,3
ExcitatoryNeuronsMatureDG_24hrvs1hr_PTZ,Clasp2,4
ExcitatoryNeuronsMatureDG_24hrvs1hr_PTZ,Cltc,1
ExcitatoryNeuronsMatureDG_24hrvs1hr_PTZ,Cnih3,5
ExcitatoryNeuronsMatureDG_24hrvs1hr_PTZ,Cnksr2,1
ExcitatoryNeuronsMatureDG_24hrvs1hr_PTZ,Cntn5,4
ExcitatoryNeuronsMatureDG_24hrvs1hr_PTZ,Cntnap2,8
ExcitatoryNeuronsMatureDG_24hrvs1hr_PTZ,Cpeb1,1
ExcitatoryNeuronsMatureDG_24hrvs1hr_PTZ,Cpne6,2
ExcitatoryNeuronsMatureDG_24hrvs1hr_PTZ,Csmd1,2
ExcitatoryNeuronsMatureDG_24hrvs1hr_PTZ,Ctnna2,3
ExcitatoryNeuronsMatureDG_24hrvs1hr_PTZ,Ctnnd2,5
ExcitatoryNeuronsMatureDG_24hrvs1hr_PTZ,Cttnbp2,2
ExcitatoryNeuronsMatureDG_24hrvs1hr_PTZ,Cyfip2,2
ExcitatoryNeuronsMatureDG_24hrvs1hr_PTZ,Cyp7b1,2
ExcitatoryNeuronsMatureDG_24hrvs1hr_PTZ,Dab1,3
ExcitatoryNeuronsMatureDG_24hrvs1hr_PTZ,Dapk1,3
ExcitatoryNeuronsMatureDG_24hrvs1hr_PTZ,Dcc,1
ExcitatoryNeuronsMatureDG_24hrvs1hr_PTZ,Dlg1,8
ExcitatoryNeuronsMatureDG_24hrvs1hr_PTZ,Dlg2,2
ExcitatoryNeuronsMatureDG_24hrvs1hr_PTZ,Dnm3,5
ExcitatoryNeuronsMatureDG_24hrvs1hr_PTZ,Dock10,1
ExcitatoryNeuronsMatureDG_24hrvs1hr_PTZ,Dpp10,3
ExcitatoryNeuronsMatureDG_24hrvs1hr_PTZ,Dpp6,4
ExcitatoryNeuronsMatureDG_24hrvs1hr_PTZ,Dpysl5,1
ExcitatoryNeuronsMatureDG_24hrvs1hr_PTZ,Dscam,4
ExcitatoryNeuronsMatureDG_24hrvs1hr_PTZ,Dscaml1,2
ExcitatoryNeuronsMatureDG_24hrvs1hr_PTZ,Efr3a,1
ExcitatoryNeuronsMatureDG_24hrvs1hr_PTZ,Epha4,6
ExcitatoryNeuronsMatureDG_24hrvs1hr_PTZ,Ephb2,15
ExcitatoryNeuronsMatureDG_24hrvs1hr_PTZ,Eps8,1
ExcitatoryNeuronsMatureDG_24hrvs1hr_PTZ,Erc2,1
ExcitatoryNeuronsMatureDG_24hrvs1hr_PTZ,Fat3,1
ExcitatoryNeuronsMatureDG_24hrvs1hr_PTZ,Fgf12,7
ExcitatoryNeuronsMatureDG_24hrvs1hr_PTZ,Fgf13,13
ExcitatoryNeuronsMatureDG_24hrvs1hr_PTZ,Fgf14,8
ExcitatoryNeuronsMatureDG_24hrvs1hr_PTZ,Frrs1l,1
ExcitatoryNeuronsMatureDG_24hrvs1hr_PTZ,Gabra4,1
ExcitatoryNeuronsMatureDG_24hrvs1hr_PTZ,Gabrg3,1
ExcitatoryNeuronsMatureDG_24hrvs1hr_PTZ,Glrb,3
ExcitatoryNeuronsMatureDG_24hrvs1hr_PTZ,Gnaq,2
ExcitatoryNeuronsMatureDG_24hrvs1hr_PTZ,Gpm6a,4
ExcitatoryNeuronsMatureDG_24hrvs1hr_PTZ,Gpr158,4
ExcitatoryNeuronsMatureDG_24hrvs1hr_PTZ,Grid1,3
ExcitatoryNeuronsMatureDG_24hrvs1hr_PTZ,Grid2,9
ExcitatoryNeuronsMatureDG_24hrvs1hr_PTZ,Grik2,2
ExcitatoryNeuronsMatureDG_24hrvs1hr_PTZ,Grin2a,11
ExcitatoryNeuronsMatureDG_24hrvs1hr_PTZ,Grin2b,7
ExcitatoryNeuronsMatureDG_24hrvs1hr_PTZ,Grip1,7
ExcitatoryNeuronsMatureDG_24hrvs1hr_PTZ,Grm1,1
ExcitatoryNeuronsMatureDG_24hrvs1hr_PTZ,Grm5,8
ExcitatoryNeuronsMatureDG_24hrvs1hr_PTZ,Grm7,2
ExcitatoryNeuronsMatureDG_24hrvs1hr_PTZ,Gsk3b,10
ExcitatoryNeuronsMatureDG_24hrvs1hr_PTZ,Hcn1,5
ExcitatoryNeuronsMatureDG_24hrvs1hr_PTZ,Hectd1,1
ExcitatoryNeuronsMatureDG_24hrvs1hr_PTZ,Hecw1,5
ExcitatoryNeuronsMatureDG_24hrvs1hr_PTZ,Hnrnpm,3
ExcitatoryNeuronsMatureDG_24hrvs1hr_PTZ,Hsp90aa1,2
ExcitatoryNeuronsMatureDG_24hrvs1hr_PTZ,Icam5,5
ExcitatoryNeuronsMatureDG_24hrvs1hr_PTZ,Il1rap,7
ExcitatoryNeuronsMatureDG_24hrvs1hr_PTZ,Il1rapl1,7
ExcitatoryNeuronsMatureDG_24hrvs1hr_PTZ,Il1rapl2,5
ExcitatoryNeuronsMatureDG_24hrvs1hr_PTZ,Impact,1
ExcitatoryNeuronsMatureDG_24hrvs1hr_PTZ,Itga8,2
ExcitatoryNeuronsMatureDG_24hrvs1hr_PTZ,Jph4,4
ExcitatoryNeuronsMatureDG_24hrvs1hr_PTZ,Kalrn,8
ExcitatoryNeuronsMatureDG_24hrvs1hr_PTZ,Kcnb2,2
ExcitatoryNeuronsMatureDG_24hrvs1hr_PTZ,Kcnd2,3
ExcitatoryNeuronsMatureDG_24hrvs1hr_PTZ,Kcnd3,2
ExcitatoryNeuronsMatureDG_24hrvs1hr_PTZ,Kcnh7,2
ExcitatoryNeuronsMatureDG_24hrvs1hr_PTZ,Kcnip4,3
ExcitatoryNeuronsMatureDG_24hrvs1hr_PTZ,Kcnj3,1
ExcitatoryNeuronsMatureDG_24hrvs1hr_PTZ,Kcnn2,4
ExcitatoryNeuronsMatureDG_24hrvs1hr_PTZ,Kif1b,1
ExcitatoryNeuronsMatureDG_24hrvs1hr_PTZ,Kif26b,1
ExcitatoryNeuronsMatureDG_24hrvs1hr_PTZ,L1cam,3
ExcitatoryNeuronsMatureDG_24hrvs1hr_PTZ,Large1,7
ExcitatoryNeuronsMatureDG_24hrvs1hr_PTZ,Lin7a,1
ExcitatoryNeuronsMatureDG_24hrvs1hr_PTZ,Lingo2,5
ExcitatoryNeuronsMatureDG_24hrvs1hr_PTZ,Lnpep,1
ExcitatoryNeuronsMatureDG_24hrvs1hr_PTZ,Lrfn5,6
ExcitatoryNeuronsMatureDG_24hrvs1hr_PTZ,Lrp6,2
ExcitatoryNeuronsMatureDG_24hrvs1hr_PTZ,Lrrc7,1
ExcitatoryNeuronsMatureDG_24hrvs1hr_PTZ,Lrrtm4,6
ExcitatoryNeuronsMatureDG_24hrvs1hr_PTZ,Lsamp,1
ExcitatoryNeuronsMatureDG_24hrvs1hr_PTZ,Macf1,4
ExcitatoryNeuronsMatureDG_24hrvs1hr_PTZ,Magi2,7
ExcitatoryNeuronsMatureDG_24hrvs1hr_PTZ,Malat1,2
ExcitatoryNeuronsMatureDG_24hrvs1hr_PTZ,Map4k4,1
ExcitatoryNeuronsMatureDG_24hrvs1hr_PTZ,Map7,1
ExcitatoryNeuronsMatureDG_24hrvs1hr_PTZ,Mapk1,1
ExcitatoryNeuronsMatureDG_24hrvs1hr_PTZ,Mapt,9
ExcitatoryNeuronsMatureDG_24hrvs1hr_PTZ,Mdga2,6
ExcitatoryNeuronsMatureDG_24hrvs1hr_PTZ,Mef2c,13
ExcitatoryNeuronsMatureDG_24hrvs1hr_PTZ,Mpdz,1
ExcitatoryNeuronsMatureDG_24hrvs1hr_PTZ,Mycbp2,6
ExcitatoryNeuronsMatureDG_24hrvs1hr_PTZ,Myo5a,7
ExcitatoryNeuronsMatureDG_24hrvs1hr_PTZ,Myo5b,6
ExcitatoryNeuronsMatureDG_24hrvs1hr_PTZ,Nav2,1
ExcitatoryNeuronsMatureDG_24hrvs1hr_PTZ,Nbea,1
ExcitatoryNeuronsMatureDG_24hrvs1hr_PTZ,Ncam1,3
ExcitatoryNeuronsMatureDG_24hrvs1hr_PTZ,Ncdn,1
ExcitatoryNeuronsMatureDG_24hrvs1hr_PTZ,Nedd4l,8
ExcitatoryNeuronsMatureDG_24hrvs1hr_PTZ,Negr1,6
ExcitatoryNeuronsMatureDG_24hrvs1hr_PTZ,Neurod2,5
ExcitatoryNeuronsMatureDG_24hrvs1hr_PTZ,Nfix,4
ExcitatoryNeuronsMatureDG_24hrvs1hr_PTZ,Nkain2,1
ExcitatoryNeuronsMatureDG_24hrvs1hr_PTZ,Nkain3,1
ExcitatoryNeuronsMatureDG_24hrvs1hr_PTZ,Nos1ap,2
ExcitatoryNeuronsMatureDG_24hrvs1hr_PTZ,Nptn,7
ExcitatoryNeuronsMatureDG_24hrvs1hr_PTZ,Nptx1,5
ExcitatoryNeuronsMatureDG_24hrvs1hr_PTZ,Nptxr,4
ExcitatoryNeuronsMatureDG_24hrvs1hr_PTZ,Nr3c2,6
ExcitatoryNeuronsMatureDG_24hrvs1hr_PTZ,Nrcam,6
ExcitatoryNeuronsMatureDG_24hrvs1hr_PTZ,Nrg1,9
ExcitatoryNeuronsMatureDG_24hrvs1hr_PTZ,Nrg3,2
ExcitatoryNeuronsMatureDG_24hrvs1hr_PTZ,Nrn1,2
ExcitatoryNeuronsMatureDG_24hrvs1hr_PTZ,Nrp2,5
ExcitatoryNeuronsMatureDG_24hrvs1hr_PTZ,Nrxn1,14
ExcitatoryNeuronsMatureDG_24hrvs1hr_PTZ,Ntng1,2
ExcitatoryNeuronsMatureDG_24hrvs1hr_PTZ,Ntrk3,9
ExcitatoryNeuronsMatureDG_24hrvs1hr_PTZ,Olfm1,2
ExcitatoryNeuronsMatureDG_24hrvs1hr_PTZ,Parp1,1
ExcitatoryNeuronsMatureDG_24hrvs1hr_PTZ,Pcdh15,2
ExcitatoryNeuronsMatureDG_24hrvs1hr_PTZ,Pcdh17,3
ExcitatoryNeuronsMatureDG_24hrvs1hr_PTZ,Pcdh20,1
ExcitatoryNeuronsMatureDG_24hrvs1hr_PTZ,Pde4b,5
ExcitatoryNeuronsMatureDG_24hrvs1hr_PTZ,Pde4d,7
ExcitatoryNeuronsMatureDG_24hrvs1hr_PTZ,Pde8b,2
ExcitatoryNeuronsMatureDG_24hrvs1hr_PTZ,Pgrmc1,5
ExcitatoryNeuronsMatureDG_24hrvs1hr_PTZ,Pias1,3
ExcitatoryNeuronsMatureDG_24hrvs1hr_PTZ,Pja2,2
ExcitatoryNeuronsMatureDG_24hrvs1hr_PTZ,Plcb1,7
ExcitatoryNeuronsMatureDG_24hrvs1hr_PTZ,Plxna4,2
ExcitatoryNeuronsMatureDG_24hrvs1hr_PTZ,Ppfia2,3
ExcitatoryNeuronsMatureDG_24hrvs1hr_PTZ,Ppp3ca,3
ExcitatoryNeuronsMatureDG_24hrvs1hr_PTZ,Ppp3cb,3
ExcitatoryNeuronsMatureDG_24hrvs1hr_PTZ,Prepl,1
ExcitatoryNeuronsMatureDG_24hrvs1hr_PTZ,Prickle1,2
ExcitatoryNeuronsMatureDG_24hrvs1hr_PTZ,Prkd1,2
ExcitatoryNeuronsMatureDG_24hrvs1hr_PTZ,Prkg1,2
ExcitatoryNeuronsMatureDG_24hrvs1hr_PTZ,Prnp,12
ExcitatoryNeuronsMatureDG_24hrvs1hr_PTZ,Prrt1,6
ExcitatoryNeuronsMatureDG_24hrvs1hr_PTZ,Ptk2b,13
ExcitatoryNeuronsMatureDG_24hrvs1hr_PTZ,Ptprk,1
ExcitatoryNeuronsMatureDG_24hrvs1hr_PTZ,Ptpro,4
ExcitatoryNeuronsMatureDG_24hrvs1hr_PTZ,Ptprs,9
ExcitatoryNeuronsMatureDG_24hrvs1hr_PTZ,Ptprz1,3
ExcitatoryNeuronsMatureDG_24hrvs1hr_PTZ,Rapgef2,3
ExcitatoryNeuronsMatureDG_24hrvs1hr_PTZ,Rasgrf1,4
ExcitatoryNeuronsMatureDG_24hrvs1hr_PTZ,Rasgrf2,4
ExcitatoryNeuronsMatureDG_24hrvs1hr_PTZ,Rims1,3
ExcitatoryNeuronsMatureDG_24hrvs1hr_PTZ,Rims2,3
ExcitatoryNeuronsMatureDG_24hrvs1hr_PTZ,Robo1,8
ExcitatoryNeuronsMatureDG_24hrvs1hr_PTZ,Robo2,2
ExcitatoryNeuronsMatureDG_24hrvs1hr_PTZ,Scn3b,7
ExcitatoryNeuronsMatureDG_24hrvs1hr_PTZ,Sema3e,2
ExcitatoryNeuronsMatureDG_24hrvs1hr_PTZ,Sema4d,7
ExcitatoryNeuronsMatureDG_24hrvs1hr_PTZ,Sema6d,2
ExcitatoryNeuronsMatureDG_24hrvs1hr_PTZ,Sez6l2,1
ExcitatoryNeuronsMatureDG_24hrvs1hr_PTZ,Slc12a5,2
ExcitatoryNeuronsMatureDG_24hrvs1hr_PTZ,Slc24a2,3
ExcitatoryNeuronsMatureDG_24hrvs1hr_PTZ,Slc4a10,2
ExcitatoryNeuronsMatureDG_24hrvs1hr_PTZ,Slc4a4,1
ExcitatoryNeuronsMatureDG_24hrvs1hr_PTZ,Slc4a7,1
ExcitatoryNeuronsMatureDG_24hrvs1hr_PTZ,Slc8a1,3
ExcitatoryNeuronsMatureDG_24hrvs1hr_PTZ,Slc8a2,4
ExcitatoryNeuronsMatureDG_24hrvs1hr_PTZ,Slit1,2
ExcitatoryNeuronsMatureDG_24hrvs1hr_PTZ,Slit3,2
ExcitatoryNeuronsMatureDG_24hrvs1hr_PTZ,Snca,13
ExcitatoryNeuronsMatureDG_24hrvs1hr_PTZ,Sorbs1,3
ExcitatoryNeuronsMatureDG_24hrvs1hr_PTZ,Sorbs2,1
ExcitatoryNeuronsMatureDG_24hrvs1hr_PTZ,Sorcs2,1
ExcitatoryNeuronsMatureDG_24hrvs1hr_PTZ,Sorl1,1
ExcitatoryNeuronsMatureDG_24hrvs1hr_PTZ,Sparcl1,3
ExcitatoryNeuronsMatureDG_24hrvs1hr_PTZ,Specc1,2
ExcitatoryNeuronsMatureDG_24hrvs1hr_PTZ,Sptbn1,1
ExcitatoryNeuronsMatureDG_24hrvs1hr_PTZ,Srgap2,2
ExcitatoryNeuronsMatureDG_24hrvs1hr_PTZ,Stim2,5
ExcitatoryNeuronsMatureDG_24hrvs1hr_PTZ,Stk39,5
ExcitatoryNeuronsMatureDG_24hrvs1hr_PTZ,Synj1,2
ExcitatoryNeuronsMatureDG_24hrvs1hr_PTZ,Syt1,1
ExcitatoryNeuronsMatureDG_24hrvs1hr_PTZ,Syt11,2
ExcitatoryNeuronsMatureDG_24hrvs1hr_PTZ,Syt7,1
ExcitatoryNeuronsMatureDG_24hrvs1hr_PTZ,Tanc1,5
ExcitatoryNeuronsMatureDG_24hrvs1hr_PTZ,Tanc2,3
ExcitatoryNeuronsMatureDG_24hrvs1hr_PTZ,Tenm1,1
ExcitatoryNeuronsMatureDG_24hrvs1hr_PTZ,Tenm3,1
ExcitatoryNeuronsMatureDG_24hrvs1hr_PTZ,Tenm4,1
ExcitatoryNeuronsMatureDG_24hrvs1hr_PTZ,Trpc4,2
ExcitatoryNeuronsMatureDG_24hrvs1hr_PTZ,Trpc6,5
ExcitatoryNeuronsMatureDG_24hrvs1hr_PTZ,Tspan18,2
ExcitatoryNeuronsMatureDG_24hrvs1hr_PTZ,Tuba1a,5
ExcitatoryNeuronsMatureDG_24hrvs1hr_PTZ,Ubb,1
ExcitatoryNeuronsMatureDG_24hrvs1hr_PTZ,Uchl3,1
ExcitatoryNeuronsMatureDG_24hrvs1hr_PTZ,Unc13a,2
ExcitatoryNeuronsMatureDG_24hrvs1hr_PTZ,Unc5a,1
ExcitatoryNeuronsMatureDG_24hrvs1hr_PTZ,Unc5d,2
ExcitatoryNeuronsMatureDG_24hrvs1hr_PTZ,Ust,1
ExcitatoryNeuronsMatureDG_24hrvs1hr_PTZ,Wasf1,1
ExcitatoryNeuronsMatureDG_24hrvs1hr_PTZ,Ywhah,6
ExcitatoryNeuronsMatureDG_24hrvs1hr_PTZ,Ywhaz,2
ExcitatoryNeuronsMatureDG_24hrvs1hr_PTZ,Zeb2,2
ExcitatoryNeuronsMatureDG_24hrvs1hr_PTZ,Zfp804a,3
ExcitatoryNeuronsMatureDG_24hrvs1hr_SAL,Actb,1
ExcitatoryNeuronsMatureDG_24hrvs1hr_SAL,Actg1,1
ExcitatoryNeuronsMatureDG_24hrvs1hr_SAL,Akap13,2
ExcitatoryNeuronsMatureDG_24hrvs1hr_SAL,Akt3,1
ExcitatoryNeuronsMatureDG_24hrvs1hr_SAL,Apba1,1
ExcitatoryNeuronsMatureDG_24hrvs1hr_SAL,Apbb2,3
ExcitatoryNeuronsMatureDG_24hrvs1hr_SAL,Aplp1,1
ExcitatoryNeuronsMatureDG_24hrvs1hr_SAL,App,12
ExcitatoryNeuronsMatureDG_24hrvs1hr_SAL,Atp1a3,2
ExcitatoryNeuronsMatureDG_24hrvs1hr_SAL,Auts2,6
ExcitatoryNeuronsMatureDG_24hrvs1hr_SAL,C1ql3,2
ExcitatoryNeuronsMatureDG_24hrvs1hr_SAL,Cacna1c,3
ExcitatoryNeuronsMatureDG_24hrvs1hr_SAL,Cacna1e,1
ExcitatoryNeuronsMatureDG_24hrvs1hr_SAL,Ccnd2,3
ExcitatoryNeuronsMatureDG_24hrvs1hr_SAL,Cntn5,3
ExcitatoryNeuronsMatureDG_24hrvs1hr_SAL,Ctnna2,3
ExcitatoryNeuronsMatureDG_24hrvs1hr_SAL,Cxadr,1
ExcitatoryNeuronsMatureDG_24hrvs1hr_SAL,D130043K22Rik,14
ExcitatoryNeuronsMatureDG_24hrvs1hr_SAL,Dab1,7
ExcitatoryNeuronsMatureDG_24hrvs1hr_SAL,Dleu2,2
ExcitatoryNeuronsMatureDG_24hrvs1hr_SAL,Dnm2,11
ExcitatoryNeuronsMatureDG_24hrvs1hr_SAL,Dnm3,4
ExcitatoryNeuronsMatureDG_24hrvs1hr_SAL,Epha4,10
ExcitatoryNeuronsMatureDG_24hrvs1hr_SAL,Eps8,2
ExcitatoryNeuronsMatureDG_24hrvs1hr_SAL,Gnao1,1
ExcitatoryNeuronsMatureDG_24hrvs1hr_SAL,Gpm6a,2
ExcitatoryNeuronsMatureDG_24hrvs1hr_SAL,Grin2a,1
ExcitatoryNeuronsMatureDG_24hrvs1hr_SAL,Hsp90aa1,7
ExcitatoryNeuronsMatureDG_24hrvs1hr_SAL,Hsp90ab1,7
ExcitatoryNeuronsMatureDG_24hrvs1hr_SAL,Hspa8,2
ExcitatoryNeuronsMatureDG_24hrvs1hr_SAL,Il1rapl1,2
ExcitatoryNeuronsMatureDG_24hrvs1hr_SAL,Kif26b,1
ExcitatoryNeuronsMatureDG_24hrvs1hr_SAL,Klf7,3
ExcitatoryNeuronsMatureDG_24hrvs1hr_SAL,L1cam,13
ExcitatoryNeuronsMatureDG_24hrvs1hr_SAL,Large1,1
ExcitatoryNeuronsMatureDG_24hrvs1hr_SAL,Lgi1,4
ExcitatoryNeuronsMatureDG_24hrvs1hr_SAL,Lingo2,2
ExcitatoryNeuronsMatureDG_24hrvs1hr_SAL,Lrfn2,2
ExcitatoryNeuronsMatureDG_24hrvs1hr_SAL,Malat1,2
ExcitatoryNeuronsMatureDG_24hrvs1hr_SAL,Map2,14
ExcitatoryNeuronsMatureDG_24hrvs1hr_SAL,Mbd5,1
ExcitatoryNeuronsMatureDG_24hrvs1hr_SAL,Mycbp2,6
ExcitatoryNeuronsMatureDG_24hrvs1hr_SAL,Myo5b,13
ExcitatoryNeuronsMatureDG_24hrvs1hr_SAL,Ntf3,3
ExcitatoryNeuronsMatureDG_24hrvs1hr_SAL,Ntm,2
ExcitatoryNeuronsMatureDG_24hrvs1hr_SAL,Oxr1,2
ExcitatoryNeuronsMatureDG_24hrvs1hr_SAL,Pcdh15,2
ExcitatoryNeuronsMatureDG_24hrvs1hr_SAL,Plppr4,1
ExcitatoryNeuronsMatureDG_24hrvs1hr_SAL,Plxna2,4
ExcitatoryNeuronsMatureDG_24hrvs1hr_SAL,Prex2,2
ExcitatoryNeuronsMatureDG_24hrvs1hr_SAL,Ptpro,5
ExcitatoryNeuronsMatureDG_24hrvs1hr_SAL,Rap1gap2,3
ExcitatoryNeuronsMatureDG_24hrvs1hr_SAL,Raph1,6
ExcitatoryNeuronsMatureDG_24hrvs1hr_SAL,Rims2,5
ExcitatoryNeuronsMatureDG_24hrvs1hr_SAL,Robo1,10
ExcitatoryNeuronsMatureDG_24hrvs1hr_SAL,Rufy3,14
ExcitatoryNeuronsMatureDG_24hrvs1hr_SAL,Sema3c,16
ExcitatoryNeuronsMatureDG_24hrvs1hr_SAL,Sema3e,16
ExcitatoryNeuronsMatureDG_24hrvs1hr_SAL,Sema4d,18
ExcitatoryNeuronsMatureDG_24hrvs1hr_SAL,Sema5a,16
ExcitatoryNeuronsMatureDG_24hrvs1hr_SAL,Sema6d,16
ExcitatoryNeuronsMatureDG_24hrvs1hr_SAL,Shank2,4
ExcitatoryNeuronsMatureDG_24hrvs1hr_SAL,Shtn1,11
ExcitatoryNeuronsMatureDG_24hrvs1hr_SAL,Slc4a10,1
ExcitatoryNeuronsMatureDG_24hrvs1hr_SAL,Slit3,8
ExcitatoryNeuronsMatureDG_24hrvs1hr_SAL,Sparcl1,2
ExcitatoryNeuronsMatureDG_24hrvs1hr_SAL,Syt1,5
ExcitatoryNeuronsMatureDG_24hrvs1hr_SAL,Tgfbr1,2
ExcitatoryNeuronsMatureDG_24hrvs1hr_SAL,Tmem108,4
ExcitatoryNeuronsMatureDG_24hrvs1hr_SAL,Ttc3,14
ExcitatoryNeuronsMatureDG_24hrvs1hr_SAL,Tuba1a,4
ExcitatoryNeuronsMatureDG_24hrvs1hr_SAL,Tubb2b,3
ExcitatoryNeuronsMatureDG_24hrvs1hr_SAL,Uba6,1
ExcitatoryNeuronsMatureDG_24hrvs1hr_SAL,Unc5d,3
ExcitatoryNeuronsMatureDG_PTZvsSAL_1hr,Actb,6
ExcitatoryNeuronsMatureDG_PTZvsSAL_1hr,Akap6,7
ExcitatoryNeuronsMatureDG_PTZvsSAL_1hr,Ank3,10
ExcitatoryNeuronsMatureDG_PTZvsSAL_1hr,App,14
ExcitatoryNeuronsMatureDG_PTZvsSAL_1hr,Arhgap39,1
ExcitatoryNeuronsMatureDG_PTZvsSAL_1hr,Asic2,8
ExcitatoryNeuronsMatureDG_PTZvsSAL_1hr,Btbd9,2
ExcitatoryNeuronsMatureDG_PTZvsSAL_1hr,Cacna1c,7
ExcitatoryNeuronsMatureDG_PTZvsSAL_1hr,Cacna2d1,8
ExcitatoryNeuronsMatureDG_PTZvsSAL_1hr,Cadm1,6
ExcitatoryNeuronsMatureDG_PTZvsSAL_1hr,Camk1d,1
ExcitatoryNeuronsMatureDG_PTZvsSAL_1hr,Ccdc88a,1
ExcitatoryNeuronsMatureDG_PTZvsSAL_1hr,Cdh11,3
ExcitatoryNeuronsMatureDG_PTZvsSAL_1hr,Cdh12,2
ExcitatoryNeuronsMatureDG_PTZvsSAL_1hr,Cdh2,8
ExcitatoryNeuronsMatureDG_PTZvsSAL_1hr,Celf4,1
ExcitatoryNeuronsMatureDG_PTZvsSAL_1hr,Chrm3,3
ExcitatoryNeuronsMatureDG_PTZvsSAL_1hr,Clasp2,3
ExcitatoryNeuronsMatureDG_PTZvsSAL_1hr,Cnih3,5
ExcitatoryNeuronsMatureDG_PTZvsSAL_1hr,Cnksr2,1
ExcitatoryNeuronsMatureDG_PTZvsSAL_1hr,Cntnap2,11
ExcitatoryNeuronsMatureDG_PTZvsSAL_1hr,Ctnna2,3
ExcitatoryNeuronsMatureDG_PTZvsSAL_1hr,Ctnnd2,5
ExcitatoryNeuronsMatureDG_PTZvsSAL_1hr,Dab1,4
ExcitatoryNeuronsMatureDG_PTZvsSAL_1hr,Dcc,1
ExcitatoryNeuronsMatureDG_PTZvsSAL_1hr,Dmd,8
ExcitatoryNeuronsMatureDG_PTZvsSAL_1hr,Dock10,2
ExcitatoryNeuronsMatureDG_PTZvsSAL_1hr,Dpp10,4
ExcitatoryNeuronsMatureDG_PTZvsSAL_1hr,Dpp6,6
ExcitatoryNeuronsMatureDG_PTZvsSAL_1hr,Frrs1l,1
ExcitatoryNeuronsMatureDG_PTZvsSAL_1hr,Gabra4,1
ExcitatoryNeuronsMatureDG_PTZvsSAL_1hr,Glrb,3
ExcitatoryNeuronsMatureDG_PTZvsSAL_1hr,Gnaq,4
ExcitatoryNeuronsMatureDG_PTZvsSAL_1hr,Grin2a,12
ExcitatoryNeuronsMatureDG_PTZvsSAL_1hr,Grip1,8
ExcitatoryNeuronsMatureDG_PTZvsSAL_1hr,Hcn1,7
ExcitatoryNeuronsMatureDG_PTZvsSAL_1hr,Hecw1,7
ExcitatoryNeuronsMatureDG_PTZvsSAL_1hr,Herc1,1
ExcitatoryNeuronsMatureDG_PTZvsSAL_1hr,Il1rap,6
ExcitatoryNeuronsMatureDG_PTZvsSAL_1hr,Itga8,2
ExcitatoryNeuronsMatureDG_PTZvsSAL_1hr,Kcnb2,2
ExcitatoryNeuronsMatureDG_PTZvsSAL_1hr,Kcnh7,3
ExcitatoryNeuronsMatureDG_PTZvsSAL_1hr,Kcnip4,4
ExcitatoryNeuronsMatureDG_PTZvsSAL_1hr,Kcnj3,1
ExcitatoryNeuronsMatureDG_PTZvsSAL_1hr,Kcnq5,1
ExcitatoryNeuronsMatureDG_PTZvsSAL_1hr,Kif1b,1
ExcitatoryNeuronsMatureDG_PTZvsSAL_1hr,Lrrtm4,3
ExcitatoryNeuronsMatureDG_PTZvsSAL_1hr,Mrtfa,1
ExcitatoryNeuronsMatureDG_PTZvsSAL_1hr,Mrtfb,1
ExcitatoryNeuronsMatureDG_PTZvsSAL_1hr,Ncam1,4
ExcitatoryNeuronsMatureDG_PTZvsSAL_1hr,Negr1,2
ExcitatoryNeuronsMatureDG_PTZvsSAL_1hr,Nptx1,6
ExcitatoryNeuronsMatureDG_PTZvsSAL_1hr,Nrg1,7
ExcitatoryNeuronsMatureDG_PTZvsSAL_1hr,Nrxn1,14
ExcitatoryNeuronsMatureDG_PTZvsSAL_1hr,Ntng1,3
ExcitatoryNeuronsMatureDG_PTZvsSAL_1hr,Pcdh15,2
ExcitatoryNeuronsMatureDG_PTZvsSAL_1hr,Pde4d,8
ExcitatoryNeuronsMatureDG_PTZvsSAL_1hr,Pde8b,2
ExcitatoryNeuronsMatureDG_PTZvsSAL_1hr,Plcb1,9
ExcitatoryNeuronsMatureDG_PTZvsSAL_1hr,Ppfia2,2
ExcitatoryNeuronsMatureDG_PTZvsSAL_1hr,Prex2,1
ExcitatoryNeuronsMatureDG_PTZvsSAL_1hr,Prkg1,3
ExcitatoryNeuronsMatureDG_PTZvsSAL_1hr,Ptprs,9
ExcitatoryNeuronsMatureDG_PTZvsSAL_1hr,Ptprz1,4
ExcitatoryNeuronsMatureDG_PTZvsSAL_1hr,Rasgrf1,3
ExcitatoryNeuronsMatureDG_PTZvsSAL_1hr,Robo1,6
ExcitatoryNeuronsMatureDG_PTZvsSAL_1hr,Robo2,3
ExcitatoryNeuronsMatureDG_PTZvsSAL_1hr,Rtl4,1
ExcitatoryNeuronsMatureDG_PTZvsSAL_1hr,Scn3b,9
ExcitatoryNeuronsMatureDG_PTZvsSAL_1hr,Slc8a1,4
ExcitatoryNeuronsMatureDG_PTZvsSAL_1hr,Slit1,2
ExcitatoryNeuronsMatureDG_PTZvsSAL_1hr,Slit3,1
ExcitatoryNeuronsMatureDG_PTZvsSAL_1hr,Sorl1,1
ExcitatoryNeuronsMatureDG_PTZvsSAL_1hr,Tanc1,3
ExcitatoryNeuronsMatureDG_PTZvsSAL_1hr,Tenm3,1
ExcitatoryNeuronsMatureDG_PTZvsSAL_1hr,Tenm4,1
ExcitatoryNeuronsMatureDG_PTZvsSAL_1hr,Trpc4,3
ExcitatoryNeuronsMatureDG_PTZvsSAL_1hr,Trpc6,6
ExcitatoryNeuronsMatureDG_PTZvsSAL_1hr,Tuba1a,4
ExcitatoryNeuronsMatureDG_PTZvsSAL_1hr,Zswim6,1
ExcitatoryNeuronsMatureDG_PTZvsSAL_24hr,Cdc73,3
ExcitatoryNeuronsMatureDG_PTZvsSAL_24hr,Cwc22,5
ExcitatoryNeuronsMatureDG_PTZvsSAL_24hr,Ddx5,8
ExcitatoryNeuronsMatureDG_PTZvsSAL_24hr,Hspa8,8
ExcitatoryNeuronsMatureDG_PTZvsSAL_24hr,Khdrbs3,8
ExcitatoryNeuronsMatureDG_PTZvsSAL_24hr,Malat1,8
ExcitatoryNeuronsMatureDG_PTZvsSAL_24hr,Pabpc1,3
ExcitatoryNeuronsMatureDG_PTZvsSAL_24hr,Prpf4b,5
ExcitatoryNeuronsMatureDG_PTZvsSAL_24hr,Pum2,1
ExcitatoryNeuronsMatureDG_PTZvsSAL_24hr,Safb,3
ExcitatoryNeuronsMatureDG_PTZvsSAL_24hr,Snrnp70,8
ExcitatoryNeuronsMatureDG_PTZvsSAL_24hr,Son,8
ExcitatoryNeuronsMatureDG_PTZvsSAL_24hr,Srrm2,5
L23ExcitatoryNeurons_24hrvs1hr_PTZ,Ahi1,1
L23ExcitatoryNeurons_24hrvs1hr_PTZ,Ank2,3
L23ExcitatoryNeurons_24hrvs1hr_PTZ,Asic2,8
L23ExcitatoryNeurons_24hrvs1hr_PTZ,Atp1b1,3
L23ExcitatoryNeurons_24hrvs1hr_PTZ,Auts2,5
L23ExcitatoryNeurons_24hrvs1hr_PTZ,Bcl11a,9
L23ExcitatoryNeurons_24hrvs1hr_PTZ,Cacna1a,7
L23ExcitatoryNeurons_24hrvs1hr_PTZ,Cacna1d,3
L23ExcitatoryNeurons_24hrvs1hr_PTZ,Camk2d,4
L23ExcitatoryNeurons_24hrvs1hr_PTZ,Cck,1
L23ExcitatoryNeurons_24hrvs1hr_PTZ,Cdh13,1
L23ExcitatoryNeurons_24hrvs1hr_PTZ,Cdh9,2
L23ExcitatoryNeurons_24hrvs1hr_PTZ,Cnksr2,1
L23ExcitatoryNeurons_24hrvs1hr_PTZ,Cntnap2,4
L23ExcitatoryNeurons_24hrvs1hr_PTZ,Cobl,4
L23ExcitatoryNeurons_24hrvs1hr_PTZ,Ctnna2,3
L23ExcitatoryNeurons_24hrvs1hr_PTZ,Cttn,7
L23ExcitatoryNeurons_24hrvs1hr_PTZ,Cx3cl1,1
L23ExcitatoryNeurons_24hrvs1hr_PTZ,Dab1,4
L23ExcitatoryNeurons_24hrvs1hr_PTZ,Dcc,4
L23ExcitatoryNeurons_24hrvs1hr_PTZ,Dclk1,4
L23ExcitatoryNeurons_24hrvs1hr_PTZ,Dlg1,5
L23ExcitatoryNeurons_24hrvs1hr_PTZ,Dlgap1,1
L23ExcitatoryNeurons_24hrvs1hr_PTZ,Dmd,4
L23ExcitatoryNeurons_24hrvs1hr_PTZ,Dnm2,10
L23ExcitatoryNeurons_24hrvs1hr_PTZ,Dpysl3,3
L23ExcitatoryNeurons_24hrvs1hr_PTZ,Dpysl5,4
L23ExcitatoryNeurons_24hrvs1hr_PTZ,Dvl1,12
L23ExcitatoryNeurons_24hrvs1hr_PTZ,Dync1i2,2
L23ExcitatoryNeurons_24hrvs1hr_PTZ,Efna5,12
L23ExcitatoryNeurons_24hrvs1hr_PTZ,Epha3,7
L23ExcitatoryNeurons_24hrvs1hr_PTZ,Epha6,3
L23ExcitatoryNeurons_24hrvs1hr_PTZ,Epha7,14
L23ExcitatoryNeurons_24hrvs1hr_PTZ,Ephb2,15
L23ExcitatoryNeurons_24hrvs1hr_PTZ,Fgf13,12
L23ExcitatoryNeurons_24hrvs1hr_PTZ,Fhl1,3
L23ExcitatoryNeurons_24hrvs1hr_PTZ,Fmn1,2
L23ExcitatoryNeurons_24hrvs1hr_PTZ,Fn1,8
L23ExcitatoryNeurons_24hrvs1hr_PTZ,Foxp1,4
L23ExcitatoryNeurons_24hrvs1hr_PTZ,Frmpd4,3
L23ExcitatoryNeurons_24hrvs1hr_PTZ,Fut9,1
L23ExcitatoryNeurons_24hrvs1hr_PTZ,Gap43,6
L23ExcitatoryNeurons_24hrvs1hr_PTZ,Gpr158,2
L23ExcitatoryNeurons_24hrvs1hr_PTZ,Grin2b,4
L23ExcitatoryNeurons_24hrvs1hr_PTZ,Grip1,5
L23ExcitatoryNeurons_24hrvs1hr_PTZ,Hecw2,3
L23ExcitatoryNeurons_24hrvs1hr_PTZ,Homer1,7
L23ExcitatoryNeurons_24hrvs1hr_PTZ,Il1rapl2,4
L23ExcitatoryNeurons_24hrvs1hr_PTZ,Itm2c,2
L23ExcitatoryNeurons_24hrvs1hr_PTZ,Kalrn,8
L23ExcitatoryNeurons_24hrvs1hr_PTZ,Kif5a,4
L23ExcitatoryNeurons_24hrvs1hr_PTZ,Kif5c,4
L23ExcitatoryNeurons_24hrvs1hr_PTZ,L1cam,9
L23ExcitatoryNeurons_24hrvs1hr_PTZ,Lgi1,4
L23ExcitatoryNeurons_24hrvs1hr_PTZ,Lhx2,6
L23ExcitatoryNeurons_24hrvs1hr_PTZ,Lrfn2,3
L23ExcitatoryNeurons_24hrvs1hr_PTZ,Lrp8,4
L23ExcitatoryNeurons_24hrvs1hr_PTZ,Lrrc4c,2
L23ExcitatoryNeurons_24hrvs1hr_PTZ,Lrrk2,5
L23ExcitatoryNeurons_24hrvs1hr_PTZ,Macf1,8
L23ExcitatoryNeurons_24hrvs1hr_PTZ,Malat1,2
L23ExcitatoryNeurons_24hrvs1hr_PTZ,Map1b,7
L23ExcitatoryNeurons_24hrvs1hr_PTZ,Map4k4,3
L23ExcitatoryNeurons_24hrvs1hr_PTZ,Mapk10,1
L23ExcitatoryNeurons_24hrvs1hr_PTZ,Mark2,6
L23ExcitatoryNeurons_24hrvs1hr_PTZ,Met,1
L23ExcitatoryNeurons_24hrvs1hr_PTZ,Myo5a,3
L23ExcitatoryNeurons_24hrvs1hr_PTZ,Nectin1,7
L23ExcitatoryNeurons_24hrvs1hr_PTZ,Neto1,4
L23ExcitatoryNeurons_24hrvs1hr_PTZ,Neto2,1
L23ExcitatoryNeurons_24hrvs1hr_PTZ,Nrn1,4
L23ExcitatoryNeurons_24hrvs1hr_PTZ,Nrxn1,11
L23ExcitatoryNeurons_24hrvs1hr_PTZ,Nrxn3,4
L23ExcitatoryNeurons_24hrvs1hr_PTZ,Ntng2,6
L23ExcitatoryNeurons_24hrvs1hr_PTZ,Ntrk2,7
L23ExcitatoryNeurons_24hrvs1hr_PTZ,Numb,7
L23ExcitatoryNeurons_24hrvs1hr_PTZ,Pard3,1
L23ExcitatoryNeurons_24hrvs1hr_PTZ,Pde4d,3
L23ExcitatoryNeurons_24hrvs1hr_PTZ,Plcb1,3
L23ExcitatoryNeurons_24hrvs1hr_PTZ,Prnp,7
L23ExcitatoryNeurons_24hrvs1hr_PTZ,Prrt1,3
L23ExcitatoryNeurons_24hrvs1hr_PTZ,Ptk2b,9
L23ExcitatoryNeurons_24hrvs1hr_PTZ,Ptprg,2
L23ExcitatoryNeurons_24hrvs1hr_PTZ,Ptpro,6
L23ExcitatoryNeurons_24hrvs1hr_PTZ,Ptprs,13
L23ExcitatoryNeurons_24hrvs1hr_PTZ,Rala,1
L23ExcitatoryNeurons_24hrvs1hr_PTZ,Rasal1,3
L23ExcitatoryNeurons_24hrvs1hr_PTZ,Rims2,3
L23ExcitatoryNeurons_24hrvs1hr_PTZ,Rit2,3
L23ExcitatoryNeurons_24hrvs1hr_PTZ,Robo1,12
L23ExcitatoryNeurons_24hrvs1hr_PTZ,Rufy3,9
L23ExcitatoryNeurons_24hrvs1hr_PTZ,Sema6a,10
L23ExcitatoryNeurons_24hrvs1hr_PTZ,Sema6d,10
L23ExcitatoryNeurons_24hrvs1hr_PTZ,Shank2,5
L23ExcitatoryNeurons_24hrvs1hr_PTZ,Slit1,10
L23ExcitatoryNeurons_24hrvs1hr_PTZ,Snap25,1
L23ExcitatoryNeurons_24hrvs1hr_PTZ,Sorbs1,2
L23ExcitatoryNeurons_24hrvs1hr_PTZ,Stmn2,3
L23ExcitatoryNeurons_24hrvs1hr_PTZ,Taco1,3
L23ExcitatoryNeurons_24hrvs1hr_PTZ,Tmem108,4
L23ExcitatoryNeurons_24hrvs1hr_PTZ,Tox,1
L23ExcitatoryNeurons_24hrvs1hr_PTZ,Trim46,8
L23ExcitatoryNeurons_24hrvs1hr_PTZ,Ulk2,8
L23ExcitatoryNeurons_24hrvs1hr_SAL,Actb,3
L23ExcitatoryNeurons_24hrvs1hr_SAL,Actg1,1
L23ExcitatoryNeurons_24hrvs1hr_SAL,Akt3,1
L23ExcitatoryNeurons_24hrvs1hr_SAL,Aplp1,1
L23ExcitatoryNeurons_24hrvs1hr_SAL,Asic2,7
L23ExcitatoryNeurons_24hrvs1hr_SAL,Atp1b1,7
L23ExcitatoryNeurons_24hrvs1hr_SAL,Calm1,7
L23ExcitatoryNeurons_24hrvs1hr_SAL,Calm3,7
L23ExcitatoryNeurons_24hrvs1hr_SAL,Camk2d,2
L23ExcitatoryNeurons_24hrvs1hr_SAL,Cfl1,7
L23ExcitatoryNeurons_24hrvs1hr_SAL,Dpp6,3
L23ExcitatoryNeurons_24hrvs1hr_SAL,Hsp90aa1,1
L23ExcitatoryNeurons_24hrvs1hr_SAL,Hsp90ab1,1
L23ExcitatoryNeurons_24hrvs1hr_SAL,Lgi1,1
L23ExcitatoryNeurons_24hrvs1hr_SAL,Lhx2,1
L23ExcitatoryNeurons_24hrvs1hr_SAL,Ndufa4,7
L23ExcitatoryNeurons_24hrvs1hr_SAL,Slc25a4,3
L23ExcitatoryNeurons_24hrvs1hr_SAL,Slit3,1
L23ExcitatoryNeurons_24hrvs1hr_SAL,Tcaf1,7
L23ExcitatoryNeurons_24hrvs1hr_SAL,Tubb2b,1
L23ExcitatoryNeurons_24hrvs1hr_SAL,Uchl1,1
L23ExcitatoryNeurons_24hrvs1hr_SAL,Unc5c,1
L23ExcitatoryNeurons_PTZvsSAL_1hr,Actb,3
L23ExcitatoryNeurons_PTZvsSAL_1hr,Actg1,2
L23ExcitatoryNeurons_PTZvsSAL_1hr,Adcy8,4
L23ExcitatoryNeurons_PTZvsSAL_1hr,Agrn,10
L23ExcitatoryNeurons_PTZvsSAL_1hr,Akap9,2
L23ExcitatoryNeurons_PTZvsSAL_1hr,Ank2,2
L23ExcitatoryNeurons_PTZvsSAL_1hr,Ank3,5
L23ExcitatoryNeurons_PTZvsSAL_1hr,Apc,2
L23ExcitatoryNeurons_PTZvsSAL_1hr,Arhgef28,1
L23ExcitatoryNeurons_PTZvsSAL_1hr,Arid1b,1
L23ExcitatoryNeurons_PTZvsSAL_1hr,Asap1,4
L23ExcitatoryNeurons_PTZvsSAL_1hr,Astn2,1
L23ExcitatoryNeurons_PTZvsSAL_1hr,Atxn1,4
L23ExcitatoryNeurons_PTZvsSAL_1hr,Auts2,4
L23ExcitatoryNeurons_PTZvsSAL_1hr,Brinp1,3
L23ExcitatoryNeurons_PTZvsSAL_1hr,Bsn,2
L23ExcitatoryNeurons_PTZvsSAL_1hr,Cacna1c,4
L23ExcitatoryNeurons_PTZvsSAL_1hr,Cacna1d,2
L23ExcitatoryNeurons_PTZvsSAL_1hr,Cacna1h,2
L23ExcitatoryNeurons_PTZvsSAL_1hr,Cacnb4,2
L23ExcitatoryNeurons_PTZvsSAL_1hr,Cadm1,4
L23ExcitatoryNeurons_PTZvsSAL_1hr,Camk1d,2
L23ExcitatoryNeurons_PTZvsSAL_1hr,Ccdc88a,1
L23ExcitatoryNeurons_PTZvsSAL_1hr,Cck,6
L23ExcitatoryNeurons_PTZvsSAL_1hr,Cdh13,1
L23ExcitatoryNeurons_PTZvsSAL_1hr,Cdh2,6
L23ExcitatoryNeurons_PTZvsSAL_1hr,Celf4,1
L23ExcitatoryNeurons_PTZvsSAL_1hr,Chl1,5
L23ExcitatoryNeurons_PTZvsSAL_1hr,Cit,2
L23ExcitatoryNeurons_PTZvsSAL_1hr,Cnksr2,1
L23ExcitatoryNeurons_PTZvsSAL_1hr,Cntn1,4
L23ExcitatoryNeurons_PTZvsSAL_1hr,Cobl,4
L23ExcitatoryNeurons_PTZvsSAL_1hr,Cpeb3,5
L23ExcitatoryNeurons_PTZvsSAL_1hr,Crmp1,2
L23ExcitatoryNeurons_PTZvsSAL_1hr,Ctnna2,5
L23ExcitatoryNeurons_PTZvsSAL_1hr,Ctnnd2,6
L23ExcitatoryNeurons_PTZvsSAL_1hr,Cyfip2,4
L23ExcitatoryNeurons_PTZvsSAL_1hr,Dab1,5
L23ExcitatoryNeurons_PTZvsSAL_1hr,Dcc,5
L23ExcitatoryNeurons_PTZvsSAL_1hr,Dclk1,4
L23ExcitatoryNeurons_PTZvsSAL_1hr,Dctn1,2
L23ExcitatoryNeurons_PTZvsSAL_1hr,Dleu2,2
L23ExcitatoryNeurons_PTZvsSAL_1hr,Dlg1,3
L23ExcitatoryNeurons_PTZvsSAL_1hr,Dpp6,2
L23ExcitatoryNeurons_PTZvsSAL_1hr,Dpysl3,3
L23ExcitatoryNeurons_PTZvsSAL_1hr,Dpysl5,5
L23ExcitatoryNeurons_PTZvsSAL_1hr,Dscam,6
L23ExcitatoryNeurons_PTZvsSAL_1hr,Dync1i2,2
L23ExcitatoryNeurons_PTZvsSAL_1hr,Efna5,9
L23ExcitatoryNeurons_PTZvsSAL_1hr,Epha3,7
L23ExcitatoryNeurons_PTZvsSAL_1hr,Epha4,11
L23ExcitatoryNeurons_PTZvsSAL_1hr,Epha6,3
L23ExcitatoryNeurons_PTZvsSAL_1hr,Ext1,4
L23ExcitatoryNeurons_PTZvsSAL_1hr,Fgf13,12
L23ExcitatoryNeurons_PTZvsSAL_1hr,Flna,6
L23ExcitatoryNeurons_PTZvsSAL_1hr,Flrt2,8
L23ExcitatoryNeurons_PTZvsSAL_1hr,Fmn1,2
L23ExcitatoryNeurons_PTZvsSAL_1hr,Frmpd4,3
L23ExcitatoryNeurons_PTZvsSAL_1hr,Fut9,1
L23ExcitatoryNeurons_PTZvsSAL_1hr,Gabra4,1
L23ExcitatoryNeurons_PTZvsSAL_1hr,Gabrb3,6
L23ExcitatoryNeurons_PTZvsSAL_1hr,Gap43,6
L23ExcitatoryNeurons_PTZvsSAL_1hr,Gnaq,2
L23ExcitatoryNeurons_PTZvsSAL_1hr,Gpr158,3
L23ExcitatoryNeurons_PTZvsSAL_1hr,Gria1,8
L23ExcitatoryNeurons_PTZvsSAL_1hr,Grik2,3
L23ExcitatoryNeurons_PTZvsSAL_1hr,Grin2a,7
L23ExcitatoryNeurons_PTZvsSAL_1hr,Grin2b,10
L23ExcitatoryNeurons_PTZvsSAL_1hr,Grip1,3
L23ExcitatoryNeurons_PTZvsSAL_1hr,Gsk3b,13
L23ExcitatoryNeurons_PTZvsSAL_1hr,Hecw2,1
L23ExcitatoryNeurons_PTZvsSAL_1hr,Hnrnpa1,2
L23ExcitatoryNeurons_PTZvsSAL_1hr,Homer1,3
L23ExcitatoryNeurons_PTZvsSAL_1hr,Igsf9b,1
L23ExcitatoryNeurons_PTZvsSAL_1hr,Il1rap,5
L23ExcitatoryNeurons_PTZvsSAL_1hr,Itpr1,1
L23ExcitatoryNeurons_PTZvsSAL_1hr,Jph4,3
L23ExcitatoryNeurons_PTZvsSAL_1hr,Kalrn,11
L23ExcitatoryNeurons_PTZvsSAL_1hr,Kcnd2,2
L23ExcitatoryNeurons_PTZvsSAL_1hr,Kcnh1,1
L23ExcitatoryNeurons_PTZvsSAL_1hr,Kcnh5,1
L23ExcitatoryNeurons_PTZvsSAL_1hr,Kcnh7,2
L23ExcitatoryNeurons_PTZvsSAL_1hr,Kcnma1,2
L23ExcitatoryNeurons_PTZvsSAL_1hr,Kidins220,2
L23ExcitatoryNeurons_PTZvsSAL_1hr,Kirrel3,3
L23ExcitatoryNeurons_PTZvsSAL_1hr,L1cam,5
L23ExcitatoryNeurons_PTZvsSAL_1hr,Large1,7
L23ExcitatoryNeurons_PTZvsSAL_1hr,Limch1,1
L23ExcitatoryNeurons_PTZvsSAL_1hr,Lrfn2,3
L23ExcitatoryNeurons_PTZvsSAL_1hr,Lrrc4c,1
L23ExcitatoryNeurons_PTZvsSAL_1hr,Lrrk2,7
L23ExcitatoryNeurons_PTZvsSAL_1hr,Lrrtm4,5
L23ExcitatoryNeurons_PTZvsSAL_1hr,Macf1,4
L23ExcitatoryNeurons_PTZvsSAL_1hr,Malat1,2
L23ExcitatoryNeurons_PTZvsSAL_1hr,Map1b,4
L23ExcitatoryNeurons_PTZvsSAL_1hr,Map2,5
L23ExcitatoryNeurons_PTZvsSAL_1hr,Map4k4,3
L23ExcitatoryNeurons_PTZvsSAL_1hr,Mapt,11
L23ExcitatoryNeurons_PTZvsSAL_1hr,Marcks,5
L23ExcitatoryNeurons_PTZvsSAL_1hr,Mrtfa,1
L23ExcitatoryNeurons_PTZvsSAL_1hr,Mycbp2,7
L23ExcitatoryNeurons_PTZvsSAL_1hr,Nav1,1
L23ExcitatoryNeurons_PTZvsSAL_1hr,Ncam1,5
L23ExcitatoryNeurons_PTZvsSAL_1hr,Neo1,6
L23ExcitatoryNeurons_PTZvsSAL_1hr,Nexmif,1
L23ExcitatoryNeurons_PTZvsSAL_1hr,Nfib,3
L23ExcitatoryNeurons_PTZvsSAL_1hr,Nrcam,8
L23ExcitatoryNeurons_PTZvsSAL_1hr,Nrp2,8
L23ExcitatoryNeurons_PTZvsSAL_1hr,Nrxn1,10
L23ExcitatoryNeurons_PTZvsSAL_1hr,Nrxn2,5
L23ExcitatoryNeurons_PTZvsSAL_1hr,Ntrk2,14
L23ExcitatoryNeurons_PTZvsSAL_1hr,Numb,8
L23ExcitatoryNeurons_PTZvsSAL_1hr,Pde4d,3
L23ExcitatoryNeurons_PTZvsSAL_1hr,Pde8b,2
L23ExcitatoryNeurons_PTZvsSAL_1hr,Phactr1,2
L23ExcitatoryNeurons_PTZvsSAL_1hr,Plcb1,3
L23ExcitatoryNeurons_PTZvsSAL_1hr,Plk2,6
L23ExcitatoryNeurons_PTZvsSAL_1hr,Prickle1,3
L23ExcitatoryNeurons_PTZvsSAL_1hr,Prkcg,1
L23ExcitatoryNeurons_PTZvsSAL_1hr,Pten,15
L23ExcitatoryNeurons_PTZvsSAL_1hr,Ptn,10
L23ExcitatoryNeurons_PTZvsSAL_1hr,Ptprg,2
L23ExcitatoryNeurons_PTZvsSAL_1hr,Ptprj,1
L23ExcitatoryNeurons_PTZvsSAL_1hr,Ptprs,10
L23ExcitatoryNeurons_PTZvsSAL_1hr,Ptprz1,8
L23ExcitatoryNeurons_PTZvsSAL_1hr,Raph1,2
L23ExcitatoryNeurons_PTZvsSAL_1hr,Rasgrf1,1
L23ExcitatoryNeurons_PTZvsSAL_1hr,Rere,1
L23ExcitatoryNeurons_PTZvsSAL_1hr,Rgs7bp,1
L23ExcitatoryNeurons_PTZvsSAL_1hr,Rims2,3
L23ExcitatoryNeurons_PTZvsSAL_1hr,Robo1,10
L23ExcitatoryNeurons_PTZvsSAL_1hr,Rock2,5
L23ExcitatoryNeurons_PTZvsSAL_1hr,Rufy3,5
L23ExcitatoryNeurons_PTZvsSAL_1hr,Ryr2,2
L23ExcitatoryNeurons_PTZvsSAL_1hr,Satb2,1
L23ExcitatoryNeurons_PTZvsSAL_1hr,Scn3a,2
L23ExcitatoryNeurons_PTZvsSAL_1hr,Sema6a,7
L23ExcitatoryNeurons_PTZvsSAL_1hr,Sema6d,6
L23ExcitatoryNeurons_PTZvsSAL_1hr,Sez6,2
L23ExcitatoryNeurons_PTZvsSAL_1hr,Shisa6,2
L23ExcitatoryNeurons_PTZvsSAL_1hr,Shisa9,1
L23ExcitatoryNeurons_PTZvsSAL_1hr,Slc24a2,4
L23ExcitatoryNeurons_PTZvsSAL_1hr,Slc4a10,1
L23ExcitatoryNeurons_PTZvsSAL_1hr,Slc8a1,1
L23ExcitatoryNeurons_PTZvsSAL_1hr,Slit3,4
L23ExcitatoryNeurons_PTZvsSAL_1hr,Snap25,4
L23ExcitatoryNeurons_PTZvsSAL_1hr,Sorcs2,1
L23ExcitatoryNeurons_PTZvsSAL_1hr,Srgap2,3
L23ExcitatoryNeurons_PTZvsSAL_1hr,Stmn1,1
L23ExcitatoryNeurons_PTZvsSAL_1hr,Stmn2,3
L23ExcitatoryNeurons_PTZvsSAL_1hr,Sybu,1
L23ExcitatoryNeurons_PTZvsSAL_1hr,Syt1,1
L23ExcitatoryNeurons_PTZvsSAL_1hr,Tafa2,3
L23ExcitatoryNeurons_PTZvsSAL_1hr,Tenm1,1
L23ExcitatoryNeurons_PTZvsSAL_1hr,Thra,2
L23ExcitatoryNeurons_PTZvsSAL_1hr,Tnik,2
L23ExcitatoryNeurons_PTZvsSAL_1hr,Tox,1
L23ExcitatoryNeurons_PTZvsSAL_1hr,Tshz3,1
L23ExcitatoryNeurons_PTZvsSAL_1hr,Tuba1a,6
L23ExcitatoryNeurons_PTZvsSAL_1hr,Tubb2b,5
L23ExcitatoryNeurons_PTZvsSAL_1hr,Tubb3,3
L23ExcitatoryNeurons_PTZvsSAL_1hr,Tubb5,2
L23ExcitatoryNeurons_PTZvsSAL_1hr,Ubb,1
L23ExcitatoryNeurons_PTZvsSAL_1hr,Unc13c,1
L23ExcitatoryNeurons_PTZvsSAL_1hr,Vcl,3
L45ExcitatoryNeurons_24hrvs1hr_PTZ,Actg1,1
L45ExcitatoryNeurons_24hrvs1hr_PTZ,Alcam,2
L45ExcitatoryNeurons_24hrvs1hr_PTZ,Ank3,2
L45ExcitatoryNeurons_24hrvs1hr_PTZ,Apba1,1
L45ExcitatoryNeurons_24hrvs1hr_PTZ,Asap1,6
L45ExcitatoryNeurons_24hrvs1hr_PTZ,Bcl11a,2
L45ExcitatoryNeurons_24hrvs1hr_PTZ,Cacna1a,6
L45ExcitatoryNeurons_24hrvs1hr_PTZ,Cacna1b,1
L45ExcitatoryNeurons_24hrvs1hr_PTZ,Cacna2d1,1
L45ExcitatoryNeurons_24hrvs1hr_PTZ,Cadm2,1
L45ExcitatoryNeurons_24hrvs1hr_PTZ,Calm3,1
L45ExcitatoryNeurons_24hrvs1hr_PTZ,Camta1,1
L45ExcitatoryNeurons_24hrvs1hr_PTZ,Cask,8
L45ExcitatoryNeurons_24hrvs1hr_PTZ,Cdh8,4
L45ExcitatoryNeurons_24hrvs1hr_PTZ,Cfl1,8
L45ExcitatoryNeurons_24hrvs1hr_PTZ,Clstn2,6
L45ExcitatoryNeurons_24hrvs1hr_PTZ,Csmd1,6
L45ExcitatoryNeurons_24hrvs1hr_PTZ,Csmd3,1
L45ExcitatoryNeurons_24hrvs1hr_PTZ,Ctnna2,6
L45ExcitatoryNeurons_24hrvs1hr_PTZ,Cxadr,1
L45ExcitatoryNeurons_24hrvs1hr_PTZ,Ephb2,14
L45ExcitatoryNeurons_24hrvs1hr_PTZ,Ext1,2
L45ExcitatoryNeurons_24hrvs1hr_PTZ,Gphn,1
L45ExcitatoryNeurons_24hrvs1hr_PTZ,Grik2,1
L45ExcitatoryNeurons_24hrvs1hr_PTZ,Grin2a,10
L45ExcitatoryNeurons_24hrvs1hr_PTZ,Grm5,7
L45ExcitatoryNeurons_24hrvs1hr_PTZ,Hsp90aa1,1
L45ExcitatoryNeurons_24hrvs1hr_PTZ,Hspa8,4
L45ExcitatoryNeurons_24hrvs1hr_PTZ,Itga8,3
L45ExcitatoryNeurons_24hrvs1hr_PTZ,Kalrn,14
L45ExcitatoryNeurons_24hrvs1hr_PTZ,Kirrel3,1
L45ExcitatoryNeurons_24hrvs1hr_PTZ,Lrfn5,3
L45ExcitatoryNeurons_24hrvs1hr_PTZ,Lsamp,1
L45ExcitatoryNeurons_24hrvs1hr_PTZ,Malat1,2
L45ExcitatoryNeurons_24hrvs1hr_PTZ,Marcks,8
L45ExcitatoryNeurons_24hrvs1hr_PTZ,Meis2,3
L45ExcitatoryNeurons_24hrvs1hr_PTZ,Mycbp2,4
L45ExcitatoryNeurons_24hrvs1hr_PTZ,Ndn,1
L45ExcitatoryNeurons_24hrvs1hr_PTZ,Neo1,1
L45ExcitatoryNeurons_24hrvs1hr_PTZ,Nfix,5
L45ExcitatoryNeurons_24hrvs1hr_PTZ,Nrxn1,13
L45ExcitatoryNeurons_24hrvs1hr_PTZ,Oxr1,1
L45ExcitatoryNeurons_24hrvs1hr_PTZ,Pak3,9
L45ExcitatoryNeurons_24hrvs1hr_PTZ,Pbx3,1
L45ExcitatoryNeurons_24hrvs1hr_PTZ,Pgrmc1,6
L45ExcitatoryNeurons_24hrvs1hr_PTZ,Phactr1,1
L45ExcitatoryNeurons_24hrvs1hr_PTZ,Pja2,3
L45ExcitatoryNeurons_24hrvs1hr_PTZ,Prickle1,2
L45ExcitatoryNeurons_24hrvs1hr_PTZ,Prkca,6
L45ExcitatoryNeurons_24hrvs1hr_PTZ,Prrt1,3
L45ExcitatoryNeurons_24hrvs1hr_PTZ,Ptprt,3
L45ExcitatoryNeurons_24hrvs1hr_PTZ,Rufy3,1
L45ExcitatoryNeurons_24hrvs1hr_PTZ,Sema6d,1
L45ExcitatoryNeurons_24hrvs1hr_PTZ,Syt4,4
L45ExcitatoryNeurons_24hrvs1hr_PTZ,Tafa2,4
L45ExcitatoryNeurons_24hrvs1hr_PTZ,Tenm1,1
L45ExcitatoryNeurons_24hrvs1hr_PTZ,Tenm3,1
L45ExcitatoryNeurons_24hrvs1hr_PTZ,Tshz3,2
L45ExcitatoryNeurons_24hrvs1hr_PTZ,Tuba1a,9
L45ExcitatoryNeurons_24hrvs1hr_PTZ,Tubb2b,1
L45ExcitatoryNeurons_24hrvs1hr_PTZ,Tubb3,1
L45ExcitatoryNeurons_24hrvs1hr_PTZ,Tubb5,2
L45ExcitatoryNeurons_24hrvs1hr_PTZ,Uchl1,3
L45ExcitatoryNeurons_24hrvs1hr_PTZ,Ywhaz,2
L45ExcitatoryNeurons_24hrvs1hr_SAL,Ablim1,1
L45ExcitatoryNeurons_24hrvs1hr_SAL,Actb,6
L45ExcitatoryNeurons_24hrvs1hr_SAL,Actg1,3
L45ExcitatoryNeurons_24hrvs1hr_SAL,Adcy8,2
L45ExcitatoryNeurons_24hrvs1hr_SAL,Adgrb3,6
L45ExcitatoryNeurons_24hrvs1hr_SAL,Adgrl3,7
L45ExcitatoryNeurons_24hrvs1hr_SAL,Agrn,9
L45ExcitatoryNeurons_24hrvs1hr_SAL,Akap7,3
L45ExcitatoryNeurons_24hrvs1hr_SAL,Ank2,4
L45ExcitatoryNeurons_24hrvs1hr_SAL,Apba1,1
L45ExcitatoryNeurons_24hrvs1hr_SAL,Aplp1,1
L45ExcitatoryNeurons_24hrvs1hr_SAL,Arl13b,1
L45ExcitatoryNeurons_24hrvs1hr_SAL,Asap1,5
L45ExcitatoryNeurons_24hrvs1hr_SAL,Astn2,1
L45ExcitatoryNeurons_24hrvs1hr_SAL,Atp1a3,3
L45ExcitatoryNeurons_24hrvs1hr_SAL,Atp1b1,4
L45ExcitatoryNeurons_24hrvs1hr_SAL,Atp2b2,1
L45ExcitatoryNeurons_24hrvs1hr_SAL,Atxn1,3
L45ExcitatoryNeurons_24hrvs1hr_SAL,Auts2,2
L45ExcitatoryNeurons_24hrvs1hr_SAL,Brinp1,1
L45ExcitatoryNeurons_24hrvs1hr_SAL,Cacna1a,9
L45ExcitatoryNeurons_24hrvs1hr_SAL,Cacna1i,1
L45ExcitatoryNeurons_24hrvs1hr_SAL,Cacng3,6
L45ExcitatoryNeurons_24hrvs1hr_SAL,Cadm1,3
L45ExcitatoryNeurons_24hrvs1hr_SAL,Calm1,3
L45ExcitatoryNeurons_24hrvs1hr_SAL,Calm2,2
L45ExcitatoryNeurons_24hrvs1hr_SAL,Calm3,3
L45ExcitatoryNeurons_24hrvs1hr_SAL,Camkv,2
L45ExcitatoryNeurons_24hrvs1hr_SAL,Cdh11,2
L45ExcitatoryNeurons_24hrvs1hr_SAL,Cdh2,9
L45ExcitatoryNeurons_24hrvs1hr_SAL,Cdh6,1
L45ExcitatoryNeurons_24hrvs1hr_SAL,Cdh8,4
L45ExcitatoryNeurons_24hrvs1hr_SAL,Cfl1,9
L45ExcitatoryNeurons_24hrvs1hr_SAL,Chl1,4
L45ExcitatoryNeurons_24hrvs1hr_SAL,Chrm3,1
L45ExcitatoryNeurons_24hrvs1hr_SAL,Cit,2
L45ExcitatoryNeurons_24hrvs1hr_SAL,Clstn2,5
L45ExcitatoryNeurons_24hrvs1hr_SAL,Crhr1,2
L45ExcitatoryNeurons_24hrvs1hr_SAL,Crmp1,2
L45ExcitatoryNeurons_24hrvs1hr_SAL,Csmd3,1
L45ExcitatoryNeurons_24hrvs1hr_SAL,Ctnna2,5
L45ExcitatoryNeurons_24hrvs1hr_SAL,Ctnnb1,5
L45ExcitatoryNeurons_24hrvs1hr_SAL,D130043K22Rik,4
L45ExcitatoryNeurons_24hrvs1hr_SAL,Dab1,6
L45ExcitatoryNeurons_24hrvs1hr_SAL,Dleu2,2
L45ExcitatoryNeurons_24hrvs1hr_SAL,Dlgap1,2
L45ExcitatoryNeurons_24hrvs1hr_SAL,Dop1b,1
L45ExcitatoryNeurons_24hrvs1hr_SAL,Dpp10,2
L45ExcitatoryNeurons_24hrvs1hr_SAL,Dpp6,3
L45ExcitatoryNeurons_24hrvs1hr_SAL,Dpysl3,2
L45ExcitatoryNeurons_24hrvs1hr_SAL,Dtnbp1,8
L45ExcitatoryNeurons_24hrvs1hr_SAL,Dynll1,1
L45ExcitatoryNeurons_24hrvs1hr_SAL,Efr3a,1
L45ExcitatoryNeurons_24hrvs1hr_SAL,Epha4,9
L45ExcitatoryNeurons_24hrvs1hr_SAL,Epha5,3
L45ExcitatoryNeurons_24hrvs1hr_SAL,Epha6,1
L45ExcitatoryNeurons_24hrvs1hr_SAL,Flrt2,6
L45ExcitatoryNeurons_24hrvs1hr_SAL,Fmn1,1
L45ExcitatoryNeurons_24hrvs1hr_SAL,Gabra4,1
L45ExcitatoryNeurons_24hrvs1hr_SAL,Gabrb1,1
L45ExcitatoryNeurons_24hrvs1hr_SAL,Gabrb3,4
L45ExcitatoryNeurons_24hrvs1hr_SAL,Gnas,1
L45ExcitatoryNeurons_24hrvs1hr_SAL,Gphn,4
L45ExcitatoryNeurons_24hrvs1hr_SAL,Gpm6a,5
L45ExcitatoryNeurons_24hrvs1hr_SAL,Gria2,1
L45ExcitatoryNeurons_24hrvs1hr_SAL,Gria3,1
L45ExcitatoryNeurons_24hrvs1hr_SAL,Grik2,2
L45ExcitatoryNeurons_24hrvs1hr_SAL,Grin2a,10
L45ExcitatoryNeurons_24hrvs1hr_SAL,Grip1,6
L45ExcitatoryNeurons_24hrvs1hr_SAL,Grm3,1
L45ExcitatoryNeurons_24hrvs1hr_SAL,Grm5,5
L45ExcitatoryNeurons_24hrvs1hr_SAL,Hecw2,3
L45ExcitatoryNeurons_24hrvs1hr_SAL,Hnrnpk,5
L45ExcitatoryNeurons_24hrvs1hr_SAL,Hsp90aa1,2
L45ExcitatoryNeurons_24hrvs1hr_SAL,Hsp90ab1,1
L45ExcitatoryNeurons_24hrvs1hr_SAL,Hspa8,4
L45ExcitatoryNeurons_24hrvs1hr_SAL,Iqsec1,1
L45ExcitatoryNeurons_24hrvs1hr_SAL,Kalrn,11
L45ExcitatoryNeurons_24hrvs1hr_SAL,Kcnb1,3
L45ExcitatoryNeurons_24hrvs1hr_SAL,Kcnh1,2
L45ExcitatoryNeurons_24hrvs1hr_SAL,Kcnh5,2
L45ExcitatoryNeurons_24hrvs1hr_SAL,Kcnh7,2
L45ExcitatoryNeurons_24hrvs1hr_SAL,Kcnj3,1
L45ExcitatoryNeurons_24hrvs1hr_SAL,Kcnma1,3
L45ExcitatoryNeurons_24hrvs1hr_SAL,Kcnq5,1
L45ExcitatoryNeurons_24hrvs1hr_SAL,Kif1b,1
L45ExcitatoryNeurons_24hrvs1hr_SAL,Kirrel3,3
L45ExcitatoryNeurons_24hrvs1hr_SAL,L1cam,1
L45ExcitatoryNeurons_24hrvs1hr_SAL,Large1,6
L45ExcitatoryNeurons_24hrvs1hr_SAL,Lgi1,4
L45ExcitatoryNeurons_24hrvs1hr_SAL,Limch1,1
L45ExcitatoryNeurons_24hrvs1hr_SAL,Lin7a,1
L45ExcitatoryNeurons_24hrvs1hr_SAL,Lmo4,1
L45ExcitatoryNeurons_24hrvs1hr_SAL,Lrfn5,4
L45ExcitatoryNeurons_24hrvs1hr_SAL,Lrrc7,3
L45ExcitatoryNeurons_24hrvs1hr_SAL,Lsamp,1
L45ExcitatoryNeurons_24hrvs1hr_SAL,Map2,4
L45ExcitatoryNeurons_24hrvs1hr_SAL,Marcks,5
L45ExcitatoryNeurons_24hrvs1hr_SAL,Mphosph9,1
L45ExcitatoryNeurons_24hrvs1hr_SAL,Mycbp2,5
L45ExcitatoryNeurons_24hrvs1hr_SAL,Mylip,2
L45ExcitatoryNeurons_24hrvs1hr_SAL,Nbea,3
L45ExcitatoryNeurons_24hrvs1hr_SAL,Ncam1,2
L45ExcitatoryNeurons_24hrvs1hr_SAL,Ndn,2
L45ExcitatoryNeurons_24hrvs1hr_SAL,Ndufa4,2
L45ExcitatoryNeurons_24hrvs1hr_SAL,Nectin3,2
L45ExcitatoryNeurons_24hrvs1hr_SAL,Neo1,4
L45ExcitatoryNeurons_24hrvs1hr_SAL,Nfib,1
L45ExcitatoryNeurons_24hrvs1hr_SAL,Nlgn1,14
L45ExcitatoryNeurons_24hrvs1hr_SAL,Npas2,1
L45ExcitatoryNeurons_24hrvs1hr_SAL,Nptxr,6
L45ExcitatoryNeurons_24hrvs1hr_SAL,Nr3c1,2
L45ExcitatoryNeurons_24hrvs1hr_SAL,Nrg3,3
L45ExcitatoryNeurons_24hrvs1hr_SAL,Nrxn1,14
L45ExcitatoryNeurons_24hrvs1hr_SAL,Nrxn3,7
L45ExcitatoryNeurons_24hrvs1hr_SAL,Nsg1,3
L45ExcitatoryNeurons_24hrvs1hr_SAL,Ntm,2
L45ExcitatoryNeurons_24hrvs1hr_SAL,Numb,9
L45ExcitatoryNeurons_24hrvs1hr_SAL,Oga,2
L45ExcitatoryNeurons_24hrvs1hr_SAL,Pacsin1,2
L45ExcitatoryNeurons_24hrvs1hr_SAL,Pank2,1
L45ExcitatoryNeurons_24hrvs1hr_SAL,Pde8b,1
L45ExcitatoryNeurons_24hrvs1hr_SAL,Phactr1,2
L45ExcitatoryNeurons_24hrvs1hr_SAL,Pip5k1a,2
L45ExcitatoryNeurons_24hrvs1hr_SAL,Ppfia2,5
L45ExcitatoryNeurons_24hrvs1hr_SAL,Prickle1,2
L45ExcitatoryNeurons_24hrvs1hr_SAL,Prkca,8
L45ExcitatoryNeurons_24hrvs1hr_SAL,Prnp,9
L45ExcitatoryNeurons_24hrvs1hr_SAL,Psap,1
L45ExcitatoryNeurons_24hrvs1hr_SAL,Ptchd1,1
L45ExcitatoryNeurons_24hrvs1hr_SAL,Ptprs,10
L45ExcitatoryNeurons_24hrvs1hr_SAL,Rab11fip2,1
L45ExcitatoryNeurons_24hrvs1hr_SAL,Rab27b,2
L45ExcitatoryNeurons_24hrvs1hr_SAL,Rap1gap2,2
L45ExcitatoryNeurons_24hrvs1hr_SAL,Rapgef1,1
L45ExcitatoryNeurons_24hrvs1hr_SAL,Ryr2,3
L45ExcitatoryNeurons_24hrvs1hr_SAL,Scn8a,3
L45ExcitatoryNeurons_24hrvs1hr_SAL,Sema3c,3
L45ExcitatoryNeurons_24hrvs1hr_SAL,Sema6d,3
L45ExcitatoryNeurons_24hrvs1hr_SAL,Shank2,9
L45ExcitatoryNeurons_24hrvs1hr_SAL,Slc24a2,1
L45ExcitatoryNeurons_24hrvs1hr_SAL,Slc8a1,2
L45ExcitatoryNeurons_24hrvs1hr_SAL,Stmn1,1
L45ExcitatoryNeurons_24hrvs1hr_SAL,Stmn2,2
L45ExcitatoryNeurons_24hrvs1hr_SAL,Syndig1,4
L45ExcitatoryNeurons_24hrvs1hr_SAL,Syt4,1
L45ExcitatoryNeurons_24hrvs1hr_SAL,Tafa2,1
L45ExcitatoryNeurons_24hrvs1hr_SAL,Trpc1,1
L45ExcitatoryNeurons_24hrvs1hr_SAL,Trpc4,1
L45ExcitatoryNeurons_24hrvs1hr_SAL,Ttc3,3
L45ExcitatoryNeurons_24hrvs1hr_SAL,Tuba1a,5
L45ExcitatoryNeurons_24hrvs1hr_SAL,Tubb2b,2
L45ExcitatoryNeurons_24hrvs1hr_SAL,Tubb3,1
L45ExcitatoryNeurons_24hrvs1hr_SAL,Tubb5,2
L45ExcitatoryNeurons_24hrvs1hr_SAL,Ubb,1
L45ExcitatoryNeurons_24hrvs1hr_SAL,Uchl1,2
L45ExcitatoryNeurons_24hrvs1hr_SAL,Unc5c,2
L45ExcitatoryNeurons_24hrvs1hr_SAL,Vps13a,1
L45ExcitatoryNeurons_24hrvs1hr_SAL,Ywhaz,2
L45ExcitatoryNeurons_PTZvsSAL_1hr,Actb,1
L45ExcitatoryNeurons_PTZvsSAL_1hr,Chl1,1
L45ExcitatoryNeurons_PTZvsSAL_1hr,Cntnap2,1
L45ExcitatoryNeurons_PTZvsSAL_1hr,Ctnna2,1
L45ExcitatoryNeurons_PTZvsSAL_1hr,Efna5,1
L45ExcitatoryNeurons_PTZvsSAL_1hr,Map2,1
L45ExcitatoryNeurons_PTZvsSAL_1hr,Ncam1,1
L45ExcitatoryNeurons_PTZvsSAL_1hr,Nfib,1
L45ExcitatoryNeurons_PTZvsSAL_1hr,Unc5c,1
L45ExcitatoryNeurons_PTZvsSAL_24hr,Actb,3
L45ExcitatoryNeurons_PTZvsSAL_24hr,Adgrl2,5
L45ExcitatoryNeurons_PTZvsSAL_24hr,Adgrl3,9
L45ExcitatoryNeurons_PTZvsSAL_24hr,Cadm1,11
L45ExcitatoryNeurons_PTZvsSAL_24hr,Camkv,2
L45ExcitatoryNeurons_PTZvsSAL_24hr,Cox7b,1
L45ExcitatoryNeurons_PTZvsSAL_24hr,Cox7c,1
L45ExcitatoryNeurons_PTZvsSAL_24hr,Cox8a,1
L45ExcitatoryNeurons_PTZvsSAL_24hr,Dab1,4
L45ExcitatoryNeurons_PTZvsSAL_24hr,Epha3,4
L45ExcitatoryNeurons_PTZvsSAL_24hr,Epha5,3
L45ExcitatoryNeurons_PTZvsSAL_24hr,Fat3,1
L45ExcitatoryNeurons_PTZvsSAL_24hr,Grid2,15
L45ExcitatoryNeurons_PTZvsSAL_24hr,Hexb,1
L45ExcitatoryNeurons_PTZvsSAL_24hr,Hsp90aa1,2
L45ExcitatoryNeurons_PTZvsSAL_24hr,Hsp90ab1,2
L45ExcitatoryNeurons_PTZvsSAL_24hr,Hspa8,3
L45ExcitatoryNeurons_PTZvsSAL_24hr,Jph4,1
L45ExcitatoryNeurons_PTZvsSAL_24hr,Kcnh1,2
L45ExcitatoryNeurons_PTZvsSAL_24hr,Nlgn1,14
L45ExcitatoryNeurons_PTZvsSAL_24hr,Pcdh15,3
L45ExcitatoryNeurons_PTZvsSAL_24hr,Pcdh17,5
L45ExcitatoryNeurons_PTZvsSAL_24hr,Rora,2
L45ExcitatoryNeurons_PTZvsSAL_24hr,Sh3gl2,1
L45ExcitatoryNeurons_PTZvsSAL_24hr,Slit2,8
L45ExcitatoryNeurons_PTZvsSAL_24hr,Sox5,1
L45ExcitatoryNeurons_PTZvsSAL_24hr,Tenm2,5
L45ExcitatoryNeurons_PTZvsSAL_24hr,Tuba1a,6
L45ExcitatoryNeurons_PTZvsSAL_24hr,Tubb2a,1
L45ExcitatoryNeurons_PTZvsSAL_24hr,Tubb2b,2
L45ExcitatoryNeurons_PTZvsSAL_24hr,Tubb5,2
L56ExcitatoryNeurons_24hrvs1hr_PTZ,Agbl4,1
L56ExcitatoryNeurons_24hrvs1hr_PTZ,Aldoa,3
L56ExcitatoryNeurons_24hrvs1hr_PTZ,Atp1b1,7
L56ExcitatoryNeurons_24hrvs1hr_PTZ,Atp2a2,7
L56ExcitatoryNeurons_24hrvs1hr_PTZ,Auts2,4
L56ExcitatoryNeurons_24hrvs1hr_PTZ,Bcl11a,9
L56ExcitatoryNeurons_24hrvs1hr_PTZ,Cacna1a,5
L56ExcitatoryNeurons_24hrvs1hr_PTZ,Cacna1b,3
L56ExcitatoryNeurons_24hrvs1hr_PTZ,Cacna1c,9
L56ExcitatoryNeurons_24hrvs1hr_PTZ,Cacna1d,8
L56ExcitatoryNeurons_24hrvs1hr_PTZ,Calm1,8
L56ExcitatoryNeurons_24hrvs1hr_PTZ,Clasp2,4
L56ExcitatoryNeurons_24hrvs1hr_PTZ,Cnksr2,1
L56ExcitatoryNeurons_24hrvs1hr_PTZ,Cx3cl1,3
L56ExcitatoryNeurons_24hrvs1hr_PTZ,Dab1,4
L56ExcitatoryNeurons_24hrvs1hr_PTZ,Dlg2,1
L56ExcitatoryNeurons_24hrvs1hr_PTZ,Dmd,9
L56ExcitatoryNeurons_24hrvs1hr_PTZ,Dpp10,1
L56ExcitatoryNeurons_24hrvs1hr_PTZ,Dpysl3,3
L56ExcitatoryNeurons_24hrvs1hr_PTZ,Dpysl5,2
L56ExcitatoryNeurons_24hrvs1hr_PTZ,Dync1i2,2
L56ExcitatoryNeurons_24hrvs1hr_PTZ,Ephb1,3
L56ExcitatoryNeurons_24hrvs1hr_PTZ,Ephb2,9
L56ExcitatoryNeurons_24hrvs1hr_PTZ,Eps8,1
L56ExcitatoryNeurons_24hrvs1hr_PTZ,Farp1,1
L56ExcitatoryNeurons_24hrvs1hr_PTZ,Fgf13,15
L56ExcitatoryNeurons_24hrvs1hr_PTZ,Fgf14,3
L56ExcitatoryNeurons_24hrvs1hr_PTZ,Flrt2,1
L56ExcitatoryNeurons_24hrvs1hr_PTZ,Fnbp1l,1
L56ExcitatoryNeurons_24hrvs1hr_PTZ,Foxp1,6
L56ExcitatoryNeurons_24hrvs1hr_PTZ,Grik2,3
L56ExcitatoryNeurons_24hrvs1hr_PTZ,Grin2b,5
L56ExcitatoryNeurons_24hrvs1hr_PTZ,Homer1,5
L56ExcitatoryNeurons_24hrvs1hr_PTZ,Hsp90aa1,5
L56ExcitatoryNeurons_24hrvs1hr_PTZ,Itm2c,2
L56ExcitatoryNeurons_24hrvs1hr_PTZ,Jph4,1
L56ExcitatoryNeurons_24hrvs1hr_PTZ,Kcnd2,7
L56ExcitatoryNeurons_24hrvs1hr_PTZ,Kcnmb2,2
L56ExcitatoryNeurons_24hrvs1hr_PTZ,Kcnq5,1
L56ExcitatoryNeurons_24hrvs1hr_PTZ,L1cam,7
L56ExcitatoryNeurons_24hrvs1hr_PTZ,Lrfn2,1
L56ExcitatoryNeurons_24hrvs1hr_PTZ,Macf1,7
L56ExcitatoryNeurons_24hrvs1hr_PTZ,Map4,1
L56ExcitatoryNeurons_24hrvs1hr_PTZ,Map6,4
L56ExcitatoryNeurons_24hrvs1hr_PTZ,Mapt,9
L56ExcitatoryNeurons_24hrvs1hr_PTZ,Mbd5,1
L56ExcitatoryNeurons_24hrvs1hr_PTZ,Myl6,2
L56ExcitatoryNeurons_24hrvs1hr_PTZ,Ncam1,2
L56ExcitatoryNeurons_24hrvs1hr_PTZ,Nfix,4
L56ExcitatoryNeurons_24hrvs1hr_PTZ,Nin,7
L56ExcitatoryNeurons_24hrvs1hr_PTZ,Nos1ap,4
L56ExcitatoryNeurons_24hrvs1hr_PTZ,Nptx1,2
L56ExcitatoryNeurons_24hrvs1hr_PTZ,Ntm,2
L56ExcitatoryNeurons_24hrvs1hr_PTZ,Ntrk3,10
L56ExcitatoryNeurons_24hrvs1hr_PTZ,Plcb1,2
L56ExcitatoryNeurons_24hrvs1hr_PTZ,Prkd1,5
L56ExcitatoryNeurons_24hrvs1hr_PTZ,Ptk2,7
L56ExcitatoryNeurons_24hrvs1hr_PTZ,Rasgrf1,1
L56ExcitatoryNeurons_24hrvs1hr_PTZ,Rims2,5
L56ExcitatoryNeurons_24hrvs1hr_PTZ,Rora,1
L56ExcitatoryNeurons_24hrvs1hr_PTZ,Rufy3,9
L56ExcitatoryNeurons_24hrvs1hr_PTZ,Sema6a,7
L56ExcitatoryNeurons_24hrvs1hr_PTZ,Sgcd,5
L56ExcitatoryNeurons_24hrvs1hr_PTZ,Sgcz,2
L56ExcitatoryNeurons_24hrvs1hr_PTZ,Slc4a10,2
L56ExcitatoryNeurons_24hrvs1hr_PTZ,Slc8a1,7
L56ExcitatoryNeurons_24hrvs1hr_PTZ,Smpd3,2
L56ExcitatoryNeurons_24hrvs1hr_PTZ,Snap25,1
L56ExcitatoryNeurons_24hrvs1hr_PTZ,Snap91,4
L56ExcitatoryNeurons_24hrvs1hr_PTZ,Sorcs2,1
L56ExcitatoryNeurons_24hrvs1hr_PTZ,Sox5,1
L56ExcitatoryNeurons_24hrvs1hr_PTZ,Spock1,3
L56ExcitatoryNeurons_24hrvs1hr_PTZ,Taco1,1
L56ExcitatoryNeurons_24hrvs1hr_PTZ,Tanc2,1
L56ExcitatoryNeurons_24hrvs1hr_PTZ,Tiam2,4
L56ExcitatoryNeurons_24hrvs1hr_PTZ,Tmem108,4
L56ExcitatoryNeurons_24hrvs1hr_PTZ,Tmod3,2
L56ExcitatoryNeurons_24hrvs1hr_PTZ,Tshz3,3
L56ExcitatoryNeurons_24hrvs1hr_PTZ,Unc13b,2
L56ExcitatoryNeurons_24hrvs1hr_PTZ,Uty,5
L56ExcitatoryNeurons_24hrvs1hr_PTZ,Vgll4,1
L56ExcitatoryNeurons_24hrvs1hr_PTZ,Wwc1,1
L56ExcitatoryNeurons_24hrvs1hr_PTZ,Zdhhc2,2
L56ExcitatoryNeurons_24hrvs1hr_PTZ,Zeb2,7
L56ExcitatoryNeurons_24hrvs1hr_SAL,Actb,3
L56ExcitatoryNeurons_24hrvs1hr_SAL,Actg1,2
L56ExcitatoryNeurons_24hrvs1hr_SAL,Adgrb3,5
L56ExcitatoryNeurons_24hrvs1hr_SAL,Apbb2,1
L56ExcitatoryNeurons_24hrvs1hr_SAL,Aplp1,1
L56ExcitatoryNeurons_24hrvs1hr_SAL,Arhgef1,1
L56ExcitatoryNeurons_24hrvs1hr_SAL,Asap1,4
L56ExcitatoryNeurons_24hrvs1hr_SAL,Asph,1
L56ExcitatoryNeurons_24hrvs1hr_SAL,Atp1a3,1
L56ExcitatoryNeurons_24hrvs1hr_SAL,Auts2,1
L56ExcitatoryNeurons_24hrvs1hr_SAL,Cadm1,2
L56ExcitatoryNeurons_24hrvs1hr_SAL,Cfl1,8
L56ExcitatoryNeurons_24hrvs1hr_SAL,Cntn5,2
L56ExcitatoryNeurons_24hrvs1hr_SAL,Cpeb3,2
L56ExcitatoryNeurons_24hrvs1hr_SAL,Csmd3,1
L56ExcitatoryNeurons_24hrvs1hr_SAL,D130043K22Rik,2
L56ExcitatoryNeurons_24hrvs1hr_SAL,Epha5,3
L56ExcitatoryNeurons_24hrvs1hr_SAL,Ephb1,6
L56ExcitatoryNeurons_24hrvs1hr_SAL,Ephb2,9
L56ExcitatoryNeurons_24hrvs1hr_SAL,Fgfr2,1
L56ExcitatoryNeurons_24hrvs1hr_SAL,Flrt2,4
L56ExcitatoryNeurons_24hrvs1hr_SAL,Foxp2,1
L56ExcitatoryNeurons_24hrvs1hr_SAL,Grid1,3
L56ExcitatoryNeurons_24hrvs1hr_SAL,Grm5,2
L56ExcitatoryNeurons_24hrvs1hr_SAL,Hdgfl3,1
L56ExcitatoryNeurons_24hrvs1hr_SAL,Hsp90aa1,1
L56ExcitatoryNeurons_24hrvs1hr_SAL,Hsp90ab1,1
L56ExcitatoryNeurons_24hrvs1hr_SAL,Hspa8,4
L56ExcitatoryNeurons_24hrvs1hr_SAL,Iqgap1,2
L56ExcitatoryNeurons_24hrvs1hr_SAL,Jam3,1
L56ExcitatoryNeurons_24hrvs1hr_SAL,Kcnb1,1
L56ExcitatoryNeurons_24hrvs1hr_SAL,Kcnn2,1
L56ExcitatoryNeurons_24hrvs1hr_SAL,Kmt2a,2
L56ExcitatoryNeurons_24hrvs1hr_SAL,Lingo2,3
L56ExcitatoryNeurons_24hrvs1hr_SAL,Lrfn2,3
L56ExcitatoryNeurons_24hrvs1hr_SAL,Malat1,2
L56ExcitatoryNeurons_24hrvs1hr_SAL,Map6,2
L56ExcitatoryNeurons_24hrvs1hr_SAL,Marcks,4
L56ExcitatoryNeurons_24hrvs1hr_SAL,Mark1,1
L56ExcitatoryNeurons_24hrvs1hr_SAL,Mef2c,7
L56ExcitatoryNeurons_24hrvs1hr_SAL,Mical2,1
L56ExcitatoryNeurons_24hrvs1hr_SAL,Mid1,1
L56ExcitatoryNeurons_24hrvs1hr_SAL,Mir124-2hg,1
L56ExcitatoryNeurons_24hrvs1hr_SAL,Ndn,1
L56ExcitatoryNeurons_24hrvs1hr_SAL,Ngef,4
L56ExcitatoryNeurons_24hrvs1hr_SAL,Nrxn1,6
L56ExcitatoryNeurons_24hrvs1hr_SAL,Nrxn3,3
L56ExcitatoryNeurons_24hrvs1hr_SAL,Oprm1,1
L56ExcitatoryNeurons_24hrvs1hr_SAL,Pacsin1,1
L56ExcitatoryNeurons_24hrvs1hr_SAL,Pde9a,1
L56ExcitatoryNeurons_24hrvs1hr_SAL,Peak1,1
L56ExcitatoryNeurons_24hrvs1hr_SAL,Prickle1,2
L56ExcitatoryNeurons_24hrvs1hr_SAL,Prkar2b,1
L56ExcitatoryNeurons_24hrvs1hr_SAL,Ptprs,6
L56ExcitatoryNeurons_24hrvs1hr_SAL,Rapgef4,4
L56ExcitatoryNeurons_24hrvs1hr_SAL,Rph3a,2
L56ExcitatoryNeurons_24hrvs1hr_SAL,Sdk2,1
L56ExcitatoryNeurons_24hrvs1hr_SAL,Sema5a,2
L56ExcitatoryNeurons_24hrvs1hr_SAL,Sema5b,1
L56ExcitatoryNeurons_24hrvs1hr_SAL,Sgk1,3
L56ExcitatoryNeurons_24hrvs1hr_SAL,Slc24a2,2
L56ExcitatoryNeurons_24hrvs1hr_SAL,Slc4a10,1
L56ExcitatoryNeurons_24hrvs1hr_SAL,Slc8a3,2
L56ExcitatoryNeurons_24hrvs1hr_SAL,Snca,4
L56ExcitatoryNeurons_24hrvs1hr_SAL,Stmn1,2
L56ExcitatoryNeurons_24hrvs1hr_SAL,Stmn2,1
L56ExcitatoryNeurons_24hrvs1hr_SAL,Stmn3,1
L56ExcitatoryNeurons_24hrvs1hr_SAL,Tafa2,1
L56ExcitatoryNeurons_24hrvs1hr_SAL,Ttc3,1
L56ExcitatoryNeurons_24hrvs1hr_SAL,Tuba1a,3
L56ExcitatoryNeurons_24hrvs1hr_SAL,Tubb2b,1
L56ExcitatoryNeurons_24hrvs1hr_SAL,Tubb3,1
L56ExcitatoryNeurons_24hrvs1hr_SAL,Tubb5,2
L56ExcitatoryNeurons_24hrvs1hr_SAL,Uchl1,1
L56ExcitatoryNeurons_24hrvs1hr_SAL,Unc5c,1
L56ExcitatoryNeurons_24hrvs1hr_SAL,Vmp1,1
L56ExcitatoryNeurons_24hrvs1hr_SAL,Wdpcp,1
L56ExcitatoryNeurons_24hrvs1hr_SAL,Zdhhc2,3
L56ExcitatoryNeurons_24hrvs1hr_SAL,Zzef1,2
L56ExcitatoryNeurons_PTZvsSAL_1hr,Actg1,2
L56ExcitatoryNeurons_PTZvsSAL_1hr,Agbl4,1
L56ExcitatoryNeurons_PTZvsSAL_1hr,Ank3,3
L56ExcitatoryNeurons_PTZvsSAL_1hr,Asap1,3
L56ExcitatoryNeurons_PTZvsSAL_1hr,Auts2,2
L56ExcitatoryNeurons_PTZvsSAL_1hr,Brinp1,1
L56ExcitatoryNeurons_PTZvsSAL_1hr,Cacna1b,1
L56ExcitatoryNeurons_PTZvsSAL_1hr,Cacna1c,6
L56ExcitatoryNeurons_PTZvsSAL_1hr,Cacna1d,1
L56ExcitatoryNeurons_PTZvsSAL_1hr,Cacnb4,6
L56ExcitatoryNeurons_PTZvsSAL_1hr,Cadm1,4
L56ExcitatoryNeurons_PTZvsSAL_1hr,Camk2a,2
L56ExcitatoryNeurons_PTZvsSAL_1hr,Cdh2,7
L56ExcitatoryNeurons_PTZvsSAL_1hr,Celf4,1
L56ExcitatoryNeurons_PTZvsSAL_1hr,Chl1,4
L56ExcitatoryNeurons_PTZvsSAL_1hr,Chn1,2
L56ExcitatoryNeurons_PTZvsSAL_1hr,Cnksr2,1
L56ExcitatoryNeurons_PTZvsSAL_1hr,Ctnna2,3
L56ExcitatoryNeurons_PTZvsSAL_1hr,Ctnnd2,1
L56ExcitatoryNeurons_PTZvsSAL_1hr,Dab1,10
L56ExcitatoryNeurons_PTZvsSAL_1hr,Dlg2,6
L56ExcitatoryNeurons_PTZvsSAL_1hr,Dpysl3,2
L56ExcitatoryNeurons_PTZvsSAL_1hr,Dpysl5,3
L56ExcitatoryNeurons_PTZvsSAL_1hr,Etv5,5
L56ExcitatoryNeurons_PTZvsSAL_1hr,Fmn1,1
L56ExcitatoryNeurons_PTZvsSAL_1hr,Fnbp1l,1
L56ExcitatoryNeurons_PTZvsSAL_1hr,Gap43,3
L56ExcitatoryNeurons_PTZvsSAL_1hr,Gpr158,2
L56ExcitatoryNeurons_PTZvsSAL_1hr,Grin2b,5
L56ExcitatoryNeurons_PTZvsSAL_1hr,Grip1,3
L56ExcitatoryNeurons_PTZvsSAL_1hr,Homer1,6
L56ExcitatoryNeurons_PTZvsSAL_1hr,Icam5,2
L56ExcitatoryNeurons_PTZvsSAL_1hr,Igsf9b,1
L56ExcitatoryNeurons_PTZvsSAL_1hr,Impact,1
L56ExcitatoryNeurons_PTZvsSAL_1hr,Itm2c,2
L56ExcitatoryNeurons_PTZvsSAL_1hr,Kcnb1,1
L56ExcitatoryNeurons_PTZvsSAL_1hr,Kcnk10,1
L56ExcitatoryNeurons_PTZvsSAL_1hr,Macf1,4
L56ExcitatoryNeurons_PTZvsSAL_1hr,Map2,7
L56ExcitatoryNeurons_PTZvsSAL_1hr,Mapk10,3
L56ExcitatoryNeurons_PTZvsSAL_1hr,Mapt,13
L56ExcitatoryNeurons_PTZvsSAL_1hr,Myrip,1
L56ExcitatoryNeurons_PTZvsSAL_1hr,Nbea,2
L56ExcitatoryNeurons_PTZvsSAL_1hr,Ncam1,1
L56ExcitatoryNeurons_PTZvsSAL_1hr,Nfib,1
L56ExcitatoryNeurons_PTZvsSAL_1hr,Ngef,5
L56ExcitatoryNeurons_PTZvsSAL_1hr,Nin,4
L56ExcitatoryNeurons_PTZvsSAL_1hr,Nos1ap,2
L56ExcitatoryNeurons_PTZvsSAL_1hr,Nptx1,6
L56ExcitatoryNeurons_PTZvsSAL_1hr,Nrxn3,6
L56ExcitatoryNeurons_PTZvsSAL_1hr,Ntrk3,10
L56ExcitatoryNeurons_PTZvsSAL_1hr,Oxr1,5
L56ExcitatoryNeurons_PTZvsSAL_1hr,Pex5l,1
L56ExcitatoryNeurons_PTZvsSAL_1hr,Ptk2,7
L56ExcitatoryNeurons_PTZvsSAL_1hr,Ptprg,2
L56ExcitatoryNeurons_PTZvsSAL_1hr,Ptprs,11
L56ExcitatoryNeurons_PTZvsSAL_1hr,Rcan2,1
L56ExcitatoryNeurons_PTZvsSAL_1hr,Rgs7bp,1
L56ExcitatoryNeurons_PTZvsSAL_1hr,Rheb,4
L56ExcitatoryNeurons_PTZvsSAL_1hr,Rph3a,1
L56ExcitatoryNeurons_PTZvsSAL_1hr,Scn1a,6
L56ExcitatoryNeurons_PTZvsSAL_1hr,Scn8a,6
L56ExcitatoryNeurons_PTZvsSAL_1hr,Sema6a,6
L56ExcitatoryNeurons_PTZvsSAL_1hr,Sema6d,6
L56ExcitatoryNeurons_PTZvsSAL_1hr,Slc1a2,1
L56ExcitatoryNeurons_PTZvsSAL_1hr,Sorl1,1
L56ExcitatoryNeurons_PTZvsSAL_1hr,Stmn1,1
L56ExcitatoryNeurons_PTZvsSAL_1hr,Stmn2,2
L56ExcitatoryNeurons_PTZvsSAL_1hr,Sybu,2
L56ExcitatoryNeurons_PTZvsSAL_1hr,Tanc2,4
L56ExcitatoryNeurons_PTZvsSAL_1hr,Tiam2,3
L56ExcitatoryNeurons_PTZvsSAL_1hr,Tmem108,6
L56ExcitatoryNeurons_PTZvsSAL_1hr,Tuba1a,6
L56ExcitatoryNeurons_PTZvsSAL_1hr,Tubb2b,1
L56ExcitatoryNeurons_PTZvsSAL_1hr,Tubb3,1
L56ExcitatoryNeurons_PTZvsSAL_1hr,Tubb5,2
L56ExcitatoryNeurons_PTZvsSAL_1hr,Ubb,2
L56ExcitatoryNeurons_PTZvsSAL_1hr,Zeb2,4
L56ExcitatoryNeurons_PTZvsSAL_24hr,Ank3,2
L56ExcitatoryNeurons_PTZvsSAL_24hr,Mef2c,3
L56ExcitatoryNeurons_PTZvsSAL_24hr,Nlgn1,3
L56ExcitatoryNeurons_PTZvsSAL_24hr,Syt6,3
L56ExcitatoryNeurons_PTZvsSAL_24hr,Tuba1a,3
MGE_24hrvs1hr_PTZ,Gphn,1
MGE_24hrvs1hr_PTZ,Homer1,1
MGE_24hrvs1hr_PTZ,Hsp90aa1,2
MGE_24hrvs1hr_PTZ,Mapt,3
MGE_24hrvs1hr_PTZ,Nbea,1
MGE_24hrvs1hr_PTZ,Rims2,2
MGE_24hrvs1hr_PTZ,Rufy3,2
MGE_24hrvs1hr_PTZ,Snap25,1
MGE_24hrvs1hr_PTZ,Syt4,2
MGE_24hrvs1hr_PTZ,Ttc3,2
MGE_24hrvs1hr_PTZ,Zeb2,2
MGE_24hrvs1hr_SAL,Atp1b1,2
MGE_24hrvs1hr_SAL,Cacng2,2
MGE_24hrvs1hr_SAL,Cacng3,2
MGE_24hrvs1hr_SAL,Calm1,2
MGE_24hrvs1hr_SAL,Cfl1,2
MGE_24hrvs1hr_SAL,Dnm2,2
MGE_24hrvs1hr_SAL,Ndufa4,2
MGE_24hrvs1hr_SAL,Trpc6,2
MGE_PTZvsSAL_1hr,Celf2,2
MGE_PTZvsSAL_1hr,Celf4,2
MGE_PTZvsSAL_1hr,Cpeb1,1
MGE_PTZvsSAL_1hr,Cpeb3,1
MGE_PTZvsSAL_1hr,Cpeb4,1
MGE_PTZvsSAL_1hr,Ddx5,2
MGE_PTZvsSAL_1hr,Impact,1
MGE_PTZvsSAL_1hr,Mbnl2,2
MGE_PTZvsSAL_1hr,Pabpn1,1
MGE_PTZvsSAL_1hr,Snrnp70,2
MGE_PTZvsSAL_1hr,Son,2
NdnfRelnInhibitoryInterneurons_24hrvs1hr_PTZ,Cwc22,5
NdnfRelnInhibitoryInterneurons_24hrvs1hr_PTZ,Snrnp70,7
NdnfRelnInhibitoryInterneurons_24hrvs1hr_SAL,Atp1b1,4
NdnfRelnInhibitoryInterneurons_24hrvs1hr_SAL,Cacna1e,8
NdnfRelnInhibitoryInterneurons_24hrvs1hr_SAL,Csmd1,5
NdnfRelnInhibitoryInterneurons_24hrvs1hr_SAL,Grin2a,12
NdnfRelnInhibitoryInterneurons_24hrvs1hr_SAL,Grm5,8
NdnfRelnInhibitoryInterneurons_24hrvs1hr_SAL,Nr3c2,4
NdnfRelnInhibitoryInterneurons_24hrvs1hr_SAL,Tuba1a,8
OPCs_24hrvs1hr_PTZ,Gpc5,2
OPCs_24hrvs1hr_PTZ,Kank1,2
OPCs_24hrvs1hr_PTZ,Sulf2,2
OPCs_24hrvs1hr_PTZ,Zeb2,2
OPCs_24hrvs1hr_SAL,Apc,1
OPCs_24hrvs1hr_SAL,Atp1b1,6
OPCs_24hrvs1hr_SAL,Cacna1b,1
OPCs_24hrvs1hr_SAL,Cacna2d1,7
OPCs_24hrvs1hr_SAL,Cacnb2,6
OPCs_24hrvs1hr_SAL,Cdh11,4
OPCs_24hrvs1hr_SAL,Cdh12,3
OPCs_24hrvs1hr_SAL,Cdh8,5
OPCs_24hrvs1hr_SAL,Celf4,2
OPCs_24hrvs1hr_SAL,Chrm3,3
OPCs_24hrvs1hr_SAL,Clstn2,5
OPCs_24hrvs1hr_SAL,Cntn5,7
OPCs_24hrvs1hr_SAL,Epha3,6
OPCs_24hrvs1hr_SAL,Epha6,3
OPCs_24hrvs1hr_SAL,Epha7,9
OPCs_24hrvs1hr_SAL,Foxp1,6
OPCs_24hrvs1hr_SAL,Frmpd4,2
OPCs_24hrvs1hr_SAL,Gabra2,3
OPCs_24hrvs1hr_SAL,Gabrg3,2
OPCs_24hrvs1hr_SAL,Grin2a,7
OPCs_24hrvs1hr_SAL,Grin2b,5
OPCs_24hrvs1hr_SAL,Hcn1,7
OPCs_24hrvs1hr_SAL,Hecw1,4
OPCs_24hrvs1hr_SAL,Hsp90ab1,4
OPCs_24hrvs1hr_SAL,Kcnh7,4
OPCs_24hrvs1hr_SAL,Kcnn2,4
OPCs_24hrvs1hr_SAL,Lingo2,3
OPCs_24hrvs1hr_SAL,Malat1,2
OPCs_24hrvs1hr_SAL,Map1b,4
OPCs_24hrvs1hr_SAL,Nedd4l,11
OPCs_24hrvs1hr_SAL,Nr3c2,6
OPCs_24hrvs1hr_SAL,Nrcam,11
OPCs_24hrvs1hr_SAL,Nrp1,9
OPCs_24hrvs1hr_SAL,Plxna4,6
OPCs_24hrvs1hr_SAL,Ptprs,8
OPCs_24hrvs1hr_SAL,Robo2,7
OPCs_24hrvs1hr_SAL,Slit3,6
OPCs_24hrvs1hr_SAL,Syt1,3
OPCs_24hrvs1hr_SAL,Tenm4,1
OPCs_24hrvs1hr_SAL,Tuba1a,2
OPCs_24hrvs1hr_SAL,Unc5d,4
OPCs_PTZvsSAL_1hr,Cwc22,5
OPCs_PTZvsSAL_1hr,Malat1,8
