,ID,Description,GeneRatio,BgRatio,pvalue,p.adjust,qvalue,geneID,Count,log_p_adj,GeneRatio_numeric,BgRatio_numeric,Fold_enrichment,score,Cell_type,Comparison
GO:0034765,GO:0034765,regulation of monoatomic ion transmembrane transport,14/96,430/17643,8.19E-08,0.000163483,0.000142155,Kcnn2/Atp1b1/Dpp10/Hcn1/Asic2/Cacna2d1/Scn2a/Grin2a/Cacna1e/Kcnq5/Kcnq3/Nedd4/Kcnj3/Cacna1b,14,3.786528669,0.145833333,0.024372272,5.983575581,22.65698048,Astrocytes,24hrvs1hr_PTZ
GO:0071805,GO:0071805,potassium ion transmembrane transport,Sep-96,194/17643,1.11E-06,0.002214135,0.000962642,Slc1a3/Kcnn2/Atp1b1/Dpp10/Hcn1/Kcnq5/Kcnq3/Nedd4/Kcnj3,9,2.654795954,0.09375,0.010995862,8.525934278,22.63461583,Astrocytes,24hrvs1hr_PTZ
GO:0006813,GO:0006813,potassium ion transport,Sep-96,225/17643,3.77E-06,0.007518015,0.002179077,Slc1a3/Kcnn2/Atp1b1/Dpp10/Hcn1/Kcnq5/Kcnq3/Nedd4/Kcnj3,9,2.123896799,0.09375,0.012752933,7.35125,15.61329634,Astrocytes,24hrvs1hr_PTZ
GO:0042391,GO:0042391,regulation of membrane potential,Dec-96,455/17643,6.59E-06,0.013138242,0.002856064,Kcnn2/Atp1b1/Gja1/Hcn1/Asic2/Cacna2d1/Scn2a/Ntrk2/Celf4/Grin2a/Kcnq3/Nedd4,12,1.881462746,0.125,0.025789265,4.846978022,9.11940858,Astrocytes,24hrvs1hr_PTZ
GO:0060047,GO:0060047,heart contraction,Aug-96,202/17643,1.44E-05,0.028720832,0.004287179,Kcnn2/Atp1b1/Gja1/Cacna2d1/Cacna1e/Sgcz/Sgcd/Cacna1b,8,1.541802987,0.083333333,0.0114493,7.278465347,11.22195961,Astrocytes,24hrvs1hr_PTZ
GO:0001508,GO:0001508,action potential,Jul-96,146/17643,1.48E-05,0.029582317,0.004287179,Kcnn2/Hcn1/Cacna2d1/Scn2a/Ntrk2/Grin2a/Kcnq3,7,1.528967812,0.072916667,0.008275237,8.811429795,13.47239253,Astrocytes,24hrvs1hr_PTZ
GO:0003015,GO:0003015,heart process,Aug-96,214/17643,2.18E-05,0.043554583,0.005361266,Kcnn2/Atp1b1/Gja1/Cacna2d1/Cacna1e/Sgcz/Sgcd/Cacna1b,8,1.360966142,0.083333333,0.012129456,6.870327103,9.350282569,Astrocytes,24hrvs1hr_PTZ
GO:0007613,GO:0007613,memory,Jul-96,158/17643,2.47E-05,0.049324944,0.005361266,Apoe/Tuba1a/Snap25/Scn2a/Ntrk2/Grin2a/Brinp1,7,1.306933396,0.072916667,0.008955393,8.142207278,10.64132261,Astrocytes,24hrvs1hr_PTZ
GO:0007409,GO:0007409,axonogenesis,40/240,456/17643,3.28E-21,8.77E-18,6.81E-18,Pak3/Plppr4/Unc5d/Tenm2/Epha6/Ank3/Slit3/Epha3/Dscam/Cntn1/Cntn5/Snap91/Cntnap2/Grin1/Hsp90aa1/Bcl11a/Map1b/Mapt/Epha7/Tubb2b/Tnr/Dscaml1/Actg1/Unc5c/Cacna1a/Plxna4/Robo1/Cdh11/Sipa1l1/Actb/Chl1/Sema6d/Foxp1/Hsp90ab1/Nrp1/Klf7/Nptn/Gli3/Epha5/Cdkl5,40,17.05717695,0.166666667,0.025845945,6.448464912,109.9926071,Astrocytes,24hrvs1hr_SAL
GO:0042391,GO:0042391,regulation of membrane potential,38/240,455/17643,1.95E-19,5.22E-16,2.03E-16,Grin2a/Hcn1/Gabrb2/Cacnb4/Ubb/Ank3/Celf4/Gabrb3/Asic2/Scn2a/Nalcn/Slc8a1/Dpp6/Kcnh7/Cacna2d1/Cntnap2/Gria1/Ryr2/Grin1/Rims1/Atp1b1/Cacna1c/Grin2b/Scn3a/Mapt/Kcnq3/Pex5l/Tmem108/Rapgef4/Cacna1d/Scn8a/Cacnb2/Cacna1a/Akap6/Fgf14/Foxp1/Pclo/Gabra2,38,15.28259433,0.158333333,0.025789265,6.139505495,93.82757184,Astrocytes,24hrvs1hr_SAL
GO:0034765,GO:0034765,regulation of monoatomic ion transmembrane transport,33/240,430/17643,6.98E-16,1.86E-12,3.93E-13,Cacna1e/Cacna1b/Grin2a/Hcn1/Cacnb4/Hecw2/Ank3/Kcnb2/Hecw1/Asic2/Scn2a/Nalcn/Slc8a1/Dpp6/Kcnh7/Cacna2d1/Kcnip4/Ryr2/Grin1/Atp1b1/Dpp10/Kcnq5/Cacna1c/Kcnj3/Scn3a/Cacna2d3/Kcnq3/Cacna1d/Scn8a/Cacnb2/Cacna1a/Akap6/Fgf14,33,11.7294077,0.1375,0.024372272,5.641656977,66.17329476,Astrocytes,24hrvs1hr_SAL
GO:0007626,GO:0007626,locomotory behavior,26/240,250/17643,7.57E-16,2.02E-12,3.93E-13,Cacna1e/Cacna1b/Slc4a10/Snap25/Grin2a/Tuba1a/Cacnb4/Dscam/Cntn1/Cntnap2/Grin1/Adam22/Cacna1c/Pcdh15/Mapt/Nrg1/Grm1/Tnr/Sobp/Scn8a/Npas3/Cacna1a/Chl1/Fgf14/Prex2/Gnao1,26,11.69430174,0.108333333,0.014169926,7.6453,89.4064451,Astrocytes,24hrvs1hr_SAL
GO:0001508,GO:0001508,action potential,20/240,146/17643,9.49E-15,2.53E-11,3.94E-12,Grin2a/Hcn1/Cacnb4/Ank3/Scn2a/Dpp6/Kcnh7/Cacna2d1/Cntnap2/Gria1/Ryr2/Cacna1c/Grin2b/Scn3a/Kcnq3/Rapgef4/Cacna1d/Scn8a/Cacnb2/Foxp1,20,10.59616972,0.083333333,0.008275237,10.07020548,106.7056064,Astrocytes,24hrvs1hr_SAL
GO:0007411,GO:0007411,axon guidance,23/240,222/17643,4.16E-14,1.11E-10,1.23E-11,Unc5d/Tenm2/Epha6/Ank3/Slit3/Epha3/Dscam/Cntn1/Cntn5/Epha7/Tubb2b/Dscaml1/Unc5c/Plxna4/Robo1/Chl1/Sema6d/Foxp1/Nrp1/Klf7/Nptn/Gli3/Epha5,23,9.954566295,0.095833333,0.012582894,7.61615991,75.81556874,Astrocytes,24hrvs1hr_SAL
GO:0097485,GO:0097485,neuron projection guidance,23/240,222/17643,4.16E-14,1.11E-10,1.23E-11,Unc5d/Tenm2/Epha6/Ank3/Slit3/Epha3/Dscam/Cntn1/Cntn5/Epha7/Tubb2b/Dscaml1/Unc5c/Plxna4/Robo1/Chl1/Sema6d/Foxp1/Nrp1/Klf7/Nptn/Gli3/Epha5,23,9.954566295,0.095833333,0.012582894,7.61615991,75.81556874,Astrocytes,24hrvs1hr_SAL
GO:0099173,GO:0099173,postsynapse organization,24/240,248/17643,5.20E-14,1.39E-10,1.35E-11,Pak3/Frmpd4/Zfp804a/Grin2a/Dlg2/Cnksr2/Ppfia2/Sorbs2/Cntnap2/Ptprd/Grin1/Lrrtm4/Shisa6/Grin2b/Epha7/Hspa8/Tmem108/Rapgef4/Sipa1l1/Actb/Sh3gl2/Nrp1/Epha5/Cdkl5,24,9.857134158,0.1,0.014056566,7.114112903,70.1247653,Astrocytes,24hrvs1hr_SAL
GO:0007416,GO:0007416,synapse assembly,22/240,213/17643,1.62E-13,4.33E-10,3.74E-11,Lrfn5/Gabrb2/Nrg3/Lingo2/Gabrb3/Asic2/Cntn5/Cntnap2/Ptprd/Gria1/Grin1/Lrrtm4/Mapt/Nrg1/Epha7/Clstn2/Cacna1a/Robo1/Sipa1l1/Pclo/Gabra2/Nptn,22,9.363084583,0.091666667,0.012072777,7.592840376,71.09240666,Astrocytes,24hrvs1hr_SAL
GO:0034329,GO:0034329,cell junction assembly,30/240,431/17643,2.10E-13,5.61E-10,4.36E-11,Cdh12/Lrfn5/Gabrb2/Nrg3/Lingo2/Gabrb3/Epha3/Asic2/Cntn5/Cntnap2/Ptprd/Gria1/Grin1/Lrrtm4/Cdh8/Ptprk/Mapt/Nrg1/Epha7/Clstn2/Actg1/Cacna1a/Robo1/Cdh11/Sipa1l1/Actb/Pclo/Nrp1/Gabra2/Nptn,30,9.251138589,0.125,0.024428952,5.11687935,47.33696001,Astrocytes,24hrvs1hr_SAL
GO:1904427,GO:1904427,positive regulation of calcium ion transmembrane transport,30-Apr,92/17643,1.71E-05,0.017632739,0.012565881,Atp1b1/Cacna1d/Calm1/Fgf14,4,1.753680209,0.133333333,0.005214533,25.56956522,44.84084047,CGE,24hrvs1hr_PTZ
GO:0031647,GO:0031647,regulation of protein stability,22-May,287/17643,2.31E-05,0.018099199,0.009189643,Hspa8/Gapdh/Atp1b1/Hsp90ab1/Hsp90aa1,5,1.742340638,0.227272727,0.016267075,13.97133354,24.34282221,CGE,24hrvs1hr_SAL
GO:0006457,GO:0006457,protein folding,22-Apr,160/17643,4.20E-05,0.032890916,0.009189643,Hspa8/Ppia/Hsp90ab1/Hsp90aa1,4,1.482924028,0.181818182,0.009068752,20.04886364,29.73094162,CGE,24hrvs1hr_SAL
GO:0021953,GO:0021953,central nervous system neuron differentiation,22-Apr,178/17643,6.36E-05,0.049836629,0.009189643,Ubb/Hsp90ab1/Hsp90aa1/Brinp2,4,1.302451339,0.181818182,0.010088987,18.02145046,23.47206228,CGE,24hrvs1hr_SAL
GO:0048024,GO:0048024,"regulation of mRNA splicing, via spliceosome",3-Feb,100/17643,9.51E-05,0.008080602,0.001309231,Snrnp70/Ddx5,2,2.092556269,0.666666667,0.00566797,117.62,246.1264684,CGE,PTZvsSAL_1hr
GO:0050684,GO:0050684,regulation of mRNA processing,3-Feb,124/17643,0.000146326,0.012437692,0.001309231,Snrnp70/Ddx5,2,1.905260207,0.666666667,0.007028283,94.85483871,180.7231497,CGE,PTZvsSAL_1hr
GO:0043484,GO:0043484,regulation of RNA splicing,3-Feb,171/17643,0.000278396,0.023663685,0.00166061,Snrnp70/Ddx5,2,1.625917616,0.666666667,0.009692229,68.78362573,111.8365088,CGE,PTZvsSAL_1hr
GO:0007409,GO:0007409,axonogenesis,55/564,456/17643,1.62E-17,6.85E-14,4.61E-14,Slit3/Hsp90aa1/Cck/Chl1/Nfix/Cntnap2/Bcl11a/Zeb2/Plxna4/Rufy3/Slit1/Dpysl5/Ank3/Cacna1a/Foxp1/L1cam/Mapt/Etv1/Ephb2/Flrt2/Rab3a/Dab1/Dcc/Actg1/Macf1/Plxna1/D130043K22Rik/Map1b/Hsp90ab1/Robo1/Vcl/Dnm2/Dvl1/Adcy1/Megf9/Aplp2/Actb/Pak3/Tubb2b/Aplp1/Kif5a/Ncam1/Uchl1/Bcl11b/Actr3/Clasp2/Ptprs/Eif4g2/Tubb3/Ablim1/Bsg/Lrp1/Dscaml1/Ntng1/Ulk2,55,13.16459918,0.09751773,0.025845945,3.773037981,49.67053271,ExcitatoryNeuronsCA1,24hrvs1hr_PTZ
GO:0099003,GO:0099003,vesicle-mediated transport in synapse,41/564,262/17643,2.63E-17,1.11E-13,4.61E-14,Magi2/Nrg1/Rimbp2/Rims2/Prkcg/Stxbp5l/Syt1/Syt4/Mapk10/Cacna1a/Prepl/Atp6v0a1/Snca/Slc17a7/Btbd9/Atp2a2/Ppp3r1/Ap2b1/Ppfia2/Snap25/Rab3a/Cacna1b/Actg1/Trim9/Atp6v1a/Unc13b/Cltc/Nsg1/Dnm2/Dvl1/Atp6v1h/Rock1/Caly/Actb/Ppp3cb/Syn2/Fgf14/Dtnbp1/Vamp2/Rapgef4/Pfn2,41,12.95486574,0.072695035,0.014850082,4.895261491,63.41745536,ExcitatoryNeuronsCA1,24hrvs1hr_PTZ
GO:0099504,GO:0099504,synaptic vesicle cycle,37/564,222/17643,1.20E-16,5.05E-13,1.40E-13,Magi2/Rimbp2/Rims2/Prkcg/Stxbp5l/Syt1/Syt4/Cacna1a/Prepl/Atp6v0a1/Snca/Slc17a7/Btbd9/Atp2a2/Ppp3r1/Ap2b1/Ppfia2/Snap25/Rab3a/Cacna1b/Actg1/Trim9/Atp6v1a/Unc13b/Cltc/Dnm2/Dvl1/Atp6v1h/Rock1/Actb/Ppp3cb/Syn2/Fgf14/Dtnbp1/Vamp2/Rapgef4/Pfn2,37,12.29684088,0.065602837,0.012582894,5.213652482,64.11145498,ExcitatoryNeuronsCA1,24hrvs1hr_PTZ
GO:0050803,GO:0050803,regulation of synapse structure or activity,41/564,306/17643,6.81E-15,2.87E-11,5.97E-12,Tanc1/Magi2/Nrg1/Gpm6a/Lrfn5/Hspa8/Grin2b/Malat1/Pgrmc1/Cfl1/Mdga2/Snca/Homer1/Slc17a7/Chd4/Ephb2/Ppfia2/Flrt2/Frmpd4/Il1rapl2/Shank2/Ywhaz/Robo1/Dvl1/Wasl/Prnp/Actr2/Ptprt/Rock1/Tuba1a/Rheb/Pak3/Dgkb/Farp1/Hnrnpk/Rock2/Dtnbp1/Actr3/Ptprs/Rapgef4/Adgrb1,41,10.54154646,0.072695035,0.017343989,4.191367682,44.18349714,ExcitatoryNeuronsCA1,24hrvs1hr_PTZ
GO:0050807,GO:0050807,regulation of synapse organization,40/564,298/17643,1.38E-14,5.84E-11,9.70E-12,Tanc1/Magi2/Nrg1/Gpm6a/Lrfn5/Hspa8/Grin2b/Malat1/Pgrmc1/Cfl1/Mdga2/Snca/Homer1/Chd4/Ephb2/Ppfia2/Flrt2/Frmpd4/Il1rapl2/Shank2/Ywhaz/Robo1/Dvl1/Wasl/Prnp/Actr2/Ptprt/Rock1/Tuba1a/Rheb/Pak3/Dgkb/Farp1/Hnrnpk/Rock2/Dtnbp1/Actr3/Ptprs/Rapgef4/Adgrb1,40,10.23364253,0.070921986,0.016890551,4.198914751,42.97019258,ExcitatoryNeuronsCA1,24hrvs1hr_PTZ
GO:0007409,GO:0007409,axonogenesis,30/214,456/17643,4.21E-14,1.15E-10,9.75E-11,Actb/Epha6/Epha5/Ptprs/Tubb2b/Ttc3/Ncam1/Vcl/Cdh2/Matn2/Unc5d/Nfib/Actg1/Epha7/Ank3/Nfix/Neo1/Clasp2/Macf1/Robo1/Tubb3/Mapt/Agrn/Robo2/Trpc5/Gap43/Tenm2/Stmn1/Dcc/Bcl11a,30,9.938255103,0.140186916,0.025845945,5.42394245,53.90452373,ExcitatoryNeuronsCA1,PTZvsSAL_1hr
GO:0050807,GO:0050807,regulation of synapse organization,37/515,298/17643,9.97E-14,3.85E-10,3.33E-10,Tuba1a/Tubb5/Hspa8/Syndig1/Cfl1/Magi2/Flrt2/Dtnbp1/Ptprs/Clstn1/Malat1/Prnp/Camkv/Gpm6a/Nlgn1/Chd4/Ephb2/Negr1/Hnrnpk/Lrrtm4/Lzts1/Nrg1/Ptk2/Il1rapl2/Mdga2/Agrn/Lrfn5/Epha7/Rapgef4/Ywhaz/Lrfn2/Nrg2/Dab2ip/St8sia2/Ptpro/Mycbp2/Cdh2,37,9.413989877,0.07184466,0.016890551,4.253541409,40.04279576,ExcitatoryNeuronsCA1,24hrvs1hr_SAL
GO:0050803,GO:0050803,regulation of synapse structure or activity,37/515,306/17643,2.28E-13,8.82E-10,3.81E-10,Tuba1a/Tubb5/Hspa8/Syndig1/Cfl1/Magi2/Flrt2/Dtnbp1/Ptprs/Clstn1/Malat1/Prnp/Camkv/Gpm6a/Nlgn1/Chd4/Ephb2/Negr1/Hnrnpk/Lrrtm4/Lzts1/Nrg1/Ptk2/Il1rapl2/Mdga2/Agrn/Lrfn5/Epha7/Rapgef4/Ywhaz/Lrfn2/Nrg2/Dab2ip/St8sia2/Ptpro/Mycbp2/Cdh2,37,9.054561628,0.07184466,0.017343989,4.142337712,37.5070521,ExcitatoryNeuronsCA1,24hrvs1hr_SAL
GO:0099173,GO:0099173,postsynapse organization,34/564,248/17643,7.56E-13,3.19E-09,4.41E-10,Tanc1/Magi2/Hspa8/Cnksr2/Grin2b/Cntnap2/Cfl1/Homer1/Nos1ap/Ephb2/Ppfia2/Frmpd4/Shank2/Tmem108/Dvl1/Wasl/Prnp/Actr2/Shank1/Nrxn2/Actb/Sorbs1/Rheb/Pak3/Dgkb/Farp1/Hnrnpk/Rock2/Dtnbp1/Actr3/Ptprs/Rapgef4/Adgrb1/Arhgap39,34,8.496665939,0.060283688,0.014056566,4.288649623,36.43922317,ExcitatoryNeuronsCA1,24hrvs1hr_PTZ
GO:0007409,GO:0007409,axonogenesis,44/515,456/17643,3.37E-12,1.30E-08,3.74E-09,Actb/Actg1/Tubb2b/Hsp90aa1/Hsp90ab1/Tubb3/Uchl1/Trpc5/Slit3/Aplp1/Flrt2/Ptprs/Ttc3/Sema3c/Nfib/Gdi1/Matn2/Cck/Ephb2/Olfm1/Epha6/Map3k13/Ptk2/D130043K22Rik/Agrn/Stmn1/Ablim1/Chl1/Map2/Dixdc1/Epha7/Dnm2/Zeb2/Neo1/Map6/Dpysl5/Ptpro/Nr4a3/Bcl11a/Cntn6/Epha5/Nova2/Mycbp2/Cdh2,44,7.885573799,0.085436893,0.025845945,3.305620848,26.06671715,ExcitatoryNeuronsCA1,24hrvs1hr_SAL
GO:0048167,GO:0048167,regulation of synaptic plasticity,33/564,248/17643,3.83E-12,1.61E-08,1.87E-09,Prrt1/Rims2/Prkcg/Grin2b/Jph4/Nr3c1/Syt4/Slc4a10/Cfl1/Kcnq3/Kcnn2/Ncdn/Mapt/Snca/Ephb2/Snap25/Mir124a-1hg/Gria1/Rab3a/Rasgrf1/Shank2/Unc13b/Nsg1/Chrd/Adcy1/Prnp/Hnrnpk/Fgf14/Sorcs3/Vamp2/Iqsec2/Adgrb1/Cpeb1,33,7.792067726,0.058510638,0.014056566,4.162512869,32.43458219,ExcitatoryNeuronsCA1,24hrvs1hr_PTZ
GO:0007611,GO:0007611,learning or memory,37/564,308/17643,4.26E-12,1.80E-08,1.87E-09,Tanc1/Nrg1/Specc1/Itga8/Prrt1/Pja2/Cck/Taco1/Nfix/Grin2b/Cntnap2/Jph4/Pgrmc1/Syt4/Cacna1c/Brinp1/Mapt/Slc17a7/Btbd9/Camk4/Ephb2/Snap25/Gria1/Cyp7b1/Csmd1/Shank2/Plcb1/Chrd/Adcy1/Prnp/Shank1/Nrxn2/Tuba1a/Pde8b/Ncam1/Grm7/Sorcs3,37,7.74567155,0.065602837,0.017457349,3.757892374,29.10740005,ExcitatoryNeuronsCA1,24hrvs1hr_PTZ
GO:0042391,GO:0042391,regulation of membrane potential,46/564,455/17643,4.93E-12,2.08E-08,1.92E-09,Dmd/Atp1b1/Cacna1d/Rimbp2/Ank2/Rims2/Cck/Ubb/Grin2b/Cntnap2/Cacna1c/Ank3/Kcnh7/Pkp2/Kcnq3/Kcnn2/Cacna1a/Foxp1/Mapt/Snca/Slc17a7/Atp2a2/Cx3cl1/Slc8a1/Gabra4/Nos1ap/Calm3/Fhl1/Gria1/Calm1/Cacnb2/Cnih2/Unc13b/Ywhah/Fgf12/Tmem108/Dvl1/Shank1/Parp1/Cacna2d1/Fgf14/Nr3c2/Gabra2/Rapgef4/Rgs7bp/Pex5l,46,7.682185499,0.081560284,0.025789265,3.16256722,24.29542804,ExcitatoryNeuronsCA1,24hrvs1hr_PTZ
GO:1990138,GO:1990138,neuron projection extension,29/564,200/17643,9.30E-12,3.92E-08,3.26E-09,Slit3/Hsp90aa1/Rims2/Syt1/Bcl11a/Plxna4/Rufy3/Slit1/Syt4/L1cam/Mapt/Rasal1/Macf1/Plxna1/D130043K22Rik/Map1b/Hsp90ab1/Robo1/Tmem108/Vcl/Dnm2/Dvl1/Hnrnpk/Actr3/Clasp2/Ptprs/Eif4g2/Lrp1/Ulk2,29,7.406343264,0.05141844,0.011335941,4.53587766,33.59426695,ExcitatoryNeuronsCA1,24hrvs1hr_PTZ
GO:0034329,GO:0034329,cell junction assembly,25/214,431/17643,9.79E-11,2.68E-07,1.13E-07,Actb/Negr1/Cadm1/Ptprs/Vcl/Cdh2/Syndig1/Actg1/Epha7/Nrxn2/Pkp2/Clasp2/Vmp1/Macf1/Lingo2/Robo1/Sptbn2/Nrxn3/Fmn1/Kirrel3/Mapt/Cdh10/Agrn/Sorbs1/Gap43,25,6.571276412,0.11682243,0.024428952,4.782130234,31.4246996,ExcitatoryNeuronsCA1,PTZvsSAL_1hr
GO:0099173,GO:0099173,postsynapse organization,19/214,248/17643,1.94E-10,5.32E-07,1.50E-07,Actb/Cnksr2/Epha5/Cadm1/Ptprs/Cdh2/Dgkz/Epha7/Nrxn2/Ube3a/Homer1/Sptbn2/Arhgap39/Nrxn3/Tanc1/Agrn/Sorbs1/Gap43/Frmpd4,19,6.274022704,0.088785047,0.014056566,6.316268465,39.62841176,ExcitatoryNeuronsCA1,PTZvsSAL_1hr
GO:0007416,GO:0007416,synapse assembly,27/515,213/17643,1.45E-10,5.59E-07,1.21E-07,Syndig1/Magi2/Flrt2/Ptprs/Clstn1/Gpm6a/Nlgn1/Chd4/Ephb2/Negr1/Gria1/Lrrtm4/Lzts1/Nrg1/Ptk2/Il1rapl2/Mdga2/Nrg3/Agrn/Lrfn5/Epha7/Gabrb3/Nrg2/St8sia2/Mycbp2/Large1/Cdh2,27,6.252276317,0.052427184,0.012072777,4.342595378,27.15110624,ExcitatoryNeuronsCA1,24hrvs1hr_SAL
GO:0007411,GO:0007411,axon guidance,17/214,222/17643,1.83E-09,5.02E-06,8.49E-07,Epha6/Epha5/Tubb2b/Ncam1/Matn2/Unc5d/Nfib/Epha7/Ank3/Neo1/Robo1/Tubb3/Agrn/Robo2/Gap43/Tenm2/Dcc,17,5.299301325,0.079439252,0.012582894,6.313273554,33.45593891,ExcitatoryNeuronsCA1,PTZvsSAL_1hr
GO:0097485,GO:0097485,neuron projection guidance,17/214,222/17643,1.83E-09,5.02E-06,8.49E-07,Epha6/Epha5/Tubb2b/Ncam1/Matn2/Unc5d/Nfib/Epha7/Ank3/Neo1/Robo1/Tubb3/Agrn/Robo2/Gap43/Tenm2/Dcc,17,5.299301325,0.079439252,0.012582894,6.313273554,33.45593891,ExcitatoryNeuronsCA1,PTZvsSAL_1hr
GO:0099003,GO:0099003,vesicle-mediated transport in synapse,28/515,262/17643,3.43E-09,1.32E-05,1.69E-06,Actb/Actg1/Syndig1/Magi2/Dtnbp1/Clstn1/Fgf14/Nlgn1/Atp2a2/Nsg1/Nrg1/Rab27b/Snap25/Prkcg/Unc13c/Rapgef4/Dnm2/Rims2/Rimbp2/Syn3/Unc13b/Cacna1e/Btbd9/Syt1/Ppp3cc/Pacsin1/Cdh2/Rnf216,28,4.877875317,0.054368932,0.014850082,3.661187282,17.85881508,ExcitatoryNeuronsCA1,24hrvs1hr_SAL
GO:0051963,GO:0051963,regulation of synapse assembly,20/515,138/17643,3.48E-09,1.35E-05,1.69E-06,Syndig1/Flrt2/Ptprs/Clstn1/Nlgn1/Chd4/Ephb2/Negr1/Lrrtm4/Lzts1/Nrg1/Ptk2/Il1rapl2/Mdga2/Agrn/Lrfn5/Epha7/Nrg2/St8sia2/Mycbp2,20,4.870794019,0.038834951,0.007821799,4.96496412,24.18331754,ExcitatoryNeuronsCA1,24hrvs1hr_SAL
GO:0031345,GO:0031345,negative regulation of cell projection organization,25/515,213/17643,3.54E-09,1.37E-05,1.69E-06,Trpc5/Cfl1/Dtnbp1/Mylip/Ptprs/Ttc3/Sema3c/Xylt1/Prnp/Nlgn1/Gdi1/Ephb2/Dleu2/Ywhah/Rap1gap2/Ptk2/D130043K22Rik/Map2/Epha7/Dnm2/Neo1/Dpysl5/Flna/Bcl11a/Mphosph9,25,4.864172851,0.048543689,0.012072777,4.020921646,19.55845791,ExcitatoryNeuronsCA1,24hrvs1hr_SAL
GO:0042391,GO:0042391,regulation of membrane potential,23/214,455/17643,8.03E-09,2.20E-05,3.10E-06,Kcnh7/Cacna1c/Cacna1d/Celf4/Dpp6/Rgs7bp/Ubb/Pex5l/Pkp2/Ank3/Trpc4/Kcnd2/Kcnn2/Mapt/Dgki/Agrn/Pid1/Ank2/Atxn1/Trpc5/Dmd/Parp1/Kcnk2,23,4.657287853,0.107476636,0.025789265,4.167495122,19.40922441,ExcitatoryNeuronsCA1,PTZvsSAL_1hr
GO:0050684,GO:0050684,regulation of mRNA processing,Aug-72,124/17643,3.90E-08,5.56E-05,3.57E-05,Ddx5/Malat1/Snrnp70/Celf5/Son/Safb/Hspa8/Celf2,8,4.25531129,0.111111111,0.007028283,15.80913978,67.272811,ExcitatoryNeuronsCA1,PTZvsSAL_24hr
GO:0050890,GO:0050890,cognition,19/214,343/17643,4.09E-08,0.000112178,1.22E-05,Tuba1a/Cacna1c/Brinp1/Grm7/Prrt1/Ncam1/Nrxn2/Ube3a/Nfix/Itga8/Shc3/Nrxn3/Tanc1/Mapt/Pde4d/Dgki/Rtl4/Atxn1/Adcy8,19,3.950090623,0.088785047,0.019441138,4.566864663,18.03952928,ExcitatoryNeuronsCA1,PTZvsSAL_1hr
GO:0007611,GO:0007611,learning or memory,18/214,308/17643,4.20E-08,0.000115127,1.22E-05,Tuba1a/Cacna1c/Brinp1/Grm7/Prrt1/Ncam1/Nrxn2/Ube3a/Nfix/Itga8/Shc3/Nrxn3/Tanc1/Mapt/Pde4d/Dgki/Atxn1/Adcy8,18,3.938824431,0.08411215,0.017457349,4.818151475,18.97785274,ExcitatoryNeuronsCA1,PTZvsSAL_1hr
GO:0099504,GO:0099504,synaptic vesicle cycle,24/515,222/17643,3.66E-08,0.000141397,1.53E-05,Actb/Actg1/Syndig1/Magi2/Dtnbp1/Fgf14/Nlgn1/Atp2a2/Rab27b/Snap25/Prkcg/Unc13c/Rapgef4/Dnm2/Rims2/Rimbp2/Syn3/Unc13b/Cacna1e/Btbd9/Syt1/Ppp3cc/Pacsin1/Cdh2,24,3.849559414,0.046601942,0.012582894,3.703594857,14.25720845,ExcitatoryNeuronsCA1,24hrvs1hr_SAL
GO:0007416,GO:0007416,synapse assembly,15/214,213/17643,5.21E-08,0.000142732,1.34E-05,Negr1/Cadm1/Ptprs/Cdh2/Syndig1/Epha7/Nrxn2/Lingo2/Robo1/Sptbn2/Nrxn3/Kirrel3/Mapt/Agrn/Gap43,15,3.845479177,0.070093458,0.012072777,5.805910228,22.32650688,ExcitatoryNeuronsCA1,PTZvsSAL_1hr
GO:0000375,GO:0000375,"RNA splicing, via transesterification reactions",Oct-72,264/17643,1.13E-07,0.000160584,3.57E-05,Cwc22/Ddx5/Malat1/Snrnp70/Srrm2/Celf5/Son/Hspa8/Celf2/Rsrc1,10,3.794297834,0.138888889,0.014963442,9.281881313,35.21822216,ExcitatoryNeuronsCA1,PTZvsSAL_24hr
GO:0000377,GO:0000377,"RNA splicing, via transesterification reactions with bulged adenosine as nucleophile",Oct-72,264/17643,1.13E-07,0.000160584,3.57E-05,Cwc22/Ddx5/Malat1/Snrnp70/Srrm2/Celf5/Son/Hspa8/Celf2/Rsrc1,10,3.794297834,0.138888889,0.014963442,9.281881313,35.21822216,ExcitatoryNeuronsCA1,PTZvsSAL_24hr
GO:0000398,GO:0000398,"mRNA splicing, via spliceosome",Oct-72,264/17643,1.13E-07,0.000160584,3.57E-05,Cwc22/Ddx5/Malat1/Snrnp70/Srrm2/Celf5/Son/Hspa8/Celf2/Rsrc1,10,3.794297834,0.138888889,0.014963442,9.281881313,35.21822216,ExcitatoryNeuronsCA1,PTZvsSAL_24hr
GO:0034329,GO:0034329,cell junction assembly,35/515,431/17643,5.18E-08,0.000200321,1.92E-05,Actb/Actg1/Syndig1/Cfl1/Magi2/Flrt2/Ptprs/Clstn1/Gpm6a/Nlgn1/Chd4/Ephb2/Negr1/Gria1/Lrrtm4/Lzts1/Nrg1/Ptk2/Il1rapl2/Mdga2/Nrg3/Agrn/Lrfn5/Rapgef1/Epha7/Gabrb3/Nrg2/Iqgap1/St8sia2/Ptpro/Jam3/Mycbp2/Large1/Cdh2/Cdh10,35,3.698272863,0.067961165,0.024428952,2.781992656,10.28856795,ExcitatoryNeuronsCA1,24hrvs1hr_SAL
GO:0048024,GO:0048024,"regulation of mRNA splicing, via spliceosome",Jul-72,100/17643,1.66E-07,0.00023614,4.20E-05,Ddx5/Malat1/Snrnp70/Celf5/Son/Hspa8/Celf2,7,3.626830669,0.097222222,0.00566797,17.15291667,62.21072423,ExcitatoryNeuronsCA1,PTZvsSAL_24hr
GO:1901888,GO:1901888,regulation of cell junction assembly,24/515,229/17643,6.64E-08,0.000256657,2.22E-05,Actg1/Syndig1/Cfl1/Flrt2/Ptprs/Clstn1/Nlgn1/Chd4/Ephb2/Negr1/Lrrtm4/Lzts1/Nrg1/Ptk2/Il1rapl2/Mdga2/Agrn/Lrfn5/Rapgef1/Epha7/Nrg2/Iqgap1/St8sia2/Mycbp2,24,3.590647498,0.046601942,0.012979652,3.590384534,12.89180524,ExcitatoryNeuronsCA1,24hrvs1hr_SAL
GO:0006397,GO:0006397,mRNA processing,Dec-72,454/17643,2.77E-07,0.000394495,5.85E-05,Cwc22/Ddx5/Malat1/Snrnp70/Srrm2/Celf5/Son/Safb/Hspa8/Pabpc1/Celf2/Rsrc1,12,3.403958536,0.166666667,0.025732585,6.476872247,22.04700457,ExcitatoryNeuronsCA1,PTZvsSAL_24hr
GO:0050803,GO:0050803,regulation of synapse structure or activity,Oct-72,306/17643,4.41E-07,0.000628783,8.00E-05,Tuba1a/Malat1/Tubb5/Camkv/Ptprs/Hspa8/Dvl1/Camk2b/Grin1/Slc17a7,10,3.201499125,0.138888889,0.017343989,8.007897603,25.63727717,ExcitatoryNeuronsCA1,PTZvsSAL_24hr
GO:0086001,GO:0086001,cardiac muscle cell action potential,8/214,56/17643,3.54E-07,0.00097077,7.46E-05,Cacna1c/Cacna1d/Pkp2/Ank3/Kcnd2/Kcnn2/Ank2/Dmd,8,3.012883581,0.037383178,0.003174063,11.7777036,35.48484981,ExcitatoryNeuronsCA1,PTZvsSAL_1hr
GO:0008380,GO:0008380,RNA splicing,Nov-72,406/17643,7.18E-07,0.001023254,0.000113867,Cwc22/Ddx5/Malat1/Snrnp70/Srrm2/Celf5/Son/Hspa8/Pabpc1/Celf2/Rsrc1,11,2.990016624,0.152777778,0.023011959,6.639059934,19.85089957,ExcitatoryNeuronsCA1,PTZvsSAL_24hr
GO:0035235,GO:0035235,ionotropic glutamate receptor signaling pathway,Apr-72,19/17643,9.43E-07,0.001345206,0.000133061,Grin2a/Gria2/Grin1/Atp1a3,4,2.871211166,0.055555556,0.001076914,51.5877193,148.1192357,ExcitatoryNeuronsCA1,PTZvsSAL_24hr
GO:1903311,GO:1903311,regulation of mRNA metabolic process,Sep-72,275/17643,1.72E-06,0.002451905,0.000218277,Ddx5/Malat1/Snrnp70/Celf5/Son/Safb/Hspa8/Pabpc1/Celf2,9,2.610496289,0.125,0.015586918,8.019545455,20.93499365,ExcitatoryNeuronsCA1,PTZvsSAL_24hr
GO:0099003,GO:0099003,vesicle-mediated transport in synapse,20/220,262/17643,1.11E-10,3.12E-07,2.62E-07,Nlgn1/Stxbp5l/Actg1/Rims2/Rab3a/Ppfia2/Fgf14/Cacna1b/Cltc/Prkcg/Magi2/Actb/Atp2a2/Dnm1/Nrxn1/Hpca/Pacsin1/Atp6v1a/Nrg1/Amph,20,6.506111935,0.090909091,0.014850082,6.121790423,39.82905373,ExcitatoryNeuronsCA3,24hrvs1hr_PTZ
GO:0099504,GO:0099504,synaptic vesicle cycle,18/220,222/17643,3.71E-10,1.04E-06,4.38E-07,Nlgn1/Stxbp5l/Actg1/Rims2/Rab3a/Ppfia2/Fgf14/Cacna1b/Cltc/Prkcg/Magi2/Actb/Atp2a2/Dnm1/Nrxn1/Pacsin1/Atp6v1a/Amph,18,5.982138175,0.081818182,0.012582894,6.502334152,38.89786136,ExcitatoryNeuronsCA3,24hrvs1hr_PTZ
GO:0032409,GO:0032409,regulation of transporter activity,19/220,273/17643,1.57E-09,4.41E-06,1.23E-06,Taco1/Fhl1/Prrt1/Nlgn1/Cfl1/Calm1/Calm3/Dmd/Cacna1d/Fgf14/Homer1/Ywhah/Atp1b1/Actb/Nrxn1/Ndfip1/Hpca/Slc25a4/Calm2,19,5.355894213,0.086363636,0.015473559,5.581368631,29.89321995,ExcitatoryNeuronsCA3,24hrvs1hr_PTZ
GO:0022898,GO:0022898,regulation of transmembrane transporter activity,18/220,262/17643,5.28E-09,1.48E-05,3.11E-06,Taco1/Fhl1/Prrt1/Nlgn1/Cfl1/Calm1/Calm3/Dmd/Cacna1d/Fgf14/Homer1/Ywhah/Atp1b1/Actb/Nrxn1/Hpca/Slc25a4/Calm2,18,4.82948839,0.081818182,0.014850082,5.509611381,26.6086042,ExcitatoryNeuronsCA3,24hrvs1hr_PTZ
GO:0032412,GO:0032412,regulation of monoatomic ion transmembrane transporter activity,16/220,254/17643,1.28E-07,0.000359363,6.04E-05,Taco1/Fhl1/Prrt1/Nlgn1/Cfl1/Calm1/Calm3/Dmd/Cacna1d/Fgf14/Homer1/Ywhah/Atp1b1/Nrxn1/Hpca/Calm2,16,3.44446605,0.072727273,0.014396645,5.051682176,17.40034775,ExcitatoryNeuronsCA3,24hrvs1hr_PTZ
GO:0031346,GO:0031346,positive regulation of cell projection organization,21/220,440/17643,1.58E-07,0.000444243,6.22E-05,Ahi1/Hsp90aa1/Nlgn1/Cfl1/Dynlt1a/Tubb2b/Dmd/Rufy3/Nefl/Enc1/Lrp1/Magi2/Nckap1/Wasl/Plxna1/Nrxn1/Zeb2/Gpm6a/Pacsin1/Stmn2/Nrg1,21,3.352379194,0.095454545,0.024939069,3.827510331,12.831266,ExcitatoryNeuronsCA3,24hrvs1hr_PTZ
GO:0030100,GO:0030100,regulation of endocytosis,17/220,296/17643,1.94E-07,0.000542951,6.28E-05,Ahi1/Nlgn1/Actg1/Ankrd13d/Mib1/Prkcg/Lrp1/Mctp1/Magi2/Actb/Wasl/Dnm1/Mkln1/Hpca/Pacsin1/Nrg1/Amph,17,3.265239292,0.077272727,0.016777192,4.605820025,15.03910452,ExcitatoryNeuronsCA3,24hrvs1hr_PTZ
GO:0050807,GO:0050807,regulation of synapse organization,17/220,298/17643,2.13E-07,0.000597495,6.28E-05,Malat1/Nlgn1/Cfl1/Tuba1a/Ube3a/Ywhaz/Tanc1/Ppfia2/Homer1/Nefl/Hspa8/Magi2/Wasl/Nrxn1/Gpm6a/Ntng2/Nrg1,17,3.223665407,0.077272727,0.016890551,4.574908481,14.74797421,ExcitatoryNeuronsCA3,24hrvs1hr_PTZ
GO:0007409,GO:0007409,axonogenesis,21/220,456/17643,2.86E-07,0.000803027,7.30E-05,Hsp90aa1/Nptx1/Actg1/Tubb2b/Uchl1/Rab3a/Olfm1/Hsp90ab1/Rufy3/Nefl/Ifrd1/Unc5c/Trim46/Lrp1/Actb/Chl1/Plxna1/Epha6/Zeb2/Ntng2/Lmo4,21,3.09526961,0.095454545,0.025845945,3.693211722,11.43148601,ExcitatoryNeuronsCA3,24hrvs1hr_PTZ
GO:0050803,GO:0050803,regulation of synapse structure or activity,17/220,306/17643,3.10E-07,0.000869285,7.30E-05,Malat1/Nlgn1/Cfl1/Tuba1a/Ube3a/Ywhaz/Tanc1/Ppfia2/Homer1/Nefl/Hspa8/Magi2/Wasl/Nrxn1/Gpm6a/Ntng2/Nrg1,17,3.060837922,0.077272727,0.017343989,4.45530303,13.63696047,ExcitatoryNeuronsCA3,24hrvs1hr_PTZ
GO:0007409,GO:0007409,axonogenesis,21/153,456/17643,4.37E-10,1.06E-06,9.17E-07,Tubb2b/Actb/Hsp90aa1/Hsp90ab1/Actg1/Uchl1/Aplp1/Ndn/Rab3a/Stmn1/Tubb3/Mt3/Slit3/Nefl/Ptprs/Bcl11a/Gdi1/Lgi1/Ttc3/Rufy3/Apbb2,21,5.975929301,0.137254902,0.025845945,5.310500516,31.73517564,ExcitatoryNeuronsCA3,24hrvs1hr_SAL
GO:1990138,GO:1990138,neuron projection extension,13/153,200/17643,2.06E-08,4.98E-05,2.16E-05,Hsp90aa1/Hsp90ab1/Ndn/Mt3/Slit3/Syt4/Ptprs/Hnrnpk/Bcl11a/Gdi1/Ttc3/Rufy3/Tmem108,13,4.302793397,0.08496732,0.011335941,7.495392157,32.25112388,ExcitatoryNeuronsCA3,24hrvs1hr_SAL
GO:0048588,GO:0048588,developmental cell growth,14/153,270/17643,9.92E-08,0.000239634,5.96E-05,Hsp90aa1/Hsp90ab1/Ndn/Mt3/Slit3/Syt4/Ptprs/Hnrnpk/Slc25a4/Bcl11a/Gdi1/Ttc3/Rufy3/Tmem108,14,3.620452224,0.091503268,0.01530352,5.979230211,21.64751732,ExcitatoryNeuronsCA3,24hrvs1hr_SAL
GO:0060560,GO:0060560,developmental growth involved in morphogenesis,14/153,273/17643,1.14E-07,0.000274621,5.96E-05,Hsp90aa1/Hsp90ab1/Cfl1/Ndn/Mt3/Slit3/Syt4/Ptprs/Hnrnpk/Bcl11a/Gdi1/Ttc3/Rufy3/Tmem108,14,3.561266026,0.091503268,0.015473559,5.913524384,21.05963348,ExcitatoryNeuronsCA3,24hrvs1hr_SAL
GO:0031346,GO:0031346,positive regulation of cell projection organization,16/153,440/17643,1.43E-06,0.003459289,0.000600462,Tubb2b/Hsp90aa1/Cfl1/Enc1/Dynlt1a/Ahi1/Nefl/Pacsin1/Hnrnpk/Bcl11a/Gdi1/Dynll1/Rufy3/Ankrd27/Ndrg4/Kctd17,16,2.461013139,0.104575163,0.024939069,4.193226381,10.31958522,ExcitatoryNeuronsCA3,24hrvs1hr_SAL
GO:0099072,GO:0099072,regulation of postsynaptic membrane neurotransmitter receptor levels,9/153,132/17643,2.24E-06,0.005418381,0.000783767,Hsp90aa1/Rapgef4/Nbea/Nsg1/Pacsin1/Vamp2/Nptxr/Ywhae/Lgi1,9,2.26613045,0.058823529,0.007481721,7.862299465,17.81699623,ExcitatoryNeuronsCA3,24hrvs1hr_SAL
GO:0048675,GO:0048675,axon extension,9/153,135/17643,2.70E-06,0.006529534,0.000809567,Hsp90aa1/Hsp90ab1/Ndn/Mt3/Slit3/Ptprs/Gdi1/Ttc3/Rufy3,9,2.185117791,0.058823529,0.00765176,7.687581699,16.79827154,ExcitatoryNeuronsCA3,24hrvs1hr_SAL
GO:0016049,GO:0016049,cell growth,16/153,494/17643,6.30E-06,0.015230491,0.001652314,Hsp90aa1/Hsp90ab1/Cfl1/Ndn/Mt3/Slit3/Syt4/Ptprs/Hnrnpk/Slc25a4/Bcl11a/Gdi1/Lgi1/Ttc3/Rufy3/Tmem108,16,1.817286108,0.104575163,0.027999773,3.734857506,6.787304661,ExcitatoryNeuronsCA3,24hrvs1hr_SAL
GO:0008361,GO:0008361,regulation of cell size,10/153,210/17643,1.51E-05,0.036400454,0.00317384,Hsp90aa1/Hsp90ab1/Cfl1/Akt3/Mt3/Ptprs/Bcl11a/Gdi1/Ttc3/Rufy3,10,1.438893201,0.065359477,0.011902738,5.491129785,7.901149316,ExcitatoryNeuronsCA3,24hrvs1hr_SAL
GO:0071514,GO:0071514,genomic imprinting,4/153,18/17643,1.51E-05,0.036569261,0.00317384,Ndn/Meg3/Gnas/Airn,4,1.436883818,0.026143791,0.001020235,25.62527233,36.82053915,ExcitatoryNeuronsCA3,24hrvs1hr_SAL
GO:0035249,GO:0035249,"synaptic transmission, glutamatergic",Jul-74,119/17643,6.58E-07,0.000957361,0.000322737,Gria2/Grik4/Homer1/Grin2a/Grm1/Nlgn1/Grik2,7,3.018924378,0.094594595,0.006744885,14.02464229,42.3393345,ExcitatoryNeuronsCA3,PTZvsSAL_1hr
GO:0050684,GO:0050684,regulation of mRNA processing,Jul-74,124/17643,8.70E-07,0.001265253,0.000322737,Snrnp70/Malat1/Ddx5/Pabpn1/Rbfox1/Son/Srsf2,7,2.897822457,0.094594595,0.007028283,13.45913252,39.00217646,ExcitatoryNeuronsCA3,PTZvsSAL_1hr
GO:0051966,GO:0051966,"regulation of synaptic transmission, glutamatergic",Jun-74,81/17643,1.12E-06,0.001629757,0.000322737,Gria2/Homer1/Grin2a/Grm1/Nlgn1/Grik2,6,2.787877024,0.081081081,0.004591056,17.66066066,49.23575009,ExcitatoryNeuronsCA3,PTZvsSAL_1hr
GO:0000375,GO:0000375,"RNA splicing, via transesterification reactions",Sep-74,264/17643,1.55E-06,0.002257196,0.000322737,Snrnp70/Malat1/Ddx5/Prpf4b/Rbfox1/Rsrp1/Cwc22/Son/Srsf2,9,2.646430764,0.121621622,0.014963442,8.12791769,21.50997143,ExcitatoryNeuronsCA3,PTZvsSAL_1hr
GO:0000377,GO:0000377,"RNA splicing, via transesterification reactions with bulged adenosine as nucleophile",Sep-74,264/17643,1.55E-06,0.002257196,0.000322737,Snrnp70/Malat1/Ddx5/Prpf4b/Rbfox1/Rsrp1/Cwc22/Son/Srsf2,9,2.646430764,0.121621622,0.014963442,8.12791769,21.50997143,ExcitatoryNeuronsCA3,PTZvsSAL_1hr
GO:0000398,GO:0000398,"mRNA splicing, via spliceosome",Sep-74,264/17643,1.55E-06,0.002257196,0.000322737,Snrnp70/Malat1/Ddx5/Prpf4b/Rbfox1/Rsrp1/Cwc22/Son/Srsf2,9,2.646430764,0.121621622,0.014963442,8.12791769,21.50997143,ExcitatoryNeuronsCA3,PTZvsSAL_1hr
GO:0048024,GO:0048024,"regulation of mRNA splicing, via spliceosome",Jun-74,100/17643,3.87E-06,0.005621931,0.000653209,Snrnp70/Malat1/Ddx5/Rbfox1/Son/Srsf2,6,2.25011448,0.081081081,0.00566797,14.30513514,32.18819171,ExcitatoryNeuronsCA3,PTZvsSAL_1hr
GO:0050807,GO:0050807,regulation of synapse organization,Sep-74,298/17643,4.19E-06,0.006091328,0.000653209,Malat1/Tuba1a/Ptprs/Magi2/Homer1/Clstn2/Nlgn1/Tubb5/Epha7,9,2.21528801,0.121621622,0.016890551,7.200571377,15.95133944,ExcitatoryNeuronsCA3,PTZvsSAL_1hr
GO:0050803,GO:0050803,regulation of synapse structure or activity,Sep-74,306/17643,5.19E-06,0.007551998,0.000719863,Malat1/Tuba1a/Ptprs/Magi2/Homer1/Clstn2/Nlgn1/Tubb5/Epha7,9,2.12193814,0.121621622,0.017343989,7.012321145,14.87971169,ExcitatoryNeuronsCA3,PTZvsSAL_1hr
GO:0099173,GO:0099173,postsynapse organization,Aug-74,248/17643,9.22E-06,0.013405945,0.001150079,Actb/Ptprs/Magi2/Homer1/Grin2a/Nptx1/Nlgn1/Epha7,8,1.872702566,0.108108108,0.014056566,7.690932868,14.40282972,ExcitatoryNeuronsCA3,PTZvsSAL_1hr
GO:0008380,GO:0008380,RNA splicing,16-May,406/17643,2.23E-05,0.009658423,0.004872412,Cwc22/Ddx5/Hspa8/Pabpc1/Srrm2,5,2.015093785,0.3125,0.023011959,13.57989532,27.36476265,ExcitatoryNeuronsCA3,PTZvsSAL_24hr
GO:0006397,GO:0006397,mRNA processing,16-May,454/17643,3.81E-05,0.01650832,0.004872412,Cwc22/Ddx5/Hspa8/Pabpc1/Srrm2,5,1.782297129,0.3125,0.025732585,12.14413546,21.64445777,ExcitatoryNeuronsCA3,PTZvsSAL_24hr
GO:0000375,GO:0000375,"RNA splicing, via transesterification reactions",16-Apr,264/17643,7.74E-05,0.033516168,0.004872412,Cwc22/Ddx5/Hspa8/Srrm2,4,1.474745636,0.25,0.014963442,16.70738636,24.63914513,ExcitatoryNeuronsCA3,PTZvsSAL_24hr
GO:0000377,GO:0000377,"RNA splicing, via transesterification reactions with bulged adenosine as nucleophile",16-Apr,264/17643,7.74E-05,0.033516168,0.004872412,Cwc22/Ddx5/Hspa8/Srrm2,4,1.474745636,0.25,0.014963442,16.70738636,24.63914513,ExcitatoryNeuronsCA3,PTZvsSAL_24hr
GO:0000398,GO:0000398,"mRNA splicing, via spliceosome",16-Apr,264/17643,7.74E-05,0.033516168,0.004872412,Cwc22/Ddx5/Hspa8/Srrm2,4,1.474745636,0.25,0.014963442,16.70738636,24.63914513,ExcitatoryNeuronsCA3,PTZvsSAL_24hr
GO:0007409,GO:0007409,axonogenesis,27-Jun,456/17643,5.38E-05,0.046710411,0.034327563,Tubb2b/Mef2c/Zeb2/Chl1/Actg1/Rufy3,6,1.330586315,0.222222222,0.025845945,8.597953216,11.44031888,ExcitatoryNeuronsImmatureDG,24hrvs1hr_PTZ
GO:0050807,GO:0050807,regulation of synapse organization,Jun-31,298/17643,1.14E-05,0.005684374,0.002536803,Tuba1a/Malat1/Frmpd4/Gpr158/Asic2/Grid2,6,2.245317376,0.193548387,0.016890551,11.4589738,25.72903299,ExcitatoryNeuronsImmatureDG,24hrvs1hr_SAL
GO:0050803,GO:0050803,regulation of synapse structure or activity,Jun-31,306/17643,1.32E-05,0.006607535,0.002536803,Tuba1a/Malat1/Frmpd4/Gpr158/Asic2/Grid2,6,2.179960527,0.193548387,0.017343989,11.15939279,24.32703579,ExcitatoryNeuronsImmatureDG,24hrvs1hr_SAL
GO:0050807,GO:0050807,regulation of synapse organization,55/597,298/17643,2.79E-25,1.24E-21,9.58E-22,Robo1/Tanc1/Sparcl1/Ctnna2/Il1rap/Myo5b/Ppfia2/Nrxn1/Il1rapl1/Nrg1/Ptk2b/Ptprs/Lrrtm4/Mycbp2/Ntrk3/Prnp/Negr1/Cttnbp2/Ptpro/Grin2b/Grid2/Kalrn/Tanc2/Lingo2/Grid1/Adgrb1/Sema4d/C1ql3/Epha4/Malat1/Icam5/Ephb2/Neurod2/Nrcam/Gpr158/Adgrb2/Mef2c/Magi2/Il1rapl2/Actr3/Mdga2/Bhlhb9/Cdh2/Zfp804a/Ywhaz/Lrfn5/Nrp2/Dnm3/Snca/Hnrnpm/Gsk3b/Pgrmc1/Gpm6a/Asic2/Tuba1a,55,20.90773747,0.092127303,0.016890551,5.454369161,114.0385185,ExcitatoryNeuronsMatureDG,24hrvs1hr_PTZ
GO:0050803,GO:0050803,regulation of synapse structure or activity,55/597,306/17643,1.08E-24,4.80E-21,1.86E-21,Robo1/Tanc1/Sparcl1/Ctnna2/Il1rap/Myo5b/Ppfia2/Nrxn1/Il1rapl1/Nrg1/Ptk2b/Ptprs/Lrrtm4/Mycbp2/Ntrk3/Prnp/Negr1/Cttnbp2/Ptpro/Grin2b/Grid2/Kalrn/Tanc2/Lingo2/Grid1/Adgrb1/Sema4d/C1ql3/Epha4/Malat1/Icam5/Ephb2/Neurod2/Nrcam/Gpr158/Adgrb2/Mef2c/Magi2/Il1rapl2/Actr3/Mdga2/Bhlhb9/Cdh2/Zfp804a/Ywhaz/Lrfn5/Nrp2/Dnm3/Snca/Hnrnpm/Gsk3b/Pgrmc1/Gpm6a/Asic2/Tuba1a,55,20.31846072,0.092127303,0.017343989,5.311771275,107.927016,ExcitatoryNeuronsMatureDG,24hrvs1hr_PTZ
GO:0007416,GO:0007416,synapse assembly,46/597,213/17643,2.67E-24,1.18E-20,3.05E-21,Robo1/Cntnap2/Il1rap/Nrxn1/Nptx1/Il1rapl1/Nrg1/Ptk2b/Ptprs/Cadm1/Nrg3/Lrrtm4/Cacna1a/Mycbp2/Ntrk3/Negr1/Grid2/Lingo2/Adgrb1/Sema4d/C1ql3/Icam5/Ephb2/Fgf13/Mapt/Adgrb2/Cntn5/Mef2c/Magi2/Il1rapl2/Actr3/Pcdh17/Nptxr/Mdga2/Bhlhb9/Cdh2/Lrfn5/Bsn/Srgap2/Dnm3/Snca/Gsk3b/Gpm6a/Nptn/Asic2/Large1,46,19.9278433,0.077051926,0.012072777,6.382287022,127.1852157,ExcitatoryNeuronsMatureDG,24hrvs1hr_PTZ
GO:0034329,GO:0034329,cell junction assembly,61/597,431/17643,1.21E-21,5.37E-18,1.04E-18,Robo1/Cntnap2/Il1rap/Ctnnd2/Nrxn1/Nptx1/Il1rapl1/Nrg1/Ptk2b/Ptprs/Cadm1/Nrg3/Lrrtm4/Cacna1a/Mycbp2/Ntrk3/Macf1/Cdh12/Negr1/Rapgef2/Ptpro/Cdh11/Grid2/Clasp2/Lingo2/Adgrb1/Sema4d/C1ql3/Dlg1/Cdh13/Icam5/Ephb2/Fgf13/Mapt/Mpdz/Adgrb2/Cntn5/Mef2c/Magi2/Il1rapl2/Actr3/Pcdh17/Nptxr/Mdga2/Bhlhb9/Sorbs1/Cdh2/Ptprk/Lrfn5/Bsn/Srgap2/Dnm3/Snca/Nedd4l/Gsk3b/Map4k4/Cdh10/Gpm6a/Nptn/Asic2/Large1,61,17.2698469,0.102177554,0.024428952,4.182641747,72.23358263,ExcitatoryNeuronsMatureDG,24hrvs1hr_PTZ
GO:0099173,GO:0099173,postsynapse organization,45/597,248/17643,1.50E-20,6.62E-17,1.03E-17,Tanc1/Cnksr2/Grin2a/Cntnap2/Dock10/Il1rap/Myo5b/Ctnnd2/Ppfia2/Nrxn1/Nptx1/Il1rapl1/Ptk2b/Ptprs/Cadm1/Dlg2/Lrrtm4/Arhgap39/Ntrk3/Prnp/Grin2b/Grid2/Kalrn/Tanc2/Grid1/Adgrb1/C1ql3/Epha4/Nos1ap/Ephb2/Nrcam/Magi2/Actr3/Nptxr/Bhlhb9/Sorbs1/Cdh2/Glrb/Zfp804a/Frrs1l/Nrp2/Dnm3/Sorbs2/Hnrnpm/Cpne6,45,16.17909447,0.075376884,0.014056566,5.362396661,86.75872216,ExcitatoryNeuronsMatureDG,24hrvs1hr_PTZ
GO:0007409,GO:0007409,axonogenesis,60/597,456/17643,1.08E-19,4.79E-16,6.18E-17,Robo1/Slit1/Ctnna2/Dab1/Cntnap2/Ntng1/Sema6d/Myo5b/Nptx1/Dcc/Ptprs/Adcy1/Olfm1/Cacna1a/Mycbp2/Unc5d/Ntrk3/Slit3/Macf1/Ank3/Ptpro/Ncam1/Cdh11/Dscam/Prkg1/Kalrn/Clasp2/Dscaml1/L1cam/Prickle1/Sema4d/Epha4/Sema3e/Ptprz1/Ablim1/Hsp90aa1/Nrn1/Ephb2/Robo2/Fgf13/Mapt/Nrcam/Apc/Aplp1/Cntn5/Mef2c/Actr3/Dpysl5/Cdh2/Nrp2/Alcam/Cyfip2/Gsk3b/Nfix/Ust/Plxna4/Zeb2/Unc5a/Nptn/Atl1,60,15.31995949,0.100502513,0.025845945,3.888521555,59.57199272,ExcitatoryNeuronsMatureDG,24hrvs1hr_PTZ
GO:0007611,GO:0007611,learning or memory,47/597,308/17643,3.17E-18,1.40E-14,1.55E-15,Tanc1/Cacna1c/Grin2a/Cntnap2/Itga8/Ctnnd2/Nrxn1/Pde4d/Nrg1/Adcy1/Csmd1/Prnp/Pja2/Ncam1/Grin2b/Jph4/Kalrn/Btbd9/Specc1/Pde8b/Brinp1/Grm5/Slc24a2/Ptprz1/Plcb1/Ephb2/Fgf13/Grm7/Mapt/Neurod2/Camk4/Cyp7b1/Mef2c/Atp1a3/Slc12a5/Bhlhb9/Prrt1/Cacna1e/Synj1/Pias1/Nfix/Pgrmc1/Slc8a2/Nptn/Syt11/Tuba1a/Large1,47,13.85320663,0.078726968,0.017457349,4.509674998,62.4734596,ExcitatoryNeuronsMatureDG,24hrvs1hr_PTZ
GO:0048167,GO:0048167,regulation of synaptic plasticity,41/597,248/17643,2.61E-17,1.15E-13,1.12E-14,Erc2/Grin2a/Grip1/Ctnnd2/Cpeb1/Sorcs2/Rasgrf1/Ptk2b/Adcy1/Ncdn/Grik2/Prnp/Rapgef2/Grin2b/Grid2/Jph4/Adgrb1/Epha4/Grm5/Rims1/Slc24a2/Slc4a10/Mapk1/Kcnn2/Ephb2/Rims2/Mapt/Neurod2/Syt7/Mef2c/Fgf14/Rasgrf2/Atp2b2/Prrt1/Snca/Gsk3b/Slc8a2/Unc13a/Nptn/Large1/Lnpep,41,12.93785974,0.068676717,0.014056566,4.88573918,63.21100822,ExcitatoryNeuronsMatureDG,24hrvs1hr_PTZ
GO:0050890,GO:0050890,cognition,48/597,343/17643,4.96E-17,2.20E-13,1.89E-14,Tanc1/Cacna1c/Grin2a/Cntnap2/Itga8/Ctnnd2/Nrxn1/Pde4d/Nrg1/Adcy1/Csmd1/Prnp/Pja2/Ncam1/Grin2b/Jph4/Kalrn/Btbd9/Specc1/Pde8b/Brinp1/Grm5/Slc24a2/Ptprz1/Plcb1/Ephb2/Fgf13/Grm7/Mapt/Neurod2/Gpr158/Camk4/Cyp7b1/Mef2c/Atp1a3/Slc12a5/Bhlhb9/Prrt1/Cacna1e/Synj1/Pias1/Nfix/Pgrmc1/Slc8a2/Nptn/Syt11/Tuba1a/Large1,48,12.65816282,0.08040201,0.019441138,4.135663741,52.349905,ExcitatoryNeuronsMatureDG,24hrvs1hr_PTZ
GO:1990778,GO:1990778,protein localization to cell periphery,50/597,379/17643,1.29E-16,5.69E-13,4.41E-14,Grin2a/Kcnip4/Grip1/Myo5b/Nrxn1/Nbea/Nptx1/Atp1b1/Dlg2/Sorl1/Prnp/Macf1/Ank3/Rapgef2/Kalrn/Clasp2/Lin7a/Efr3a/C1ql3/Kcnb2/Dlg1/Tspan18/Dpp10/Kif1b/Ephb2/Fgf13/Scn3b/Gpr158/Cnih3/Dpp6/Magi2/Hectd1/Actr3/Ccdc88a/Map7/Nptxr/Prepl/Sorbs1/Cdh2/Cltc/Snca/Myo5a/Pias1/Lrrc7/Gsk3b/Sptbn1/Pgrmc1/Cacnb2/Lrp6/Large1,50,12.24472818,0.083752094,0.021481607,3.898781506,47.73951979,ExcitatoryNeuronsMatureDG,24hrvs1hr_PTZ
GO:0007409,GO:0007409,axonogenesis,37/246,456/17643,3.75E-18,1.13E-14,9.74E-15,Actb/Sema6d/App/Myo5b/Ptpro/Actg1/Unc5d/Hsp90ab1/Sema3c/Sema3e/Ctnna2/Klf7/Tubb2b/Ttc3/Robo1/Raph1/Cntn5/Mycbp2/Slit3/Dab1/Auts2/Dnm2/Aplp1/Epha4/Rufy3/D130043K22Rik/Hsp90aa1/Plppr4/Ntf3/Plxna2/Lgi1/Sema5a/L1cam/Sema4d/Shtn1/Map2/Apbb2,37,13.94855212,0.150406504,0.025845945,5.819346384,81.17145637,ExcitatoryNeuronsMatureDG,24hrvs1hr_SAL
GO:1990138,GO:1990138,neuron projection extension,22/246,200/17643,7.32E-14,2.20E-10,9.51E-11,Sema6d/Myo5b/Hsp90ab1/Rims2/Sema3c/Sema3e/Ttc3/Robo1/Raph1/Slit3/Auts2/Dnm2/Tmem108/Rufy3/D130043K22Rik/Hsp90aa1/Sema5a/L1cam/Sema4d/Shtn1/Map2/Syt1,22,9.657824707,0.089430894,0.011335941,7.889146341,76.19199246,ExcitatoryNeuronsMatureDG,24hrvs1hr_SAL
GO:0048675,GO:0048675,axon extension,18/246,135/17643,5.28E-13,1.59E-09,3.78E-10,Sema6d/Myo5b/Hsp90ab1/Sema3c/Sema3e/Ttc3/Raph1/Slit3/Auts2/Dnm2/Rufy3/D130043K22Rik/Hsp90aa1/Sema5a/L1cam/Sema4d/Shtn1/Map2,18,8.799268853,0.073170732,0.00765176,9.562601626,84.14390264,ExcitatoryNeuronsMatureDG,24hrvs1hr_SAL
GO:0048588,GO:0048588,developmental cell growth,24/246,270/17643,5.82E-13,1.75E-09,3.78E-10,Sema6d/App/Myo5b/Hsp90ab1/Rims2/Sema3c/Sema3e/Akap13/Ttc3/Robo1/Raph1/Slit3/Auts2/Dnm2/Tmem108/Rufy3/D130043K22Rik/Hsp90aa1/Sema5a/L1cam/Sema4d/Shtn1/Map2/Syt1,24,8.757270236,0.097560976,0.01530352,6.375067751,55.82819107,ExcitatoryNeuronsMatureDG,24hrvs1hr_SAL
GO:0060560,GO:0060560,developmental growth involved in morphogenesis,24/246,273/17643,7.40E-13,2.22E-09,3.85E-10,Sema6d/App/Myo5b/Hsp90ab1/Rims2/Sema3c/Sema3e/Ttc3/Robo1/Raph1/Slit3/Auts2/Dnm2/Tmem108/Kif26b/Rufy3/D130043K22Rik/Hsp90aa1/Sema5a/L1cam/Sema4d/Shtn1/Map2/Syt1,24,8.652901012,0.097560976,0.015473559,6.305012061,54.55664525,ExcitatoryNeuronsMatureDG,24hrvs1hr_SAL
GO:0007411,GO:0007411,axon guidance,20/246,222/17643,4.21E-11,1.27E-07,1.56E-08,Sema6d/App/Ptpro/Unc5d/Sema3c/Sema3e/Klf7/Tubb2b/Robo1/Cntn5/Mycbp2/Slit3/Epha4/Ntf3/Plxna2/Lgi1/Sema5a/L1cam/Sema4d/Apbb2,20,6.897815923,0.081300813,0.012582894,6.461217315,44.56828768,ExcitatoryNeuronsMatureDG,24hrvs1hr_SAL
GO:0097485,GO:0097485,neuron projection guidance,20/246,222/17643,4.21E-11,1.27E-07,1.56E-08,Sema6d/App/Ptpro/Unc5d/Sema3c/Sema3e/Klf7/Tubb2b/Robo1/Cntn5/Mycbp2/Slit3/Epha4/Ntf3/Plxna2/Lgi1/Sema5a/L1cam/Sema4d/Apbb2,20,6.897815923,0.081300813,0.012582894,6.461217315,44.56828768,ExcitatoryNeuronsMatureDG,24hrvs1hr_SAL
GO:0007626,GO:0007626,locomotory behavior,19/246,250/17643,2.35E-09,7.05E-06,7.62E-07,Tuba1a/Eps8/App/Grin2a/Oxr1/Apba1/Cacna1e/Cacna1c/Atp1a3/Dab1/Pcdh15/Shank2/Epha4/Gnao1/Large1/Prex2/Uba6/Ccnd2/Slc4a10,19,5.151813656,0.077235772,0.014169926,5.450682927,28.08090274,ExcitatoryNeuronsMatureDG,24hrvs1hr_SAL
GO:0030516,GO:0030516,regulation of axon extension,13/246,110/17643,4.39E-09,1.32E-05,1.27E-06,Sema6d/Myo5b/Sema3c/Sema3e/Ttc3/Dnm2/Rufy3/D130043K22Rik/Sema5a/L1cam/Sema4d/Shtn1/Map2,13,4.880086714,0.052845528,0.006234767,8.47594235,41.36333365,ExcitatoryNeuronsMatureDG,24hrvs1hr_SAL
GO:0050770,GO:0050770,regulation of axonogenesis,16/246,181/17643,5.20E-09,1.56E-05,1.35E-06,Sema6d/Myo5b/Sema3c/Sema3e/Ttc3/Robo1/Dab1/Epha4/Rufy3/D130043K22Rik/Plxna2/Sema5a/L1cam/Sema4d/Shtn1/Map2,16,4.806228299,0.06504065,0.010259026,6.339846382,30.47074909,ExcitatoryNeuronsMatureDG,24hrvs1hr_SAL
GO:0099173,GO:0099173,postsynapse organization,19/191,248/17643,2.69E-11,7.38E-08,6.08E-08,Cntnap2/Tanc1/Dock10/Nrxn1/Il1rap/Grin2a/Cadm1/Ptprs/Lrrtm4/Ctnnd2/Arhgap39/Cnksr2/Ppfia2/Glrb/Cdh2/Actb/Nptx1/Frrs1l/App,19,7.131808733,0.09947644,0.014056566,7.076866239,50.47085644,ExcitatoryNeuronsMatureDG,PTZvsSAL_1hr
GO:0022898,GO:0022898,regulation of transmembrane transporter activity,19/191,262/17643,6.96E-11,1.91E-07,7.86E-08,Nrxn1/Chrm3/Rasgrf1/Hcn1/Cacna2d1/Grip1/Grin2a/Pde4d/Scn3b/Asic2/Plcb1/Ank3/Cnih3/Akap6/Actb/Hecw1/Trpc6/Dmd/App,19,6.718853155,0.09947644,0.014850082,6.698713081,45.00766952,ExcitatoryNeuronsMatureDG,PTZvsSAL_1hr
GO:0032409,GO:0032409,regulation of transporter activity,19/191,273/17643,1.41E-10,3.87E-07,1.06E-07,Nrxn1/Chrm3/Rasgrf1/Hcn1/Cacna2d1/Grip1/Grin2a/Pde4d/Scn3b/Asic2/Plcb1/Ank3/Cnih3/Akap6/Actb/Hecw1/Trpc6/Dmd/App,19,6.412315944,0.09947644,0.015473559,6.428801565,41.22350678,ExcitatoryNeuronsMatureDG,PTZvsSAL_1hr
GO:0034765,GO:0034765,regulation of monoatomic ion transmembrane transport,23/191,430/17643,2.90E-10,7.95E-07,1.49E-07,Slc8a1/Dpp10/Kcnq5/Hcn1/Kcnh7/Cacna2d1/Grip1/Grin2a/Pde4d/Scn3b/Asic2/Plcb1/Kcnj3/Cacna1c/Ank3/Kcnb2/Dpp6/Akap6/Hecw1/Trpc6/Kcnip4/Dmd/App,23,6.099600048,0.120418848,0.024372272,4.940813345,30.13698531,ExcitatoryNeuronsMatureDG,PTZvsSAL_1hr
GO:0032412,GO:0032412,regulation of monoatomic ion transmembrane transporter activity,18/191,254/17643,3.29E-10,9.03E-07,1.49E-07,Nrxn1/Chrm3/Rasgrf1/Hcn1/Cacna2d1/Grip1/Grin2a/Pde4d/Scn3b/Asic2/Plcb1/Ank3/Cnih3/Akap6/Hecw1/Trpc6/Dmd/App,18,6.044194458,0.094240838,0.014396645,6.546027951,39.56546586,ExcitatoryNeuronsMatureDG,PTZvsSAL_1hr
GO:0098742,GO:0098742,cell-cell adhesion via plasma-membrane adhesion molecules,15/191,192/17643,2.75E-09,7.56E-06,1.04E-06,Pcdh15/Robo1/Nrg1/Tenm3/Tenm4/Dab1/Nrxn1/Il1rap/Cadm1/Ptprs/Cdh11/Cdh2/Ntng1/Robo2/Cdh12,15,5.121623039,0.078534031,0.010882503,7.21654123,36.96040383,ExcitatoryNeuronsMatureDG,PTZvsSAL_1hr
GO:1904062,GO:1904062,regulation of monoatomic cation transmembrane transport,18/191,321/17643,1.35E-08,3.71E-05,4.36E-06,Slc8a1/Dpp10/Hcn1/Cacna2d1/Grip1/Grin2a/Pde4d/Scn3b/Asic2/Plcb1/Cacna1c/Ank3/Dpp6/Akap6/Hecw1/Kcnip4/Dmd/App,18,4.430761185,0.094240838,0.018194185,5.179723051,22.95011585,ExcitatoryNeuronsMatureDG,PTZvsSAL_1hr
GO:0042391,GO:0042391,regulation of membrane potential,21/191,455/17643,2.42E-08,6.64E-05,6.83E-06,Cntnap2/Slc8a1/Celf4/Nrxn1/Trpc4/Hcn1/Kcnh7/Cacna2d1/Grin2a/Scn3b/Gnaq/Asic2/Cacna1c/Ank3/Glrb/Cnih3/Dpp6/Akap6/Gabra4/Dmd/App,21,4.177990961,0.109947644,0.025789265,4.263310511,17.81207278,ExcitatoryNeuronsMatureDG,PTZvsSAL_1hr
GO:0001508,GO:0001508,action potential,12/191,146/17643,6.38E-08,0.000174935,1.60E-05,Cntnap2/Trpc4/Hcn1/Kcnh7/Cacna2d1/Grin2a/Scn3b/Gnaq/Cacna1c/Ank3/Dpp6/Dmd,12,3.757122308,0.062827225,0.008275237,7.592196801,28.52481197,ExcitatoryNeuronsMatureDG,PTZvsSAL_1hr
GO:0007409,GO:0007409,axonogenesis,20/191,456/17643,1.22E-07,0.000334852,2.76E-05,Robo1/Cntnap2/Slit1/Dab1/Ctnna2/Clasp2/Ncam1/Ptprs/Dcc/Prkg1/Cdh11/Ptprz1/Ank3/Cdh2/Ntng1/Actb/Nptx1/Robo2/App/Slit3,20,3.475147028,0.104712042,0.025845945,4.051391568,14.07918137,ExcitatoryNeuronsMatureDG,PTZvsSAL_1hr
GO:0050684,GO:0050684,regulation of mRNA processing,Aug-82,124/17643,1.09E-07,0.000137633,0.000129445,Malat1/Ddx5/Khdrbs3/Hspa8/Safb/Cdc73/Snrnp70/Son,8,3.861276053,0.097560976,0.007028283,13.88119591,53.59912934,ExcitatoryNeuronsMatureDG,PTZvsSAL_24hr
GO:1903311,GO:1903311,regulation of mRNA metabolic process,Oct-82,275/17643,5.73E-07,0.000720563,0.000338847,Malat1/Ddx5/Pabpc1/Khdrbs3/Hspa8/Safb/Pum2/Cdc73/Snrnp70/Son,10,3.142327833,0.12195122,0.015586918,7.823946785,24.58540575,ExcitatoryNeuronsMatureDG,PTZvsSAL_24hr
GO:0006397,GO:0006397,mRNA processing,Dec-82,454/17643,1.18E-06,0.00148734,0.000466285,Cwc22/Malat1/Ddx5/Pabpc1/Khdrbs3/Hspa8/Safb/Prpf4b/Cdc73/Snrnp70/Srrm2/Son,12,2.82758972,0.146341463,0.025732585,5.687009778,16.08053039,ExcitatoryNeuronsMatureDG,PTZvsSAL_24hr
GO:0000375,GO:0000375,"RNA splicing, via transesterification reactions",Sep-82,264/17643,3.71E-06,0.004666036,0.000731407,Cwc22/Malat1/Ddx5/Khdrbs3/Hspa8/Prpf4b/Snrnp70/Srrm2/Son,9,2.331051924,0.109756098,0.014963442,7.334950111,17.09814957,ExcitatoryNeuronsMatureDG,PTZvsSAL_24hr
GO:0000377,GO:0000377,"RNA splicing, via transesterification reactions with bulged adenosine as nucleophile",Sep-82,264/17643,3.71E-06,0.004666036,0.000731407,Cwc22/Malat1/Ddx5/Khdrbs3/Hspa8/Prpf4b/Snrnp70/Srrm2/Son,9,2.331051924,0.109756098,0.014963442,7.334950111,17.09814957,ExcitatoryNeuronsMatureDG,PTZvsSAL_24hr
GO:0000398,GO:0000398,"mRNA splicing, via spliceosome",Sep-82,264/17643,3.71E-06,0.004666036,0.000731407,Cwc22/Malat1/Ddx5/Khdrbs3/Hspa8/Prpf4b/Snrnp70/Srrm2/Son,9,2.331051924,0.109756098,0.014963442,7.334950111,17.09814957,ExcitatoryNeuronsMatureDG,PTZvsSAL_24hr
GO:0048024,GO:0048024,"regulation of mRNA splicing, via spliceosome",Jun-82,100/17643,7.05E-06,0.008864593,0.00119103,Malat1/Ddx5/Khdrbs3/Hspa8/Snrnp70/Son,6,2.052341181,0.073170732,0.00566797,12.9095122,26.49472351,ExcitatoryNeuronsMatureDG,PTZvsSAL_24hr
GO:0008380,GO:0008380,RNA splicing,Oct-82,406/17643,1.82E-05,0.022919263,0.002694466,Cwc22/Malat1/Ddx5/Pabpc1/Khdrbs3/Hspa8/Prpf4b/Snrnp70/Srrm2/Son,10,1.639799356,0.12195122,0.023011959,5.299471344,8.690069698,ExcitatoryNeuronsMatureDG,PTZvsSAL_24hr
GO:0007409,GO:0007409,axonogenesis,47/315,456/17643,1.22E-22,4.01E-19,3.26E-19,Epha3/Epha6/Dpysl5/Auts2/Ctnna2/Dcc/Dab1/Trim46/Rufy3/Cck/Efna5/Sema6a/Slit1/Lrrc4c/Lhx2/Robo1/Mark2/Ntrk2/L1cam/Ephb2/Cacna1a/Bcl11a/Ptprs/Lgi1/Ntng2/Ulk2/Numb/Cobl/Epha7/Fgf13/Kalrn/Cttn/Foxp1/Gap43/Kif5c/Nectin1/Ptpro/Sema6d/Dclk1/Cntnap2/Dnm2/Fn1/Macf1/Dvl1/Kif5a/Map1b/Nrn1,47,18.39684823,0.149206349,0.025845945,5.772911445,106.2033757,L23ExcitatoryNeurons,24hrvs1hr_PTZ
GO:0048588,GO:0048588,developmental cell growth,29/315,270/17643,9.03E-15,2.98E-11,9.73E-12,Rims2/Auts2/Rasal1/Trim46/Rufy3/Efna5/Sema6a/Slit1/Lhx2/Robo1/L1cam/Tmem108/Bcl11a/Camk2d/Ptprs/Ulk2/Cobl/Epha7/Fgf13/Cttn/Foxp1/Sema6d/Dclk1/Dnm2/Fn1/Macf1/Dvl1/Map1b/Nrn1,29,10.52621265,0.092063492,0.01530352,6.015837743,63.32398733,L23ExcitatoryNeurons,24hrvs1hr_PTZ
GO:0031345,GO:0031345,negative regulation of cell projection organization,26/315,213/17643,1.09E-14,3.59E-11,9.73E-12,Epha3/Dpysl3/Dpysl5/Dab1/Trim46/Rufy3/Nrxn1/Sema6a/Slit1/Ptprg/Grin2b/Ephb2/Bcl11a/Ptprs/Lrrk2/Stmn2/Dync1i2/Ulk2/Epha7/Fgf13/Prnp/Itm2c/Rit2/Sema6d/Map4k4/Dnm2,26,10.44485169,0.082539683,0.012072777,6.836843282,71.40981408,L23ExcitatoryNeurons,24hrvs1hr_PTZ
GO:0060560,GO:0060560,developmental growth involved in morphogenesis,28/315,273/17643,8.56E-14,2.82E-10,5.74E-11,Rims2/Auts2/Rasal1/Trim46/Rufy3/Efna5/Sema6a/Slit1/Lhx2/Robo1/L1cam/Tmem108/Bcl11a/Ptprs/Fmn1/Ulk2/Cobl/Epha7/Fgf13/Cttn/Sema6d/Dclk1/Dnm2/Fn1/Macf1/Dvl1/Map1b/Nrn1,28,9.549311068,0.088888889,0.015473559,5.744566545,54.85665289,L23ExcitatoryNeurons,24hrvs1hr_PTZ
GO:0050807,GO:0050807,regulation of synapse organization,28/315,298/17643,7.56E-13,2.49E-09,4.05E-10,Asic2/Gpr158/Lrfn2/Ctnna2/Efna5/Nrxn1/Homer1/Frmpd4/Malat1/Grin2b/Robo1/Mark2/Ntrk2/Ephb2/Lrp8/Ptprs/Lrrk2/Ntng2/Shank2/Il1rapl2/Numb/Ptk2b/Epha7/Prnp/Kalrn/Nectin1/Ptpro/Dvl1,28,8.603485529,0.088888889,0.016890551,5.262639821,45.27704554,L23ExcitatoryNeurons,24hrvs1hr_PTZ
GO:0010977,GO:0010977,negative regulation of neuron projection development,21/315,160/17643,1.02E-12,3.35E-09,4.31E-10,Epha3/Dpysl3/Dab1/Trim46/Rufy3/Sema6a/Slit1/Ptprg/Ephb2/Bcl11a/Ptprs/Lrrk2/Stmn2/Dync1i2/Ulk2/Epha7/Fgf13/Itm2c/Rit2/Sema6d/Map4k4,21,8.474442673,0.066666667,0.009068752,7.35125,62.2977467,L23ExcitatoryNeurons,24hrvs1hr_PTZ
GO:1990138,GO:1990138,neuron projection extension,23/315,200/17643,1.40E-12,4.61E-09,4.31E-10,Rims2/Auts2/Rasal1/Trim46/Rufy3/Sema6a/Slit1/Lhx2/Robo1/L1cam/Tmem108/Bcl11a/Ptprs/Ulk2/Cttn/Sema6d/Dclk1/Dnm2/Fn1/Macf1/Dvl1/Map1b/Nrn1,23,8.336377617,0.073015873,0.011335941,6.441095238,53.69540217,L23ExcitatoryNeurons,24hrvs1hr_PTZ
GO:0050770,GO:0050770,regulation of axonogenesis,22/315,181/17643,1.41E-12,4.65E-09,4.31E-10,Dab1/Trim46/Rufy3/Efna5/Sema6a/Slit1/Lrrc4c/Robo1/Mark2/Ntrk2/L1cam/Ephb2/Cacna1a/Bcl11a/Ptprs/Ulk2/Epha7/Fgf13/Sema6d/Fn1/Macf1/Map1b,22,8.332385744,0.06984127,0.010259026,6.807787424,56.72511088,L23ExcitatoryNeurons,24hrvs1hr_PTZ
GO:0050803,GO:0050803,regulation of synapse structure or activity,28/315,306/17643,1.45E-12,4.77E-09,4.31E-10,Asic2/Gpr158/Lrfn2/Ctnna2/Efna5/Nrxn1/Homer1/Frmpd4/Malat1/Grin2b/Robo1/Mark2/Ntrk2/Ephb2/Lrp8/Ptprs/Lrrk2/Ntng2/Shank2/Il1rapl2/Numb/Ptk2b/Epha7/Prnp/Kalrn/Nectin1/Ptpro/Dvl1,28,8.321586152,0.088888889,0.017343989,5.125054466,42.64858227,L23ExcitatoryNeurons,24hrvs1hr_PTZ
GO:0099173,GO:0099173,postsynapse organization,25/315,248/17643,2.84E-12,9.36E-09,7.61E-10,Cnksr2/Lrfn2/Nrxn1/Homer1/Frmpd4/Grin2b/Mark2/Ephb2/Lrp8/Tmem108/Ptprs/Lrrk2/Ntng2/Shank2/Numb/Sorbs1/Ptk2b/Epha7/Prnp/Kalrn/Cttn/Gap43/Cntnap2/Nrxn3/Dvl1,25,8.02875936,0.079365079,0.014056566,5.646121352,45.33134965,L23ExcitatoryNeurons,24hrvs1hr_PTZ
GO:0032411,GO:0032411,positive regulation of transporter activity,Aug-86,122/17643,1.40E-07,0.000247142,0.000207293,Atp1b1/Asic2/Calm1/Cfl1/Ndufa4/Slc25a4/Calm3/Tcaf1,8,3.607052942,0.093023256,0.006914924,13.45253526,48.5240069,L23ExcitatoryNeurons,24hrvs1hr_SAL
GO:0022898,GO:0022898,regulation of transmembrane transporter activity,Oct-86,262/17643,5.77E-07,0.0010172,0.000413792,Actb/Atp1b1/Asic2/Calm1/Cfl1/Ndufa4/Slc25a4/Calm3/Camk2d/Tcaf1,10,2.992593641,0.11627907,0.014850082,7.830197053,23.43259791,L23ExcitatoryNeurons,24hrvs1hr_SAL
GO:0032409,GO:0032409,regulation of transporter activity,Oct-86,273/17643,8.40E-07,0.001480013,0.000413792,Actb/Atp1b1/Asic2/Calm1/Cfl1/Ndufa4/Slc25a4/Calm3/Camk2d/Tcaf1,10,2.82973454,0.11627907,0.015473559,7.514694608,21.26459089,L23ExcitatoryNeurons,24hrvs1hr_SAL
GO:0032414,GO:0032414,positive regulation of ion transmembrane transporter activity,Jul-86,116/17643,1.55E-06,0.002729324,0.000563604,Atp1b1/Asic2/Calm1/Cfl1/Ndufa4/Calm3/Tcaf1,7,2.563944933,0.081395349,0.006574846,12.37981155,31.74115509,L23ExcitatoryNeurons,24hrvs1hr_SAL
GO:0043270,GO:0043270,positive regulation of monoatomic ion transport,Sep-86,234/17643,2.06E-06,0.003634875,0.000563604,Atp1b1/Asic2/Calm1/Cfl1/Akt3/Ndufa4/Calm3/Tcaf1/Dpp6,9,2.439510522,0.104651163,0.013263051,7.890429338,19.2487854,L23ExcitatoryNeurons,24hrvs1hr_SAL
GO:0034767,GO:0034767,positive regulation of monoatomic ion transmembrane transport,Aug-86,176/17643,2.29E-06,0.004031697,0.000563604,Atp1b1/Asic2/Calm1/Cfl1/Ndufa4/Calm3/Tcaf1/Dpp6,8,2.394512145,0.093023256,0.009975628,9.325052854,22.32895231,L23ExcitatoryNeurons,24hrvs1hr_SAL
GO:0007409,GO:0007409,axonogenesis,Nov-86,456/17643,1.30E-05,0.022943527,0.002749158,Tubb2b/Actb/Hsp90aa1/Actg1/Hsp90ab1/Uchl1/Unc5c/Slit3/Aplp1/Lgi1/Lhx2,11,1.639339821,0.127906977,0.025845945,4.948821909,8.112800821,L23ExcitatoryNeurons,24hrvs1hr_SAL
GO:0034764,GO:0034764,positive regulation of transmembrane transport,Aug-86,237/17643,2.03E-05,0.035752073,0.003748425,Atp1b1/Asic2/Calm1/Cfl1/Ndufa4/Calm3/Tcaf1/Dpp6,8,1.446698771,0.093023256,0.01343309,6.924933765,10.01829317,L23ExcitatoryNeurons,24hrvs1hr_SAL
GO:0007409,GO:0007409,axonogenesis,57/395,456/17643,1.49E-26,5.69E-23,4.33E-23,Ncam1/Tubb2b/Ctnna2/Efna5/Auts2/Ptprz1/L1cam/Macf1/Dab1/Robo1/Dpysl5/Sema6a/Map2/Sema6d/Stmn1/Actb/Kalrn/Epha6/Lrrc4c/Neo1/Epha4/Tubb3/Epha3/Cck/Dcc/Ntrk2/Ptprs/Chl1/Cobl/Ext1/Gap43/Prickle1/Apc/Nrp2/Raph1/Numb/Nrcam/Ank3/Rufy3/Arhgef28/Actg1/Cntn1/Dclk1/Agrn/Cyfip2/Cdh2/Mycbp2/Pten/Vcl/Slit3/Flrt2/Nfib/Fgf13/Map1b/Gsk3b/Dscam/Mapt,57,22.2449969,0.144303797,0.025845945,5.583227848,124.1988862,L23ExcitatoryNeurons,PTZvsSAL_1hr
GO:0042391,GO:0042391,regulation of membrane potential,45/395,455/17643,4.65E-17,1.77E-13,6.75E-14,Rims2/Cacnb4/Dlg1/Dpp6/Grin2b/Nrxn1/Gria1/Celf4/Cacna1c/Cacna1d/Cck/Ntrk2/Ryr2/Ubb/Akap9/Flna/Slc8a1/Scn3a/Kcnma1/Kcnh5/Gnaq/Grik2/Nrcam/Ank3/Lrrk2/Ank2/Kcnh7/Igsf9b/Grin2a/Cacna1h/Gabra4/Rgs7bp/Agrn/Ptn/Atxn1/Kcnd2/Pten/Gabrb3/Sez6/Kcnh1/Fgf13/Plk2/Hnrnpa1/Gsk3b/Mapt,45,12.75162126,0.113924051,0.025789265,4.417498957,56.33027359,L23ExcitatoryNeurons,PTZvsSAL_1hr
GO:0016358,GO:0016358,dendrite development,37/395,317/17643,1.65E-16,6.27E-13,1.59E-13,Grip1/Ctnna2/Ptprz1/Asap1/Hecw2/Dab1/Robo1/Dpysl5/Phactr1/Map2/Cpeb3/Kalrn/Epha4/Rere/Ntrk2/Ptprs/Cobl/Camk1d/Prickle1/Srgap2/Ctnnd2/Numb/Marcks/Lrrk2/Cit/Dclk1/Ptn/Pten/Sez6/Rock2/Arid1b/Tnik/Map1b/Plk2/Gsk3b/Kidins220/Dscam,37,12.20250094,0.093670886,0.017967466,5.213361019,63.61604272,L23ExcitatoryNeurons,PTZvsSAL_1hr
GO:0050803,GO:0050803,regulation of synapse structure or activity,34/395,306/17643,1.28E-14,4.89E-11,7.19E-12,Tuba1a/Malat1/Homer1/Tubb5/Ctnna2/Gpr158/Efna5/Asap1/Grin2b/Robo1/Nrxn1/Kalrn/Lrrtm4/Frmpd4/Epha4/Ntrk2/Ptprs/Nrp2/Numb/Nrcam/Marcks/Lrrk2/Lrfn2/Agrn/Cdh2/Mycbp2/Ptn/Pten/Il1rap/Sybu/Rock2/Flrt2/Dctn1/Gsk3b,34,10.31051563,0.086075949,0.017343989,4.962869198,51.16974046,L23ExcitatoryNeurons,PTZvsSAL_1hr
GO:0007411,GO:0007411,axon guidance,29/395,222/17643,1.84E-14,7.00E-11,7.19E-12,Ncam1/Tubb2b/Efna5/L1cam/Robo1/Dpysl5/Sema6a/Sema6d/Kalrn/Epha6/Neo1/Epha4/Tubb3/Epha3/Dcc/Chl1/Ext1/Gap43/Nrp2/Nrcam/Ank3/Cntn1/Agrn/Cyfip2/Mycbp2/Slit3/Flrt2/Nfib/Dscam,29,10.15472056,0.073417722,0.012582894,5.834724598,59.24999786,L23ExcitatoryNeurons,PTZvsSAL_1hr
GO:0097485,GO:0097485,neuron projection guidance,29/395,222/17643,1.84E-14,7.00E-11,7.19E-12,Ncam1/Tubb2b/Efna5/L1cam/Robo1/Dpysl5/Sema6a/Sema6d/Kalrn/Epha6/Neo1/Epha4/Tubb3/Epha3/Dcc/Chl1/Ext1/Gap43/Nrp2/Nrcam/Ank3/Cntn1/Agrn/Cyfip2/Mycbp2/Slit3/Flrt2/Nfib/Dscam,29,10.15472056,0.073417722,0.012582894,5.834724598,59.24999786,L23ExcitatoryNeurons,PTZvsSAL_1hr
GO:0001764,GO:0001764,neuron migration,27/395,190/17643,1.85E-14,7.05E-11,7.19E-12,Tuba1a/Tubb2b/Ctnna2/Auts2/Ptprz1/Dab1/Phactr1/Sema6a/Neo1/Nav1/Cck/Dcc/Ntrk2/Kirrel3/Chl1/Flna/Satb2/Nrp2/Nexmif/Large1/Dclk1/Mrtfa/Astn2/Flrt2/Fgf13/Gsk3b/Mapt,27,10.15157664,0.06835443,0.010769144,6.347248501,64.43457964,L23ExcitatoryNeurons,PTZvsSAL_1hr
GO:0001508,GO:0001508,action potential,24/395,146/17643,1.98E-14,7.55E-11,7.19E-12,Cacnb4/Dlg1/Dpp6/Grin2b/Gria1/Cacna1c/Cacna1d/Ntrk2/Ryr2/Akap9/Flna/Scn3a/Kcnma1/Gnaq/Grik2/Nrcam/Ank3/Ank2/Kcnh7/Grin2a/Cacna1h/Kcnd2/Fgf13/Hnrnpa1,24,10.1220699,0.060759494,0.008275237,7.342327033,74.31954744,L23ExcitatoryNeurons,PTZvsSAL_1hr
GO:0050807,GO:0050807,regulation of synapse organization,33/395,298/17643,3.53E-14,1.34E-10,1.14E-11,Tuba1a/Malat1/Homer1/Tubb5/Ctnna2/Gpr158/Efna5/Asap1/Grin2b/Robo1/Nrxn1/Kalrn/Lrrtm4/Frmpd4/Epha4/Ntrk2/Ptprs/Nrp2/Numb/Nrcam/Marcks/Lrrk2/Lrfn2/Agrn/Cdh2/Mycbp2/Ptn/Pten/Il1rap/Rock2/Flrt2/Dctn1/Gsk3b,33,9.871704156,0.083544304,0.016890551,4.946215275,48.82757389,L23ExcitatoryNeurons,PTZvsSAL_1hr
GO:0099173,GO:0099173,postsynapse organization,29/395,248/17643,3.31E-13,1.26E-09,9.57E-11,Cnksr2/Homer1/Asap1/Grin2b/Cadm1/Nrxn1/Nrxn2/Actb/Kalrn/Lrrtm4/Frmpd4/Epha4/Ptprs/Gap43/Nrp2/Ctnnd2/Shisa6/Numb/Nrcam/Marcks/Lrrk2/Lrfn2/Grin2a/Agrn/Cdh2/Ptn/Pten/Il1rap/Rock2,29,8.899627604,0.073417722,0.014056566,5.2230196,46.4829294,L23ExcitatoryNeurons,PTZvsSAL_1hr
GO:0050807,GO:0050807,regulation of synapse organization,21/157,298/17643,2.38E-13,5.79E-10,4.09E-10,Malat1/Tuba1a/Nrxn1/Kalrn/Tubb5/Cfl1/Lrfn5/Prkca/Marcks/Ephb2/Ctnna2/Mycbp2/Cask/Asap1/Ptprt/Hspa8/Clstn2/Pgrmc1/Cdh8/Ywhaz/Pak3,21,9.23703978,0.133757962,0.016890551,7.919099731,73.14903923,L45ExcitatoryNeurons,24hrvs1hr_PTZ
GO:0050803,GO:0050803,regulation of synapse structure or activity,21/157,306/17643,3.98E-13,9.70E-10,4.09E-10,Malat1/Tuba1a/Nrxn1/Kalrn/Tubb5/Cfl1/Lrfn5/Prkca/Marcks/Ephb2/Ctnna2/Mycbp2/Cask/Asap1/Ptprt/Hspa8/Clstn2/Pgrmc1/Cdh8/Ywhaz/Pak3,21,9.013010162,0.133757962,0.017343989,7.712064444,69.5089152,L45ExcitatoryNeurons,24hrvs1hr_PTZ
GO:0007409,GO:0007409,axonogenesis,22/157,456/17643,1.11E-10,2.71E-07,7.61E-08,Tubb2b/Cacna1a/Actg1/Kalrn/Prkca/Ank3/Ndn/Rufy3/Ephb2/Bcl11a/Ctnna2/Mycbp2/Uchl1/Tubb3/Alcam/Neo1/Nfix/Pak3/Ext1/Sema6d/Hsp90aa1/Prickle1,22,6.567493964,0.140127389,0.025845945,5.421639289,35.60658331,L45ExcitatoryNeurons,24hrvs1hr_PTZ
GO:0007611,GO:0007611,learning or memory,17/157,308/17643,2.27E-09,5.53E-06,1.16E-06,Tuba1a/Nrxn1/Kalrn/Tafa2/Meis2/Prkca/Prrt1/Syt4/Pja2/Grm5/Ephb2/Grin2a/Csmd1/Clstn2/Pgrmc1/Itga8/Nfix,17,5.257539058,0.108280255,0.017457349,6.202560179,32.6102024,L45ExcitatoryNeurons,24hrvs1hr_PTZ
GO:0050890,GO:0050890,cognition,17/157,343/17643,1.13E-08,2.77E-05,4.66E-06,Tuba1a/Nrxn1/Kalrn/Tafa2/Meis2/Prkca/Prrt1/Syt4/Pja2/Grm5/Ephb2/Grin2a/Csmd1/Clstn2/Pgrmc1/Itga8/Nfix,17,4.558057679,0.108280255,0.019441138,5.569645875,25.38676715,L45ExcitatoryNeurons,24hrvs1hr_PTZ
GO:0007612,GO:0007612,learning,12/157,182/17643,8.38E-08,0.000204339,2.87E-05,Tuba1a/Nrxn1/Kalrn/Tafa2/Meis2/Grm5/Ephb2/Grin2a/Csmd1/Clstn2/Pgrmc1/Nfix,12,3.689647996,0.076433121,0.010315706,7.409393155,27.3380526,L45ExcitatoryNeurons,24hrvs1hr_PTZ
GO:0098742,GO:0098742,cell-cell adhesion via plasma-membrane adhesion molecules,11/157,192/17643,1.20E-06,0.002919316,0.00035152,Tenm3/Tenm1/Nrxn1/Kirrel3/Lrfn5/Alcam/Ptprt/Cxadr/Clstn2/Cdh8/Cadm2,11,2.53471892,0.070063694,0.010882503,6.438196656,16.31901888,L45ExcitatoryNeurons,24hrvs1hr_PTZ
GO:0007613,GO:0007613,memory,10/157,158/17643,1.51E-06,0.003686969,0.00038846,Tuba1a/Kalrn/Tafa2/Syt4/Pja2/Grin2a/Csmd1/Pgrmc1/Itga8/Nfix,10,2.433330462,0.063694268,0.008955393,7.112392163,17.30680051,L45ExcitatoryNeurons,24hrvs1hr_PTZ
GO:0050905,GO:0050905,neuromuscular process,10/157,174/17643,3.61E-06,0.008804574,0.000823877,Tuba1a/Nrxn1/Cacna1a/Camta1/Grin2a/Tshz3/Ctnna2/Mycbp2/Csmd1/Uchl1,10,2.055291629,0.063694268,0.009862268,6.458379091,13.27385248,L45ExcitatoryNeurons,24hrvs1hr_PTZ
GO:0099175,GO:0099175,regulation of postsynapse organization,9/157,138/17643,4.01E-06,0.009774527,0.000823877,Nrxn1/Kalrn/Cfl1/Marcks/Ephb2/Cask/Asap1/Hspa8/Pak3,9,2.009904271,0.057324841,0.007821799,7.328856273,14.73029953,L45ExcitatoryNeurons,24hrvs1hr_PTZ
GO:0007409,GO:0007409,axonogenesis,41/373,456/17643,4.65E-15,1.67E-11,9.97E-12,Tubb2b/Actb/Actg1/Hsp90aa1/Hsp90ab1/Tubb3/Uchl1/Map2/Auts2/Ncam1/Nfib/Stmn1/Ctnna2/Ptprs/Cdh11/Prickle1/Kalrn/L1cam/Ndn/Epha4/Epha5/Chl1/Numb/Aplp1/Cacna1a/Mycbp2/Ablim1/Sema3c/Cdh2/D130043K22Rik/Prkca/Dab1/Sema6d/Agrn/Lgi1/Unc5c/Neo1/Flrt2/Lmo4/Epha6/Ttc3,41,10.77810232,0.109919571,0.025845945,4.252874982,45.8379217,L45ExcitatoryNeurons,24hrvs1hr_SAL
GO:0050807,GO:0050807,regulation of synapse organization,33/373,298/17643,6.80E-15,2.44E-11,9.97E-12,Tuba1a/Tubb5/Hspa8/Adgrl3/Cfl1/Marcks/Ctnna2/Ptprs/Lrfn5/Asap1/Kalrn/Shank2/Epha4/Ctnnb1/Camkv/Adgrb3/Numb/Ywhaz/Mycbp2/Cdh8/Nrxn1/Hnrnpk/Cdh2/Prkca/Dtnbp1/Clstn2/Syndig1/Agrn/Flrt2/Prnp/Nlgn1/Gpm6a/Ppfia2,33,10.61294504,0.08847185,0.016890551,5.237949152,55.59006647,L45ExcitatoryNeurons,24hrvs1hr_SAL
GO:0050803,GO:0050803,regulation of synapse structure or activity,33/373,306/17643,1.47E-14,5.27E-11,1.44E-11,Tuba1a/Tubb5/Hspa8/Adgrl3/Cfl1/Marcks/Ctnna2/Ptprs/Lrfn5/Asap1/Kalrn/Shank2/Epha4/Ctnnb1/Camkv/Adgrb3/Numb/Ywhaz/Mycbp2/Cdh8/Nrxn1/Hnrnpk/Cdh2/Prkca/Dtnbp1/Clstn2/Syndig1/Agrn/Flrt2/Prnp/Nlgn1/Gpm6a/Ppfia2,33,10.27795119,0.08847185,0.017343989,5.101009305,52.42792466,L45ExcitatoryNeurons,24hrvs1hr_SAL
GO:0007416,GO:0007416,synapse assembly,25/373,213/17643,3.91E-12,1.40E-08,2.86E-09,Adgrl3/Ptprs/Cadm1/Lrfn5/Shank2/Ctnnb1/Adgrb3/Numb/Cacna1a/Mycbp2/Nrxn1/Nptxr/Cdh2/Large1/Prkca/Nrg3/Clstn2/Syndig1/Agrn/Flrt2/Nrxn3/Nlgn1/Gpm6a/Kirrel3/Gabrb3,25,7.853699435,0.067024129,0.012072777,5.551674659,43.60118413,L45ExcitatoryNeurons,24hrvs1hr_SAL
GO:0034329,GO:0034329,cell junction assembly,35/373,431/17643,9.79E-12,3.51E-08,5.74E-09,Actb/Actg1/Adgrl3/Cfl1/Ptprs/Cdh11/Cadm1/Lrfn5/Fmn1/Shank2/Limch1/Ctnnb1/Adgrb3/Numb/Cacna1a/Mycbp2/Cdh8/Nrxn1/Nptxr/Cdh2/Cdh6/Large1/Prkca/Nrg3/Clstn2/Syndig1/Agrn/Pip5k1a/Flrt2/Nrxn3/Rapgef1/Nlgn1/Gpm6a/Kirrel3/Gabrb3,35,7.454744,0.09383378,0.024428952,3.841089057,28.6343356,L45ExcitatoryNeurons,24hrvs1hr_SAL
GO:0099173,GO:0099173,postsynapse organization,25/373,248/17643,1.11E-10,3.97E-07,5.40E-08,Actb/Hspa8/Adgrl3/Cfl1/Marcks/Ptprs/Cadm1/Asap1/Kalrn/Shank2/Epha4/Epha5/Numb/Nrxn1/Gphn/Hnrnpk/Nptxr/Cdh2/Dtnbp1/Agrn/Grin2a/Nrxn3/Prnp/Nlgn1/Ppfia2,25,6.401616137,0.067024129,0.014056566,4.768172187,30.52400802,L45ExcitatoryNeurons,24hrvs1hr_SAL
GO:0031345,GO:0031345,negative regulation of cell projection organization,23/373,213/17643,1.59E-10,5.69E-07,6.64E-08,Ntm/Map2/Cfl1/Stmn2/Ptprs/Dleu2/Crmp1/Dpysl3/Mylip/Epha4/Cit/Nrxn1/Sema3c/D130043K22Rik/Rap1gap2/Dab1/Dtnbp1/Sema6d/Neo1/Prnp/Nlgn1/Ttc3/Mphosph9,23,6.245125529,0.061662198,0.012072777,5.107540686,31.89723273,L45ExcitatoryNeurons,24hrvs1hr_SAL
GO:1902414,GO:1902414,protein localization to cell junction,18/373,132/17643,3.62E-10,1.30E-06,1.33E-07,Actb/Actg1/Nbea/Cacng3/Nsg1/Grip1/Kalrn/Rab27b/Nrxn1/Gphn/Nptxr/Dlgap1/Lrrc7/Nectin3/Grin2a/Lgi1/Nrxn3/Nlgn1,18,5.887145604,0.048257373,0.007481721,6.450036559,37.97230437,L45ExcitatoryNeurons,24hrvs1hr_SAL
GO:1990778,GO:1990778,protein localization to cell periphery,30/373,379/17643,5.86E-10,2.10E-06,1.91E-07,Actb/Dpp10/Nbea/Cacng3/Nsg1/Grip1/Kalrn/Ank2/Numb/Pacsin1/Nrxn1/Gphn/Nptxr/Cdh2/Lin7a/Arl13b/Atp1b1/Rab11fip2/Large1/Lrrc7/Dpp6/Nectin3/Grin2a/Lgi1/Pip5k1a/Nrxn3/Efr3a/Prnp/Kcnb1/Kif1b,30,5.677300591,0.080428954,0.021481607,3.744084546,21.25629341,L45ExcitatoryNeurons,24hrvs1hr_SAL
GO:0007626,GO:0007626,locomotory behavior,24/373,250/17643,7.17E-10,2.57E-06,2.10E-07,Tuba1a/Uchl1/Adgrl3/Atp2b2/Grm5/Atxn1/Npas2/Kalrn/Shank2/Epha4/Psap/Chl1/Cacna1a/Apba1/Crhr1/Atp1a3/Large1/Scn8a/Dab1/Grin2a/Adcy8/Lsamp/Vps13a/Kcnma1,24,5.589698732,0.064343164,0.014169926,4.540825737,25.38184787,L45ExcitatoryNeurons,24hrvs1hr_SAL
GO:0007409,GO:0007409,axonogenesis,Sep-44,456/17643,1.51E-06,0.001733164,0.001388947,Ctnna2/Ncam1/Map2/Chl1/Unc5c/Nfib/Efna5/Cntnap2/Actb,9,2.761160283,0.204545455,0.025845945,7.91402512,21.85189184,L45ExcitatoryNeurons,PTZvsSAL_1hr
GO:0098742,GO:0098742,cell-cell adhesion via plasma-membrane adhesion molecules,Oct-58,192/17643,6.11E-10,8.08E-07,6.68E-07,Dab1/Pcdh17/Fat3/Nlgn1/Epha3/Adgrl3/Cadm1/Tenm2/Pcdh15/Grid2,10,6.092775753,0.172413793,0.010882503,15.84321121,96.5291331,L45ExcitatoryNeurons,PTZvsSAL_24hr
GO:0050807,GO:0050807,regulation of synapse organization,Sep-58,298/17643,5.11E-07,0.00067582,0.00023257,Tuba1a/Tubb5/Hspa8/Nlgn1/Adgrl3/Adgrl2/Camkv/Grid2/Slit2,9,3.170168877,0.155172414,0.016890551,9.186935894,29.12413825,L45ExcitatoryNeurons,PTZvsSAL_24hr
GO:0050803,GO:0050803,regulation of synapse structure or activity,Sep-58,306/17643,6.38E-07,0.000843361,0.00023257,Tuba1a/Tubb5/Hspa8/Nlgn1/Adgrl3/Adgrl2/Camkv/Grid2/Slit2,9,3.07398645,0.155172414,0.017343989,8.946754564,27.5022023,L45ExcitatoryNeurons,PTZvsSAL_24hr
GO:0099173,GO:0099173,postsynapse organization,Aug-58,248/17643,1.42E-06,0.001881087,0.000389053,Actb/Hspa8/Nlgn1/Adgrl3/Cadm1/Epha5/Sh3gl2/Grid2,8,2.725591222,0.137931034,0.014056566,9.812569522,26.74505335,L45ExcitatoryNeurons,PTZvsSAL_24hr
GO:0099545,GO:0099545,trans-synaptic signaling by trans-synaptic complex,Mar-58,11/17643,5.46E-06,0.00721825,0.000779156,Nlgn1/Cadm1/Tenm2,3,2.141568079,0.051724138,0.000623477,82.96081505,177.6662333,L45ExcitatoryNeurons,PTZvsSAL_24hr
GO:0001964,GO:0001964,startle response,Apr-58,36/17643,5.73E-06,0.007569139,0.000779156,Tuba1a/Kcnh1/Pcdh15/Grid2,4,2.120953512,0.068965517,0.002040469,33.79885057,71.68579084,L45ExcitatoryNeurons,PTZvsSAL_24hr
GO:0099560,GO:0099560,synaptic membrane adhesion,Apr-58,36/17643,5.73E-06,0.007569139,0.000779156,Pcdh17/Nlgn1/Epha3/Cadm1,4,2.120953512,0.068965517,0.002040469,33.79885057,71.68579084,L45ExcitatoryNeurons,PTZvsSAL_24hr
GO:0007416,GO:0007416,synapse assembly,Jul-58,213/17643,6.04E-06,0.007986843,0.000779156,Pcdh17/Nlgn1/Adgrl3/Cadm1/Adgrl2/Grid2/Slit2,7,2.097624878,0.120689655,0.012072777,9.996843128,20.96962685,L45ExcitatoryNeurons,PTZvsSAL_24hr
GO:0051965,GO:0051965,positive regulation of synapse assembly,May-58,80/17643,6.41E-06,0.008476302,0.000779156,Nlgn1/Adgrl3/Adgrl2/Grid2/Slit2,5,2.071793585,0.086206897,0.004534376,19.01185345,39.38863601,L45ExcitatoryNeurons,PTZvsSAL_24hr
GO:0034329,GO:0034329,cell junction assembly,Sep-58,431/17643,1.05E-05,0.013892168,0.001149292,Pcdh17/Actb/Nlgn1/Epha3/Adgrl3/Cadm1/Adgrl2/Grid2/Slit2,9,1.857229959,0.155172414,0.024428952,6.351988159,11.79710271,L45ExcitatoryNeurons,PTZvsSAL_24hr
GO:0007409,GO:0007409,axonogenesis,27/191,456/17643,6.61E-13,1.83E-09,1.48E-09,Cacna1a/Ncam1/Ephb2/Ptk2/Sema6a/Rufy3/Dab1/Nfix/Nin/Tiam2/Bcl11a/Auts2/Zeb2/Ntrk3/Dpysl5/Mapt/Hsp90aa1/Fgf13/Nptx1/Ephb1/Flrt2/Snap91/L1cam/Map6/Macf1/Foxp1/Clasp2,27,8.736482071,0.141361257,0.025845945,5.469378617,47.78312822,L56ExcitatoryNeurons,24hrvs1hr_PTZ
GO:0050770,GO:0050770,regulation of axonogenesis,17/191,181/17643,1.24E-11,3.46E-08,1.40E-08,Cacna1a/Ephb2/Ptk2/Sema6a/Rufy3/Dab1/Nin/Tiam2/Bcl11a/Zeb2/Ntrk3/Mapt/Fgf13/Snap91/L1cam/Map6/Macf1,17,7.461448029,0.089005236,0.010259026,8.675797634,64.73401316,L56ExcitatoryNeurons,24hrvs1hr_PTZ
GO:0006936,GO:0006936,muscle contraction,18/191,288/17643,2.47E-09,6.86E-06,1.85E-06,Cacna1d/Cacna1c/Dmd/Sgcd/Tshz3/Uty/Calm1/Homer1/Atp2a2/Aldoa/Slc8a1/Fgf13/Atp1b1/Smpd3/Kcnd2/Prkd1/Tmod3/Myl6,18,5.163459249,0.094240838,0.016323754,5.773232984,29.80985325,L56ExcitatoryNeurons,24hrvs1hr_PTZ
GO:0042391,GO:0042391,regulation of membrane potential,22/191,455/17643,4.71E-09,1.31E-05,2.65E-06,Cacna1d/Tmem108/Cacna1a/Cacna1c/Rims2/Dmd/Kcnmb2/Nos1ap/Unc13b/Calm1/Ntrk3/Atp2a2/Slc8a1/Grik2/Mapt/Fgf13/Atp1b1/Grin2b/Kcnd2/Fgf14/Cx3cl1/Foxp1,22,4.883466635,0.115183246,0.025789265,4.466325298,21.81115057,L56ExcitatoryNeurons,24hrvs1hr_PTZ
GO:0048588,GO:0048588,developmental cell growth,17/191,270/17643,6.27E-09,1.74E-05,2.82E-06,Tmem108/Rims2/Sema6a/Rufy3/Nfix/Nin/Bcl11a/Auts2/Zeb2/Ntrk3/Mapt/Hsp90aa1/Fgf13/L1cam/Macf1/Foxp1/Clasp2,17,4.759097614,0.089005236,0.01530352,5.815997673,27.67890065,L56ExcitatoryNeurons,24hrvs1hr_PTZ
GO:0050772,GO:0050772,positive regulation of axonogenesis,11/191,98/17643,8.86E-09,2.46E-05,3.19E-06,Rufy3/Nin/Tiam2/Bcl11a/Zeb2/Ntrk3/Mapt/Snap91/L1cam/Map6/Macf1,11,4.609012349,0.057591623,0.005554611,10.36825516,47.78741604,L56ExcitatoryNeurons,24hrvs1hr_PTZ
GO:0003012,GO:0003012,muscle system process,20/191,393/17643,1.05E-08,2.92E-05,3.19E-06,Cacna1d/Ptk2/Cacna1c/Dmd/Sgcd/Tshz3/Uty/Calm1/Homer1/Atp2a2/Aldoa/Slc8a1/Fgf13/Atp1b1/Smpd3/Kcnd2/Prkd1/Tmod3/Myl6/Foxp1,20,4.534366563,0.104712042,0.022275123,4.700851285,21.31538288,L56ExcitatoryNeurons,24hrvs1hr_PTZ
GO:0031345,GO:0031345,negative regulation of cell projection organization,15/191,213/17643,1.13E-08,3.15E-05,3.19E-06,Ephb2/Ptk2/Sema6a/Rufy3/Dab1/Bcl11a/Dpysl5/Fgf13/Itm2c/Grin2b/Map4/Spock1/Dpysl3/Ntm/Dync1i2,15,4.501615782,0.078534031,0.012072777,6.50505125,29.28324137,L56ExcitatoryNeurons,24hrvs1hr_PTZ
GO:0006941,GO:0006941,striated muscle contraction,13/191,154/17643,1.29E-08,3.57E-05,3.21E-06,Cacna1d/Cacna1c/Dmd/Sgcd/Uty/Calm1/Homer1/Atp2a2/Aldoa/Slc8a1/Fgf13/Atp1b1/Prkd1,13,4.447411673,0.068062827,0.008728674,7.797613381,34.67919677,L56ExcitatoryNeurons,24hrvs1hr_PTZ
GO:0060047,GO:0060047,heart contraction,14/191,202/17643,4.34E-08,0.000120612,9.76E-06,Cacna1d/Sgcz/Cacna1c/Dmd/Sgcd/Nos1ap/Uty/Calm1/Atp2a2/Slc8a1/Cacna1b/Fgf13/Atp1b1/Kcnd2,14,3.918607942,0.073298429,0.0114493,6.402000933,25.0869317,L56ExcitatoryNeurons,24hrvs1hr_PTZ
GO:0007409,GO:0007409,axonogenesis,27/317,456/17643,6.28E-08,0.000208644,0.000187806,Tubb2b/Hsp90aa1/Actb/Actg1/Hsp90ab1/Ephb2/Tubb3/Stmn1/Prickle1/Auts2/Apbb2/Ndn/Ttc3/Flrt2/Ptprs/Uchl1/Cntn5/Epha5/D130043K22Rik/Sema5b/Map6/Ephb1/Aplp1/Sema5a/Unc5c/Fgfr2/Mef2c,27,3.680594111,0.085173502,0.025845945,3.295430018,12.12914032,L56ExcitatoryNeurons,24hrvs1hr_SAL
GO:0050807,GO:0050807,regulation of synapse organization,20/317,298/17643,4.87E-07,0.001615243,0.000551846,Tuba1a/Tubb5/Hspa8/Nrxn1/Ephb2/Adgrb3/Marcks/Lrfn2/Flrt2/Rapgef4/Ptprs/Grid1/Lingo2/Malat1/Cfl1/Ephb1/Mef2c/Snca/Ngef/Asap1,20,2.791762255,0.063091483,0.016890551,3.735312176,10.42810354,L56ExcitatoryNeurons,24hrvs1hr_SAL
GO:0099173,GO:0099173,postsynapse organization,18/317,248/17643,5.91E-07,0.001961761,0.000551846,Hspa8/Actb/Nrxn1/Ephb2/Marcks/Lrfn2/Rapgef4/Ptprs/Epha5/Nrxn3/Grid1/Rph3a/Cfl1/Ephb1/Ngef/Zdhhc2/Asap1/Cadm1,18,2.70735385,0.056782334,0.014056566,4.039559377,10.93651663,L56ExcitatoryNeurons,24hrvs1hr_SAL
GO:0050803,GO:0050803,regulation of synapse structure or activity,20/317,306/17643,7.39E-07,0.002452301,0.000551846,Tuba1a/Tubb5/Hspa8/Nrxn1/Ephb2/Adgrb3/Marcks/Lrfn2/Flrt2/Rapgef4/Ptprs/Grid1/Lingo2/Malat1/Cfl1/Ephb1/Mef2c/Snca/Ngef/Asap1,20,2.610426164,0.063091483,0.017343989,3.637656956,9.495834892,L56ExcitatoryNeurons,24hrvs1hr_SAL
GO:0007612,GO:0007612,learning,15/317,182/17643,1.07E-06,0.003543852,0.000637962,Tuba1a/Grm5/Nrxn1/Ephb2/Adgrb3/Sgk1/Slc24a2/Prkar2b/Atp1a3/Foxp2/Nrxn3/Kmt2a/Tafa2/Zzef1/Slc8a3,15,2.450524399,0.047318612,0.010315706,4.587045447,11.24066678,L56ExcitatoryNeurons,24hrvs1hr_SAL
GO:0016358,GO:0016358,dendrite development,20/317,317/17643,1.28E-06,0.004252483,0.000637962,Csmd3/Ephb2/Prickle1/Adgrb3/Sgk1/Marcks/Rapgef4/Pacsin1/Ptprs/Epha5/Iqgap1/Cfl1/D130043K22Rik/Map6/Mark1/Ephb1/Cpeb3/Mef2c/Ngef/Asap1,20,2.371357452,0.063091483,0.017967466,3.511429112,8.326853591,L56ExcitatoryNeurons,24hrvs1hr_SAL
GO:0051261,GO:0051261,protein depolymerization,12/317,119/17643,1.57E-06,0.005203807,0.000669155,Hspa8/Mid1/Stmn1/Sgk1/Mical2/Stmn3/Arhgef1/Asph/Cfl1/Sema5a/Stmn2/Hdgfl3,12,2.283678779,0.03785489,0.006744885,5.612385017,12.81688456,L56ExcitatoryNeurons,24hrvs1hr_SAL
GO:2000310,GO:2000310,regulation of NMDA receptor activity,6/317,25/17643,4.26E-06,0.014145612,0.001591606,Nrxn1/Ephb2/Rph3a/Cfl1/Oprm1/Mef2c,6,1.849378244,0.018927445,0.001416993,13.35747634,24.70302614,L56ExcitatoryNeurons,24hrvs1hr_SAL
GO:0048167,GO:0048167,regulation of synaptic plasticity,16/317,248/17643,1.13E-05,0.037545202,0.003547383,Grm5/Ephb2/Slc4a10/Kcnn2/Mir124-2hg/Slc24a2/Cfl1/Kmt2a/Cpeb3/Zzef1/Mef2c/Snca/Pde9a/Zdhhc2/Kcnb1/Slc8a3,16,1.42544555,0.050473186,0.014056566,3.590719446,5.118375055,L56ExcitatoryNeurons,24hrvs1hr_SAL
GO:0034329,GO:0034329,cell junction assembly,22/317,431/17643,1.19E-05,0.039409814,0.003547383,Actb/Actg1/Nrxn1/Ephb2/Adgrb3/Jam3/Flrt2/Sdk2/Ptprs/Peak1/Cntn5/Nrxn3/Iqgap1/Lingo2/Wdpcp/Cfl1/Ephb1/Vmp1/Mef2c/Snca/Zdhhc2/Cadm1,22,1.404395615,0.069400631,0.024428952,2.840917242,3.989771717,L56ExcitatoryNeurons,24hrvs1hr_SAL
GO:0007409,GO:0007409,axonogenesis,27/181,456/17643,1.75E-13,4.55E-10,3.87E-10,Auts2/Tubb2b/Nfib/Ncam1/Zeb2/Stmn1/Chl1/Dpysl5/Tubb3/Ank3/Ptprs/Cdh2/Chn1/Mapt/Ptk2/Sema6d/Macf1/Map2/Gap43/Sema6a/Ntrk3/Nptx1/Dab1/Tiam2/Ctnna2/Nin/Actg1,27,9.341600496,0.149171271,0.025845945,5.771554231,53.91555387,L56ExcitatoryNeurons,PTZvsSAL_1hr
GO:0099173,GO:0099173,postsynapse organization,20/181,248/17643,1.11E-12,2.89E-09,1.23E-09,Homer1/Grin2b/Cnksr2/Cadm1/Asap1/Rph3a/Tmem108/Etv5/Nos1ap/Ptprs/Cdh2/Ctnnd2/Ngef/Dlg2/Nrxn3/Gap43/Ntrk3/Rheb/Nptx1/Tanc2,20,8.539557615,0.110497238,0.014056566,7.860898236,67.12859339,L56ExcitatoryNeurons,PTZvsSAL_1hr
GO:0099084,GO:0099084,postsynaptic specialization organization,9/181,56/17643,5.16E-09,1.34E-05,2.97E-06,Cadm1/Tmem108/Ptprs/Cdh2/Dlg2/Nrxn3/Gap43/Ntrk3/Nptx1,9,4.872989162,0.049723757,0.003174063,15.6656472,76.33852902,L56ExcitatoryNeurons,PTZvsSAL_1hr
GO:0050770,GO:0050770,regulation of axonogenesis,14/181,181/17643,5.40E-09,1.40E-05,2.97E-06,Zeb2/Ptprs/Cdh2/Chn1/Mapt/Ptk2/Sema6d/Macf1/Map2/Sema6a/Ntrk3/Dab1/Tiam2/Nin,14,4.853524267,0.077348066,0.010259026,7.539513446,36.59321147,L56ExcitatoryNeurons,PTZvsSAL_1hr
GO:0097106,GO:0097106,postsynaptic density organization,8/181,45/17643,1.64E-08,4.25E-05,6.59E-06,Cadm1/Tmem108/Ptprs/Cdh2/Dlg2/Nrxn3/Ntrk3/Nptx1,8,4.371313981,0.044198895,0.002550587,17.32891344,75.75012161,L56ExcitatoryNeurons,PTZvsSAL_1hr
GO:0050803,GO:0050803,regulation of synapse structure or activity,17/181,306/17643,1.79E-08,4.65E-05,6.59E-06,Tuba1a/Tubb5/Homer1/Grin2b/Asap1/Etv5/Ptprs/Cdh2/Ngef/Gpr158/Ptk2/Sybu/Ntrk3/Rheb/Tanc2/Ctnna2/Icam5,17,4.332222778,0.093922652,0.017343989,5.415285451,23.46022298,L56ExcitatoryNeurons,PTZvsSAL_1hr
GO:0050807,GO:0050807,regulation of synapse organization,16/181,298/17643,7.70E-08,0.000199779,2.42E-05,Tuba1a/Tubb5/Homer1/Grin2b/Asap1/Etv5/Ptprs/Cdh2/Ngef/Gpr158/Ptk2/Ntrk3/Rheb/Tanc2/Ctnna2/Icam5,16,3.699449119,0.08839779,0.016890551,5.233564463,19.36130544,L56ExcitatoryNeurons,PTZvsSAL_1hr
GO:0031345,GO:0031345,negative regulation of cell projection organization,13/181,213/17643,3.13E-07,0.000811257,8.59E-05,Grin2b/Stmn2/Dpysl3/Dpysl5/Ptprs/Ngef/Ptprg/Ptk2/Sema6d/Map2/Sema6a/Dab1/Itm2c,13,3.09084144,0.071823204,0.012072777,5.949186834,18.3879932,L56ExcitatoryNeurons,PTZvsSAL_1hr
GO:0030534,GO:0030534,adult behavior,12/181,180/17643,3.51E-07,0.000910696,8.59E-05,Tuba1a/Homer1/Oxr1/Chl1/Slc1a2/Scn1a/Cacna1c/Mapt/Scn8a/Nrxn3/Cacnb4/Dab1,12,3.0406267,0.066298343,0.010202347,6.498342541,19.75903383,L56ExcitatoryNeurons,PTZvsSAL_1hr
GO:0007628,GO:0007628,adult walking behavior,7/181,47/17643,4.74E-07,0.001229711,0.000104412,Oxr1/Scn1a/Cacna1c/Mapt/Scn8a/Cacnb4/Dab1,7,2.910197099,0.038674033,0.002663946,14.51757376,42.24900105,L56ExcitatoryNeurons,PTZvsSAL_1hr
GO:0071248,GO:0071248,cellular response to metal ion,30-May,160/17643,6.84E-06,0.0057555,0.002681677,Tuba1a/Mef2c/Ank3/Nlgn1/Syt6,5,2.239916927,0.166666667,0.009068752,18.378125,41.16547327,L56ExcitatoryNeurons,PTZvsSAL_24hr
GO:0071277,GO:0071277,cellular response to calcium ion,30-Apr,83/17643,1.14E-05,0.009571702,0.002681677,Tuba1a/Mef2c/Nlgn1/Syt6,4,2.019010813,0.133333333,0.004704415,28.34216867,57.22314502,L56ExcitatoryNeurons,PTZvsSAL_24hr
GO:0071241,GO:0071241,cellular response to inorganic substance,30-May,182/17643,1.28E-05,0.010761239,0.002681677,Tuba1a/Mef2c/Ank3/Nlgn1/Syt6,5,1.968137728,0.166666667,0.010315706,16.15659341,31.79840104,L56ExcitatoryNeurons,PTZvsSAL_24hr
GO:0035418,GO:0035418,protein localization to synapse,May-59,99/17643,1.98E-05,0.024852245,0.012209378,Gphn/Snap25/Nbea/Homer1/Mapt,5,1.604634378,0.084745763,0.005611291,15.10272214,24.23434714,MGE,24hrvs1hr_PTZ
GO:0048588,GO:0048588,developmental cell growth,Jul-59,270/17643,3.14E-05,0.039500411,0.012209378,Hsp90aa1/Zeb2/Rims2/Rufy3/Syt4/Ttc3/Mapt,7,1.403398382,0.118644068,0.01530352,7.752730697,10.88016971,MGE,24hrvs1hr_PTZ
GO:0060560,GO:0060560,developmental growth involved in morphogenesis,Jul-59,273/17643,3.37E-05,0.042383816,0.012209378,Hsp90aa1/Zeb2/Rims2/Rufy3/Syt4/Ttc3/Mapt,7,1.372799947,0.118644068,0.015473559,7.667535854,10.52599281,MGE,24hrvs1hr_PTZ
GO:0032414,GO:0032414,positive regulation of ion transmembrane transporter activity,8/150,116/17643,6.63E-06,0.016146913,0.010760076,Atp1b1/Cfl1/Calm1/Ndufa4/Trpc6/Dnm2/Cacng3/Cacng2,8,1.791910508,0.053333333,0.006574846,8.111724138,14.53548372,MGE,24hrvs1hr_SAL
GO:0032411,GO:0032411,positive regulation of transporter activity,8/150,122/17643,9.62E-06,0.023445825,0.010760076,Atp1b1/Cfl1/Calm1/Ndufa4/Trpc6/Dnm2/Cacng3/Cacng2,8,1.629934485,0.053333333,0.006914924,7.712786885,12.57133732,MGE,24hrvs1hr_SAL
GO:0050684,GO:0050684,regulation of mRNA processing,Jul-91,124/17643,3.55E-06,0.006603178,0.005998816,Ddx5/Snrnp70/Son/Pabpn1/Mbnl2/Celf4/Celf2,7,2.180247023,0.076923077,0.007028283,10.94478908,23.86234381,MGE,PTZvsSAL_1hr
GO:0048024,GO:0048024,"regulation of mRNA splicing, via spliceosome",Jun-91,100/17643,1.29E-05,0.023972094,0.008035321,Ddx5/Snrnp70/Son/Mbnl2/Celf4/Celf2,6,1.620294019,0.065934066,0.00566797,11.63274725,18.8484708,MGE,PTZvsSAL_1hr
GO:2000765,GO:2000765,regulation of cytoplasmic translation,Apr-91,29/17643,1.43E-05,0.026534561,0.008035321,Cpeb4/Cpeb1/Cpeb3/Impact,4,1.576188092,0.043956044,0.001643711,26.74194771,42.15033952,MGE,PTZvsSAL_1hr
GO:0000375,GO:0000375,"RNA splicing, via transesterification reactions",2-Feb,264/17643,0.000223069,0.002899898,NA,Snrnp70/Cwc22,2,2.537617224,1,0.014963442,66.82954545,169.5878056,NdnfRelnInhibitoryInterneurons,24hrvs1hr_PTZ
GO:0000377,GO:0000377,"RNA splicing, via transesterification reactions with bulged adenosine as nucleophile",2-Feb,264/17643,0.000223069,0.002899898,NA,Snrnp70/Cwc22,2,2.537617224,1,0.014963442,66.82954545,169.5878056,NdnfRelnInhibitoryInterneurons,24hrvs1hr_PTZ
GO:0000398,GO:0000398,"mRNA splicing, via spliceosome",2-Feb,264/17643,0.000223069,0.002899898,NA,Snrnp70/Cwc22,2,2.537617224,1,0.014963442,66.82954545,169.5878056,NdnfRelnInhibitoryInterneurons,24hrvs1hr_PTZ
GO:0008380,GO:0008380,RNA splicing,2-Feb,406/17643,0.000528276,0.006867587,NA,Snrnp70/Cwc22,2,2.163195843,1,0.023011959,43.45566502,94.00311393,NdnfRelnInhibitoryInterneurons,24hrvs1hr_PTZ
GO:0006397,GO:0006397,mRNA processing,2-Feb,454/17643,0.000660745,0.008589683,NA,Snrnp70/Cwc22,2,2.066022845,1,0.025732585,38.86123348,80.28819614,NdnfRelnInhibitoryInterneurons,24hrvs1hr_PTZ
GO:0048026,GO:0048026,"positive regulation of mRNA splicing, via spliceosome",2-Jan,27/17643,0.003058449,0.039759832,NA,Snrnp70,1,1.400555462,0.5,0.001530352,326.7222222,457.5925929,NdnfRelnInhibitoryInterneurons,24hrvs1hr_PTZ
GO:0050685,GO:0050685,positive regulation of mRNA processing,2-Jan,33/17643,0.003737468,0.04858708,NA,Snrnp70,1,1.313479198,0.5,0.00187043,267.3181818,351.1168711,NdnfRelnInhibitoryInterneurons,24hrvs1hr_PTZ
GO:0007612,GO:0007612,learning,17-May,182/17643,6.19E-07,0.000269154,0.000186275,Tuba1a/Grm5/Grin2a/Csmd1/Cacna1e,5,3.569999403,0.294117647,0.010315706,28.51163542,101.7865214,NdnfRelnInhibitoryInterneurons,24hrvs1hr_SAL
GO:0008306,GO:0008306,associative learning,17-Apr,117/17643,4.09E-06,0.001779061,0.000522038,Tuba1a/Grin2a/Csmd1/Cacna1e,4,2.749809182,0.235294118,0.006631525,35.4811463,97.5663819,NdnfRelnInhibitoryInterneurons,24hrvs1hr_SAL
GO:0001964,GO:0001964,startle response,17-Mar,36/17643,5.20E-06,0.002262925,0.000522038,Tuba1a/Grin2a/Csmd1,3,2.6453299,0.176470588,0.002040469,86.48529412,228.7821345,NdnfRelnInhibitoryInterneurons,24hrvs1hr_SAL
GO:0007611,GO:0007611,learning or memory,17-May,308/17643,8.18E-06,0.003556445,0.000615332,Tuba1a/Grm5/Grin2a/Csmd1/Cacna1e,5,2.448983936,0.294117647,0.017457349,16.84778457,41.25995377,NdnfRelnInhibitoryInterneurons,24hrvs1hr_SAL
GO:0050890,GO:0050890,cognition,17-May,343/17643,1.38E-05,0.005990681,0.0008292,Tuba1a/Grm5/Grin2a/Csmd1/Cacna1e,5,2.222523821,0.294117647,0.019441138,15.12862288,33.62372473,NdnfRelnInhibitoryInterneurons,24hrvs1hr_SAL
GO:0034765,GO:0034765,regulation of monoatomic ion transmembrane transport,17-May,430/17643,4.08E-05,0.017751692,0.001882106,Grm5/Atp1b1/Grin2a/Nr3c2/Cacna1e,5,1.750760235,0.294117647,0.024372272,12.06771546,21.12767635,NdnfRelnInhibitoryInterneurons,24hrvs1hr_SAL
GO:0008542,GO:0008542,visual learning,17-Mar,73/17643,4.43E-05,0.019282532,0.001882106,Tuba1a/Grin2a/Cacna1e,3,1.714835948,0.176470588,0.004137618,42.65028203,73.13823683,NdnfRelnInhibitoryInterneurons,24hrvs1hr_SAL
GO:0007632,GO:0007632,visual behavior,17-Mar,76/17643,5.00E-05,0.021756091,0.001882106,Tuba1a/Grin2a/Cacna1e,3,1.662419126,0.176470588,0.004307657,40.96671827,68.10385599,NdnfRelnInhibitoryInterneurons,24hrvs1hr_SAL
GO:0007626,GO:0007626,locomotory behavior,17-Apr,250/17643,8.10E-05,0.035239563,0.002593547,Tuba1a/Grm5/Grin2a/Cacna1e,4,1.452969482,0.235294118,0.014169926,16.60517647,24.12681465,NdnfRelnInhibitoryInterneurons,24hrvs1hr_SAL
GO:0032412,GO:0032412,regulation of monoatomic ion transmembrane transporter activity,17-Apr,254/17643,8.61E-05,0.037474934,0.002593547,Grm5/Atp1b1/Grin2a/Nr3c2,4,1.426259119,0.235294118,0.014396645,16.34367763,23.31031925,NdnfRelnInhibitoryInterneurons,24hrvs1hr_SAL
GO:0090263,GO:0090263,positive regulation of canonical Wnt signaling pathway,23-Apr,105/17643,9.61E-06,0.006210171,0.004766157,Gpc5/Sulf2/Zeb2/Kank1,4,2.206896468,0.173913043,0.005951369,29.22236025,64.49072363,OPCs,24hrvs1hr_PTZ
GO:0030177,GO:0030177,positive regulation of Wnt signaling pathway,23-Apr,137/17643,2.75E-05,0.017747848,0.006810523,Gpc5/Sulf2/Zeb2/Kank1,4,1.750854295,0.173913043,0.007765119,22.39669946,39.21335744,OPCs,24hrvs1hr_PTZ
GO:0007409,GO:0007409,axonogenesis,16/75,456/17643,6.44E-11,1.07E-07,8.18E-08,Cntn5/Epha6/Epha7/Nrp1/Slit3/Robo2/Map1b/Apc/Unc5d/Plxna4/Hsp90ab1/Foxp1/Ptprs/Cdh11/Nrcam/Epha3,16,6.970844243,0.213333333,0.025845945,8.254035088,57.53759298,OPCs,24hrvs1hr_SAL
GO:0098742,GO:0098742,cell-cell adhesion via plasma-membrane adhesion molecules,Nov-75,192/17643,5.08E-10,8.44E-07,2.07E-07,Tenm4/Cntn5/Cdh8/Robo2/Unc5d/Clstn2/Cdh12/Ptprs/Cdh11/Nrcam/Epha3,11,6.073873799,0.146666667,0.010882503,13.47729167,81.85936874,OPCs,24hrvs1hr_SAL
GO:0001508,GO:0001508,action potential,Oct-75,146/17643,5.78E-10,9.60E-07,2.07E-07,Hcn1/Grin2a/Grin2b/Cacnb2/Cacna2d1/Nedd4l/Foxp1/Kcnn2/Kcnh7/Nrcam,10,6.017897095,0.133333333,0.008275237,16.11232877,96.96233648,OPCs,24hrvs1hr_SAL
GO:0042391,GO:0042391,regulation of membrane potential,15/75,455/17643,6.53E-10,1.08E-06,2.07E-07,Hcn1/Atp1b1/Grin2a/Grin2b/Celf4/Cacnb2/Cacna2d1/Nedd4l/Foxp1/Nr3c2/Kcnn2/Kcnh7/Gabra2/Gabrg3/Nrcam,15,5.965247819,0.2,0.025789265,7.755164835,46.26148012,OPCs,24hrvs1hr_SAL
GO:0007411,GO:0007411,axon guidance,Nov-75,222/17643,2.36E-09,3.92E-06,5.00E-07,Cntn5/Epha6/Epha7/Nrp1/Slit3/Robo2/Unc5d/Plxna4/Foxp1/Nrcam/Epha3,11,5.406557822,0.146666667,0.012582894,11.65603604,63.01903281,OPCs,24hrvs1hr_SAL
GO:0097485,GO:0097485,neuron projection guidance,Nov-75,222/17643,2.36E-09,3.92E-06,5.00E-07,Cntn5/Epha6/Epha7/Nrp1/Slit3/Robo2/Unc5d/Plxna4/Foxp1/Nrcam/Epha3,11,5.406557822,0.146666667,0.012582894,11.65603604,63.01903281,OPCs,24hrvs1hr_SAL
GO:0048588,GO:0048588,developmental cell growth,Oct-75,270/17643,2.06E-07,0.000342183,3.56E-05,Epha7/Nrp1/Slit3/Map1b/Syt1/Nedd4l/Plxna4/Hsp90ab1/Foxp1/Ptprs,10,3.465741985,0.133333333,0.01530352,8.712592593,30.19559794,OPCs,24hrvs1hr_SAL
GO:0034329,GO:0034329,cell junction assembly,Dec-75,431/17643,2.52E-07,0.000418159,3.56E-05,Cntn5/Epha7/Cdh8/Nrp1/Lingo2/Nedd4l/Clstn2/Cdh12/Ptprs/Gabra2/Cdh11/Epha3,12,3.378658514,0.16,0.024428952,6.549605568,22.12888062,OPCs,24hrvs1hr_SAL
GO:0007156,GO:0007156,homophilic cell adhesion via plasma membrane adhesion molecules,Jul-75,102/17643,2.52E-07,0.000418569,3.56E-05,Cntn5/Cdh8/Robo2/Clstn2/Cdh12/Cdh11/Nrcam,7,3.378233133,0.093333333,0.00578133,16.14392157,54.53793074,OPCs,24hrvs1hr_SAL
GO:0050807,GO:0050807,regulation of synapse organization,Oct-75,298/17643,5.11E-07,0.000848553,6.49E-05,Tuba1a/Epha7/Cdh8/Grin2b/Frmpd4/Lingo2/Clstn2/Ptprs/Malat1/Nrcam,10,3.071320908,0.133333333,0.016890551,7.893959732,24.24488357,OPCs,24hrvs1hr_SAL
GO:0000375,GO:0000375,"RNA splicing, via transesterification reactions",2-Feb,264/17643,0.000223069,0.003569106,NA,Malat1/Cwc22,2,2.447440594,1,0.014963442,66.82954545,163.5613424,OPCs,PTZvsSAL_1hr
GO:0000377,GO:0000377,"RNA splicing, via transesterification reactions with bulged adenosine as nucleophile",2-Feb,264/17643,0.000223069,0.003569106,NA,Malat1/Cwc22,2,2.447440594,1,0.014963442,66.82954545,163.5613424,OPCs,PTZvsSAL_1hr
GO:0000398,GO:0000398,"mRNA splicing, via spliceosome",2-Feb,264/17643,0.000223069,0.003569106,NA,Malat1/Cwc22,2,2.447440594,1,0.014963442,66.82954545,163.5613424,OPCs,PTZvsSAL_1hr
GO:0008380,GO:0008380,RNA splicing,2-Feb,406/17643,0.000528276,0.008452415,NA,Malat1/Cwc22,2,2.073019212,1,0.023011959,43.45566502,90.08442848,OPCs,PTZvsSAL_1hr
GO:0006397,GO:0006397,mRNA processing,2-Feb,454/17643,0.000660745,0.010571918,NA,Malat1/Cwc22,2,1.975846214,1,0.025732585,38.86123348,76.78382106,OPCs,PTZvsSAL_1hr
GO:2000288,GO:2000288,positive regulation of myoblast proliferation,2-Jan,14/17643,0.001586447,0.025383151,NA,Malat1,1,1.595454461,0.5,0.000793516,630.1071429,1005.307252,OPCs,PTZvsSAL_1hr
GO:2000291,GO:2000291,regulation of myoblast proliferation,2-Jan,18/17643,0.002039486,0.032631779,NA,Malat1,1,1.486359246,0.5,0.001020235,490.0833333,728.4398939,OPCs,PTZvsSAL_1hr
GO:0051450,GO:0051450,myoblast proliferation,2-Jan,23/17643,0.002605641,0.041690251,NA,Malat1,1,1.379965492,0.5,0.001303633,383.5434783,529.2767647,OPCs,PTZvsSAL_1hr