,p_val,avg_log2FC,pct.1,pct.2,p_val_adj,gene,cell_type,comparison,Regulation
Tnfaip8,3.73E-11,1.426628553,0.421,0.202,8.74E-07,Tnfaip8,Astrocytes,24hrvs1hr_PTZ,Up
Dpf3,2.91E-10,1.187936913,0.352,0.15,6.82E-06,Dpf3,Astrocytes,24hrvs1hr_PTZ,Up
Pik3r3,3.46E-09,1.429565543,0.291,0.119,8.10E-05,Pik3r3,Astrocytes,24hrvs1hr_PTZ,Up
Mbtd1,6.35E-09,0.920438115,0.349,0.154,0.000148946,Mbtd1,Astrocytes,24hrvs1hr_PTZ,Up
Pou2f1,2.50E-08,0.702287805,0.488,0.271,0.000586158,Pou2f1,Astrocytes,24hrvs1hr_PTZ,Up
Fam222b,2.54E-08,1.042147734,0.28,0.114,0.000594324,Fam222b,Astrocytes,24hrvs1hr_PTZ,Up
Grm3,3.88E-08,0.646192721,0.853,0.767,0.000909905,Grm3,Astrocytes,24hrvs1hr_PTZ,Up
Samd4,4.47E-08,0.952104804,0.31,0.14,0.001047147,Samd4,Astrocytes,24hrvs1hr_PTZ,Up
Tcf7l1,6.70E-08,1.361776682,0.324,0.164,0.001570144,Tcf7l1,Astrocytes,24hrvs1hr_PTZ,Up
Pitpnc1,8.29E-08,0.548904564,0.729,0.515,0.001943262,Pitpnc1,Astrocytes,24hrvs1hr_PTZ,Up
Gm42418,7.09E-73,-1.259937419,1,1,1.66E-68,Gm42418,Astrocytes,24hrvs1hr_PTZ,Down
Cwc22,3.91E-38,-1.445130109,0.759,0.955,9.15E-34,Cwc22,Astrocytes,24hrvs1hr_PTZ,Down
AY036118,6.77E-27,-0.984425187,0.803,0.957,1.59E-22,AY036118,Astrocytes,24hrvs1hr_PTZ,Down
Cst3,1.35E-26,-1.00096567,0.895,0.957,3.15E-22,Cst3,Astrocytes,24hrvs1hr_PTZ,Down
Slc1a3,3.51E-21,-0.695036428,0.928,0.981,8.23E-17,Slc1a3,Astrocytes,24hrvs1hr_PTZ,Down
Sparcl1,8.72E-21,-0.941515089,0.812,0.924,2.04E-16,Sparcl1,Astrocytes,24hrvs1hr_PTZ,Down
Azin1,2.37E-15,-1.941067315,0.233,0.454,5.55E-11,Azin1,Astrocytes,24hrvs1hr_PTZ,Down
Gpm6a,1.94E-14,-0.557924241,0.992,0.998,4.55E-10,Gpm6a,Astrocytes,24hrvs1hr_PTZ,Down
Cpe,4.28E-14,-0.634024582,0.92,0.974,1.00E-09,Cpe,Astrocytes,24hrvs1hr_PTZ,Down
Kcnn2,6.17E-14,-0.876310673,0.784,0.895,1.45E-09,Kcnn2,Astrocytes,24hrvs1hr_PTZ,Down
Wdr17,4.97E-14,0.786506176,0.935,0.802,1.17E-09,Wdr17,Astrocytes,24hrvs1hr_SAL,Up
Gm3764,4.82E-11,0.548557363,0.963,0.91,1.13E-06,Gm3764,Astrocytes,24hrvs1hr_SAL,Up
Mir9-3hg,1.16E-10,0.921367191,0.728,0.458,2.71E-06,Mir9-3hg,Astrocytes,24hrvs1hr_SAL,Up
Msi2,5.60E-10,0.693558257,0.928,0.734,1.31E-05,Msi2,Astrocytes,24hrvs1hr_SAL,Up
Rgs20,8.19E-10,0.831637239,0.767,0.492,1.92E-05,Rgs20,Astrocytes,24hrvs1hr_SAL,Up
Nckap5,1.99E-09,0.512630281,0.949,0.853,4.67E-05,Nckap5,Astrocytes,24hrvs1hr_SAL,Up
Mir100hg,2.27E-09,0.519590573,0.984,0.955,5.32E-05,Mir100hg,Astrocytes,24hrvs1hr_SAL,Up
Rora,2.28E-09,0.513871851,0.951,0.898,5.35E-05,Rora,Astrocytes,24hrvs1hr_SAL,Up
Pitpnc1,2.40E-09,0.977204784,0.697,0.452,5.63E-05,Pitpnc1,Astrocytes,24hrvs1hr_SAL,Up
Stox2,7.43E-09,0.651727498,0.855,0.638,0.000174083,Stox2,Astrocytes,24hrvs1hr_SAL,Up
Gm42418,2.96E-32,-0.907229068,1,1,6.93E-28,Gm42418,Astrocytes,24hrvs1hr_SAL,Down
Pak3,9.39E-27,-1.686231351,0.305,0.757,2.20E-22,Pak3,Astrocytes,24hrvs1hr_SAL,Down
Cdh12,5.89E-26,-1.948203513,0.194,0.638,1.38E-21,Cdh12,Astrocytes,24hrvs1hr_SAL,Down
Snhg11,7.69E-26,-1.112335936,0.779,0.983,1.80E-21,Snhg11,Astrocytes,24hrvs1hr_SAL,Down
Khdrbs2,1.26E-25,-1.460540554,0.429,0.842,2.96E-21,Khdrbs2,Astrocytes,24hrvs1hr_SAL,Down
Plppr4,9.94E-25,-1.752972682,0.231,0.667,2.33E-20,Plppr4,Astrocytes,24hrvs1hr_SAL,Down
Meg3,1.16E-24,-1.047485978,0.908,0.994,2.73E-20,Meg3,Astrocytes,24hrvs1hr_SAL,Down
Lrfn5,2.91E-24,-0.959860336,0.865,0.977,6.82E-20,Lrfn5,Astrocytes,24hrvs1hr_SAL,Down
Frmpd4,5.50E-24,-0.945647758,0.716,0.932,1.29E-19,Frmpd4,Astrocytes,24hrvs1hr_SAL,Down
Pde1a,9.90E-24,-1.017126964,0.538,0.887,2.32E-19,Pde1a,Astrocytes,24hrvs1hr_SAL,Down
Slc1a3,1.22E-07,0.439392231,0.981,0.96,0.00286671,Slc1a3,Astrocytes,PTZvsSAL_1hr,Up
Cst3,1.39E-07,0.451930854,0.957,0.915,0.003248812,Cst3,Astrocytes,PTZvsSAL_1hr,Up
mt-Co3,2.26E-15,0.943599643,0.842,0.65,5.30E-11,mt-Co3,Astrocytes,PTZvsSAL_24hr,Up
Gm47283,7.14E-12,1.30638109,0.41,0.207,1.67E-07,Gm47283,Astrocytes,PTZvsSAL_24hr,Up
mt-Co2,2.25E-10,1.076343312,0.59,0.401,5.27E-06,mt-Co2,Astrocytes,PTZvsSAL_24hr,Up
mt-Atp6,4.72E-10,0.975953438,0.59,0.401,1.11E-05,mt-Atp6,Astrocytes,PTZvsSAL_24hr,Up
mt-Nd2,2.47E-08,1.048125206,0.41,0.243,0.000578745,mt-Nd2,Astrocytes,PTZvsSAL_24hr,Up
mt-Nd1,4.50E-08,1.019419431,0.476,0.313,0.001055747,mt-Nd1,Astrocytes,PTZvsSAL_24hr,Up
mt-Co1,4.71E-08,0.974080492,0.526,0.374,0.001104714,mt-Co1,Astrocytes,PTZvsSAL_24hr,Up
Plppr4,5.67E-08,0.935068066,0.399,0.231,0.001328918,Plppr4,Astrocytes,PTZvsSAL_24hr,Up
Rbfox3,7.86E-08,0.880822404,0.382,0.213,0.001842022,Rbfox3,Astrocytes,PTZvsSAL_24hr,Up
Pfkp,8.53E-07,1.045947397,0.296,0.155,0.020002836,Pfkp,Astrocytes,PTZvsSAL_24hr,Up
Cwc22,9.27E-34,-1.175385409,0.759,0.926,2.17E-29,Cwc22,Astrocytes,PTZvsSAL_24hr,Down
Gm42418,1.62E-10,-0.364440895,1,1,3.79E-06,Gm42418,Astrocytes,PTZvsSAL_24hr,Down
Wdr17,2.03E-10,-0.441846637,0.853,0.935,4.77E-06,Wdr17,Astrocytes,PTZvsSAL_24hr,Down
Camk1d,8.45E-08,-0.512640408,0.837,0.92,0.001980811,Camk1d,Astrocytes,PTZvsSAL_24hr,Down
Sema6d,5.42E-07,-0.42291912,0.972,0.982,0.012699689,Sema6d,Astrocytes,PTZvsSAL_24hr,Down
Zeb2,6.67E-12,0.636868035,0.991,0.918,1.56E-07,Zeb2,CGE,24hrvs1hr_PTZ,Up
Pabpn1,4.15E-11,0.992047156,0.757,0.571,9.72E-07,Pabpn1,CGE,24hrvs1hr_PTZ,Up
Cpt1c,3.79E-10,1.300286794,0.547,0.341,8.87E-06,Cpt1c,CGE,24hrvs1hr_PTZ,Up
Dalrd3,1.95E-09,1.225838194,0.5,0.276,4.57E-05,Dalrd3,CGE,24hrvs1hr_PTZ,Up
Cacna1d,8.78E-09,0.553449447,0.911,0.844,0.000205828,Cacna1d,CGE,24hrvs1hr_PTZ,Up
Leng9,3.37E-08,1.799282313,0.304,0.125,0.000789294,Leng9,CGE,24hrvs1hr_PTZ,Up
Las1l,4.32E-08,1.116588309,0.607,0.463,0.001012253,Las1l,CGE,24hrvs1hr_PTZ,Up
Auts2,6.92E-08,0.388323673,1,0.997,0.001621592,Auts2,CGE,24hrvs1hr_PTZ,Up
Snrnp70,8.82E-08,0.700250238,0.771,0.673,0.002066628,Snrnp70,CGE,24hrvs1hr_PTZ,Up
Pcdh15,1.58E-07,0.719954577,0.794,0.602,0.003698604,Pcdh15,CGE,24hrvs1hr_PTZ,Up
Gm42418,6.09E-34,-0.895931202,0.995,1,1.43E-29,Gm42418,CGE,24hrvs1hr_PTZ,Down
Cwc22,5.97E-14,-1.237084288,0.617,0.787,1.40E-09,Cwc22,CGE,24hrvs1hr_PTZ,Down
Hsp90aa1,8.91E-12,-1.143463234,0.22,0.537,2.09E-07,Hsp90aa1,CGE,24hrvs1hr_PTZ,Down
AY036118,1.18E-11,-0.686147152,0.692,0.872,2.77E-07,AY036118,CGE,24hrvs1hr_PTZ,Down
Peg3,2.11E-11,-1.004010288,0.509,0.759,4.95E-07,Peg3,CGE,24hrvs1hr_PTZ,Down
Nap1l5,6.05E-10,-2.098858867,0.084,0.304,1.42E-05,Nap1l5,CGE,24hrvs1hr_PTZ,Down
H3f3b,7.35E-10,-1.638059628,0.112,0.352,1.72E-05,H3f3b,CGE,24hrvs1hr_PTZ,Down
Atp6v0c,2.68E-09,-0.796793009,0.374,0.662,6.29E-05,Atp6v0c,CGE,24hrvs1hr_PTZ,Down
Lncpint,1.05E-08,-1.908235812,0.224,0.432,0.000245339,Lncpint,CGE,24hrvs1hr_PTZ,Down
Atp1b1,1.41E-08,-0.590354362,0.673,0.81,0.000330495,Atp1b1,CGE,24hrvs1hr_PTZ,Down
Gm49179,3.88E-08,1.53201618,0.402,0.154,0.000908642,Gm49179,CGE,24hrvs1hr_SAL,Up
Pank1,3.04E-07,1.43923631,0.261,0.07,0.007136925,Pank1,CGE,24hrvs1hr_SAL,Up
Epb41l5,5.77E-07,1.839908111,0.291,0.093,0.013533175,Epb41l5,CGE,24hrvs1hr_SAL,Up
Ctif,7.07E-07,0.917256995,0.462,0.21,0.016578093,Ctif,CGE,24hrvs1hr_SAL,Up
Cep350,8.25E-07,1.065606179,0.367,0.145,0.01934235,Cep350,CGE,24hrvs1hr_SAL,Up
Cwc22,1.08E-06,0.555253,0.905,0.729,0.025334407,Cwc22,CGE,24hrvs1hr_SAL,Up
Dleu2,1.65E-06,1.354393155,0.296,0.103,0.038691725,Dleu2,CGE,24hrvs1hr_SAL,Up
Brinp2,1.85E-06,1.842158913,0.307,0.117,0.043365859,Brinp2,CGE,24hrvs1hr_SAL,Up
Gm42418,1.01E-40,-1.014542711,1,1,2.36E-36,Gm42418,CGE,24hrvs1hr_SAL,Down
AY036118,7.53E-22,-1.298016902,0.774,0.921,1.77E-17,AY036118,CGE,24hrvs1hr_SAL,Down
Tuba1a,3.16E-21,-1.529449387,0.653,0.879,7.40E-17,Tuba1a,CGE,24hrvs1hr_SAL,Down
Tubb2a,2.84E-20,-2.122010476,0.286,0.664,6.67E-16,Tubb2a,CGE,24hrvs1hr_SAL,Down
Gm47283,5.14E-15,-2.104774079,0.342,0.626,1.21E-10,Gm47283,CGE,24hrvs1hr_SAL,Down
mt-Co3,7.36E-15,-1.214966743,0.593,0.836,1.72E-10,mt-Co3,CGE,24hrvs1hr_SAL,Down
Ubb,5.16E-14,-3.357654396,0.055,0.35,1.21E-09,Ubb,CGE,24hrvs1hr_SAL,Down
mt-Co1,2.03E-11,-1.538316417,0.402,0.645,4.75E-07,mt-Co1,CGE,24hrvs1hr_SAL,Down
Hspa8,2.46E-11,-1.665370047,0.286,0.547,5.77E-07,Hspa8,CGE,24hrvs1hr_SAL,Down
Actg1,7.31E-11,-1.9837977,0.196,0.458,1.71E-06,Actg1,CGE,24hrvs1hr_SAL,Down
AY036118,3.14E-10,-0.672925716,0.872,0.921,7.35E-06,AY036118,CGE,PTZvsSAL_1hr,Down
Gm42418,6.46E-10,-0.329216796,1,1,1.51E-05,Gm42418,CGE,PTZvsSAL_1hr,Down
Snrnp70,3.38E-09,-0.658683789,0.673,0.799,7.91E-05,Snrnp70,CGE,PTZvsSAL_1hr,Down
Ddx5,1.92E-07,-0.556445383,0.759,0.836,0.004500287,Ddx5,CGE,PTZvsSAL_1hr,Down
mt-Nd1,1.40E-08,1.254715899,0.603,0.362,0.00032793,mt-Nd1,CGE,PTZvsSAL_24hr,Up
Cwc22,1.72E-16,-1.143443188,0.617,0.905,4.02E-12,Cwc22,CGE,PTZvsSAL_24hr,Down
Meg3,2.08E-94,0.481086139,1,1,4.88E-90,Meg3,ExcitatoryNeuronsCA1,24hrvs1hr_PTZ,Up
Dalrd3,4.25E-87,1.537546683,0.748,0.451,9.96E-83,Dalrd3,ExcitatoryNeuronsCA1,24hrvs1hr_PTZ,Up
Msra,8.46E-80,0.848010011,0.99,0.977,1.98E-75,Msra,ExcitatoryNeuronsCA1,24hrvs1hr_PTZ,Up
Ddx5,6.63E-60,0.814067255,0.942,0.839,1.55E-55,Ddx5,ExcitatoryNeuronsCA1,24hrvs1hr_PTZ,Up
Las1l,3.59E-53,1.199745131,0.676,0.437,8.43E-49,Las1l,ExcitatoryNeuronsCA1,24hrvs1hr_PTZ,Up
Pabpn1,8.06E-53,0.972252606,0.788,0.562,1.89E-48,Pabpn1,ExcitatoryNeuronsCA1,24hrvs1hr_PTZ,Up
Cpt1c,1.39E-48,1.237474411,0.604,0.359,3.26E-44,Cpt1c,ExcitatoryNeuronsCA1,24hrvs1hr_PTZ,Up
Snrnp70,3.47E-47,0.911710548,0.811,0.661,8.13E-43,Snrnp70,ExcitatoryNeuronsCA1,24hrvs1hr_PTZ,Up
Pcsk2,2.82E-46,0.743737947,0.902,0.832,6.60E-42,Pcsk2,ExcitatoryNeuronsCA1,24hrvs1hr_PTZ,Up
Arpp21,1.42E-44,0.437188796,0.992,0.987,3.33E-40,Arpp21,ExcitatoryNeuronsCA1,24hrvs1hr_PTZ,Up
Gm42418,2.99E-192,-0.919057203,0.991,1,7.00E-188,Gm42418,ExcitatoryNeuronsCA1,24hrvs1hr_PTZ,Down
Dmd,1.47E-61,-0.753727179,0.974,0.986,3.46E-57,Dmd,ExcitatoryNeuronsCA1,24hrvs1hr_PTZ,Down
AY036118,7.01E-52,-0.669224797,0.739,0.925,1.64E-47,AY036118,ExcitatoryNeuronsCA1,24hrvs1hr_PTZ,Down
Cwc22,1.66E-51,-1.100489722,0.602,0.795,3.90E-47,Cwc22,ExcitatoryNeuronsCA1,24hrvs1hr_PTZ,Down
Khdrbs3,2.37E-45,-0.829931495,0.736,0.883,5.55E-41,Khdrbs3,ExcitatoryNeuronsCA1,24hrvs1hr_PTZ,Down
Atp1b1,1.63E-44,-0.660450582,0.737,0.902,3.81E-40,Atp1b1,ExcitatoryNeuronsCA1,24hrvs1hr_PTZ,Down
Tanc1,4.58E-42,-2.400940158,0.089,0.314,1.07E-37,Tanc1,ExcitatoryNeuronsCA1,24hrvs1hr_PTZ,Down
Lncpint,1.96E-39,-2.028765283,0.3,0.506,4.60E-35,Lncpint,ExcitatoryNeuronsCA1,24hrvs1hr_PTZ,Down
Magi2,4.60E-38,-0.42707242,0.999,1,1.08E-33,Magi2,ExcitatoryNeuronsCA1,24hrvs1hr_PTZ,Down
Wipf3,8.50E-38,-1.492990877,0.275,0.507,1.99E-33,Wipf3,ExcitatoryNeuronsCA1,24hrvs1hr_PTZ,Down
mt-Co3,1.31E-41,1.317682528,0.644,0.405,3.07E-37,mt-Co3,ExcitatoryNeuronsCA1,PTZvsSAL_24hr,Up
9530059O14Rik,1.10E-38,0.8610424,0.835,0.533,2.58E-34,9530059O14Rik,ExcitatoryNeuronsCA1,24hrvs1hr_SAL,Up
mt-Co2,5.94E-33,1.186734797,0.576,0.355,1.39E-28,mt-Co2,ExcitatoryNeuronsCA1,PTZvsSAL_24hr,Up
mt-Atp6,2.34E-32,1.275237531,0.553,0.336,5.49E-28,mt-Atp6,ExcitatoryNeuronsCA1,PTZvsSAL_24hr,Up
Gm4258,1.88E-30,0.798787806,0.784,0.488,4.41E-26,Gm4258,ExcitatoryNeuronsCA1,24hrvs1hr_SAL,Up
mt-Co1,2.27E-30,1.26005022,0.5,0.29,5.33E-26,mt-Co1,ExcitatoryNeuronsCA1,PTZvsSAL_24hr,Up
Ddx5,2.89E-30,0.618033282,0.942,0.897,6.78E-26,Ddx5,ExcitatoryNeuronsCA1,PTZvsSAL_24hr,Up
mt-Nd1,6.70E-29,1.487219416,0.481,0.284,1.57E-24,mt-Nd1,ExcitatoryNeuronsCA1,PTZvsSAL_24hr,Up
Msra,7.12E-29,0.509197704,0.992,0.979,1.67E-24,Msra,ExcitatoryNeuronsCA1,24hrvs1hr_SAL,Up
Tubb2a,2.69E-27,1.121585385,0.602,0.446,6.31E-23,Tubb2a,ExcitatoryNeuronsCA1,PTZvsSAL_24hr,Up
Gm42418,2.29E-195,-1.122479144,1,1,5.36E-191,Gm42418,ExcitatoryNeuronsCA1,24hrvs1hr_SAL,Down
Tuba1a,2.89E-122,-2.036362656,0.683,0.902,6.79E-118,Tuba1a,ExcitatoryNeuronsCA1,24hrvs1hr_SAL,Down
AY036118,6.46E-114,-1.283512878,0.859,0.943,1.51E-109,AY036118,ExcitatoryNeuronsCA1,24hrvs1hr_SAL,Down
Tubb2a,2.60E-80,-1.858811718,0.446,0.732,6.09E-76,Tubb2a,ExcitatoryNeuronsCA1,24hrvs1hr_SAL,Down
Actb,5.32E-76,-1.850023894,0.461,0.731,1.25E-71,Actb,ExcitatoryNeuronsCA1,24hrvs1hr_SAL,Down
Actg1,3.45E-74,-1.934590579,0.321,0.643,8.09E-70,Actg1,ExcitatoryNeuronsCA1,24hrvs1hr_SAL,Down
Tubb2b,2.10E-72,-2.105112927,0.376,0.665,4.92E-68,Tubb2b,ExcitatoryNeuronsCA1,24hrvs1hr_SAL,Down
Ubb,1.60E-71,-2.661191582,0.127,0.475,3.74E-67,Ubb,ExcitatoryNeuronsCA1,24hrvs1hr_SAL,Down
Tubb5,5.74E-65,-1.735559819,0.41,0.678,1.35E-60,Tubb5,ExcitatoryNeuronsCA1,24hrvs1hr_SAL,Down
Gm47283,5.55E-63,-1.803122378,0.455,0.701,1.30E-58,Gm47283,ExcitatoryNeuronsCA1,24hrvs1hr_SAL,Down
Tuba1a,4.87E-27,0.94551721,0.774,0.683,1.14E-22,Tuba1a,ExcitatoryNeuronsCA1,PTZvsSAL_24hr,Up
Trpc5,5.16E-27,0.792420709,0.741,0.489,1.21E-22,Trpc5,ExcitatoryNeuronsCA1,24hrvs1hr_SAL,Up
Gm47283,1.83E-26,1.112437008,0.612,0.455,4.29E-22,Gm47283,ExcitatoryNeuronsCA1,PTZvsSAL_24hr,Up
Kcnh7,3.21E-26,0.636481786,0.927,0.875,7.53E-22,Kcnh7,ExcitatoryNeuronsCA1,PTZvsSAL_1hr,Up
Syndig1,4.54E-24,1.056069234,0.519,0.261,1.06E-19,Syndig1,ExcitatoryNeuronsCA1,24hrvs1hr_SAL,Up
Frmd4a,1.63E-23,0.309037735,0.999,0.964,3.83E-19,Frmd4a,ExcitatoryNeuronsCA1,24hrvs1hr_SAL,Up
Gm44257,8.84E-22,1.340815256,0.383,0.168,2.07E-17,Gm44257,ExcitatoryNeuronsCA1,24hrvs1hr_SAL,Up
Mpp6,1.12E-21,0.673254874,0.748,0.467,2.64E-17,Mpp6,ExcitatoryNeuronsCA1,24hrvs1hr_SAL,Up
Slit3,1.33E-21,0.30793791,0.994,0.972,3.12E-17,Slit3,ExcitatoryNeuronsCA1,24hrvs1hr_SAL,Up
Fhit,1.54E-21,0.95973181,0.456,0.25,3.62E-17,Fhit,ExcitatoryNeuronsCA1,PTZvsSAL_1hr,Up
Gm42418,4.45E-71,-0.483067695,1,1,1.04E-66,Gm42418,ExcitatoryNeuronsCA1,PTZvsSAL_1hr,Down
AY036118,6.76E-58,-0.721792188,0.925,0.943,1.59E-53,AY036118,ExcitatoryNeuronsCA1,PTZvsSAL_1hr,Down
Ddx5,1.29E-35,-0.650245964,0.839,0.886,3.01E-31,Ddx5,ExcitatoryNeuronsCA1,PTZvsSAL_1hr,Down
Snhg11,6.43E-35,-0.433937557,0.994,0.996,1.51E-30,Snhg11,ExcitatoryNeuronsCA1,PTZvsSAL_1hr,Down
Snrnp70,2.82E-32,-0.796816344,0.661,0.749,6.62E-28,Snrnp70,ExcitatoryNeuronsCA1,PTZvsSAL_1hr,Down
Tuba1a,3.74E-30,-0.702254752,0.795,0.902,8.78E-26,Tuba1a,ExcitatoryNeuronsCA1,PTZvsSAL_1hr,Down
Meg3,5.41E-26,-0.266312713,1,1,1.27E-21,Meg3,ExcitatoryNeuronsCA1,PTZvsSAL_1hr,Down
Actb,8.18E-26,-0.835446105,0.673,0.731,1.92E-21,Actb,ExcitatoryNeuronsCA1,PTZvsSAL_1hr,Down
Tubb5,4.80E-23,-0.708729369,0.558,0.678,1.13E-18,Tubb5,ExcitatoryNeuronsCA1,PTZvsSAL_1hr,Down
Cpt1c,1.16E-21,-0.970116469,0.359,0.495,2.73E-17,Cpt1c,ExcitatoryNeuronsCA1,PTZvsSAL_1hr,Down
Cnksr2,1.73E-21,0.483090783,0.969,0.921,4.04E-17,Cnksr2,ExcitatoryNeuronsCA1,PTZvsSAL_1hr,Up
Wipf3,2.93E-21,0.97297618,0.507,0.3,6.86E-17,Wipf3,ExcitatoryNeuronsCA1,PTZvsSAL_1hr,Up
Lin7a,1.71E-20,0.890670761,0.502,0.258,4.01E-16,Lin7a,ExcitatoryNeuronsCA1,24hrvs1hr_SAL,Up
Dalrd3,4.51E-19,0.664974061,0.748,0.683,1.06E-14,Dalrd3,ExcitatoryNeuronsCA1,PTZvsSAL_24hr,Up
Brinp1,1.05E-17,0.485364311,0.88,0.773,2.47E-13,Brinp1,ExcitatoryNeuronsCA1,PTZvsSAL_1hr,Up
Epha6,5.92E-17,0.361788471,0.974,0.963,1.39E-12,Epha6,ExcitatoryNeuronsCA1,PTZvsSAL_1hr,Up
Cadm2,2.16E-16,0.348976134,0.968,0.965,5.06E-12,Cadm2,ExcitatoryNeuronsCA1,PTZvsSAL_1hr,Up
Epha5,2.40E-16,0.333298265,0.935,0.857,5.63E-12,Epha5,ExcitatoryNeuronsCA1,PTZvsSAL_1hr,Up
Kcnip4,1.27E-15,0.384861614,0.966,0.957,2.97E-11,Kcnip4,ExcitatoryNeuronsCA1,PTZvsSAL_1hr,Up
Ndst4,1.74E-14,0.728557226,0.576,0.409,4.08E-10,Ndst4,ExcitatoryNeuronsCA1,PTZvsSAL_1hr,Up
Cwc22,3.98E-97,-1.175048861,0.602,0.957,9.32E-93,Cwc22,ExcitatoryNeuronsCA1,PTZvsSAL_24hr,Down
Gm42418,9.29E-28,-0.279645754,0.991,1,2.18E-23,Gm42418,ExcitatoryNeuronsCA1,PTZvsSAL_24hr,Down
Itga8,5.41E-14,-0.695002293,0.349,0.533,1.27E-09,Itga8,ExcitatoryNeuronsCA1,PTZvsSAL_24hr,Down
Kcnq1ot1,5.70E-13,-0.547025915,0.434,0.617,1.34E-08,Kcnq1ot1,ExcitatoryNeuronsCA1,PTZvsSAL_24hr,Down
Gm16105,3.21E-11,-0.688779356,0.214,0.361,7.53E-07,Gm16105,ExcitatoryNeuronsCA1,PTZvsSAL_24hr,Down
Sema3c,3.60E-10,-0.536396061,0.242,0.395,8.44E-06,Sema3c,ExcitatoryNeuronsCA1,PTZvsSAL_24hr,Down
Safb,4.08E-09,-0.621849718,0.21,0.345,9.57E-05,Safb,ExcitatoryNeuronsCA1,PTZvsSAL_24hr,Down
Camk1d,6.46E-09,-0.210347586,0.891,0.966,0.000151555,Camk1d,ExcitatoryNeuronsCA1,PTZvsSAL_24hr,Down
Rnf121,6.49E-09,-0.579506014,0.382,0.52,0.000152049,Rnf121,ExcitatoryNeuronsCA1,PTZvsSAL_24hr,Down
Pcsk5,1.71E-08,-0.431156693,0.324,0.467,0.000400943,Pcsk5,ExcitatoryNeuronsCA1,PTZvsSAL_24hr,Down
Meg3,5.11E-69,0.530925199,1,1,1.20E-64,Meg3,ExcitatoryNeuronsCA3,24hrvs1hr_PTZ,Up
Dalrd3,1.41E-47,1.646866421,0.733,0.383,3.30E-43,Dalrd3,ExcitatoryNeuronsCA3,24hrvs1hr_PTZ,Up
Prpf4b,6.63E-46,1.202489743,0.855,0.602,1.55E-41,Prpf4b,ExcitatoryNeuronsCA3,24hrvs1hr_PTZ,Up
Cpt1c,4.69E-41,1.48702549,0.703,0.368,1.10E-36,Cpt1c,ExcitatoryNeuronsCA3,24hrvs1hr_PTZ,Up
Ahi1,3.24E-37,0.662370047,0.991,0.965,7.59E-33,Ahi1,ExcitatoryNeuronsCA3,24hrvs1hr_PTZ,Up
Ddx5,1.98E-29,0.748865717,0.956,0.878,4.65E-25,Ddx5,ExcitatoryNeuronsCA3,24hrvs1hr_PTZ,Up
Malat1,2.61E-28,0.504005128,1,1,6.13E-24,Malat1,ExcitatoryNeuronsCA3,24hrvs1hr_PTZ,Up
Snrnp70,3.71E-26,0.846660615,0.861,0.733,8.70E-22,Snrnp70,ExcitatoryNeuronsCA3,24hrvs1hr_PTZ,Up
Pabpn1,4.70E-26,0.924347298,0.815,0.612,1.10E-21,Pabpn1,ExcitatoryNeuronsCA3,24hrvs1hr_PTZ,Up
Taco1,5.34E-24,1.783279498,0.37,0.135,1.25E-19,Taco1,ExcitatoryNeuronsCA3,24hrvs1hr_PTZ,Up
Gm42418,4.71E-95,-0.792178729,0.998,1,1.10E-90,Gm42418,ExcitatoryNeuronsCA3,24hrvs1hr_PTZ,Down
Cwc22,1.42E-45,-1.407750794,0.568,0.829,3.32E-41,Cwc22,ExcitatoryNeuronsCA3,24hrvs1hr_PTZ,Down
AY036118,4.77E-34,-0.773757121,0.778,0.933,1.12E-29,AY036118,ExcitatoryNeuronsCA3,24hrvs1hr_PTZ,Down
Akt3,1.40E-25,-0.44560661,0.998,1,3.28E-21,Akt3,ExcitatoryNeuronsCA3,24hrvs1hr_PTZ,Down
Nbea,6.45E-23,-0.349113789,1,1,1.51E-18,Nbea,ExcitatoryNeuronsCA3,24hrvs1hr_PTZ,Down
Hsp90aa1,9.61E-23,-1.038613254,0.357,0.638,2.25E-18,Hsp90aa1,ExcitatoryNeuronsCA3,24hrvs1hr_PTZ,Down
Ppia,1.36E-20,-0.941730593,0.363,0.642,3.20E-16,Ppia,ExcitatoryNeuronsCA3,24hrvs1hr_PTZ,Down
Gm20754,1.86E-20,-0.586700219,0.93,0.968,4.35E-16,Gm20754,ExcitatoryNeuronsCA3,24hrvs1hr_PTZ,Down
Khdrbs3,2.52E-20,-0.448003196,0.956,0.985,5.90E-16,Khdrbs3,ExcitatoryNeuronsCA3,24hrvs1hr_PTZ,Down
Gphn,4.41E-19,-0.346624862,0.982,0.994,1.03E-14,Gphn,ExcitatoryNeuronsCA3,24hrvs1hr_PTZ,Down
Upp2,7.94E-17,1.06429743,0.499,0.228,1.86E-12,Upp2,ExcitatoryNeuronsCA3,24hrvs1hr_SAL,Up
Rapgef4,4.31E-16,0.503036656,0.915,0.715,1.01E-11,Rapgef4,ExcitatoryNeuronsCA3,24hrvs1hr_SAL,Up
Gm4258,1.67E-14,0.807987875,0.774,0.557,3.91E-10,Gm4258,ExcitatoryNeuronsCA3,24hrvs1hr_SAL,Up
Gm16183,1.88E-14,1.026588679,0.52,0.271,4.41E-10,Gm16183,ExcitatoryNeuronsCA3,24hrvs1hr_SAL,Up
Cwc22,4.75E-13,0.472909226,0.96,0.846,1.11E-08,Cwc22,ExcitatoryNeuronsCA3,24hrvs1hr_SAL,Up
Dynlt1a,1.27E-12,1.484494103,0.334,0.14,2.98E-08,Dynlt1a,ExcitatoryNeuronsCA3,24hrvs1hr_SAL,Up
Frmd4a,2.62E-12,0.310917961,0.995,0.984,6.13E-08,Frmd4a,ExcitatoryNeuronsCA3,24hrvs1hr_SAL,Up
Gm26871,1.09E-11,0.317197085,0.998,0.99,2.55E-07,Gm26871,ExcitatoryNeuronsCA3,24hrvs1hr_SAL,Up
Pabpc1,1.70E-11,0.749428237,0.56,0.335,3.98E-07,Pabpc1,ExcitatoryNeuronsCA3,24hrvs1hr_SAL,Up
Kcnq1ot1,5.63E-11,0.629383569,0.746,0.521,1.32E-06,Kcnq1ot1,ExcitatoryNeuronsCA3,24hrvs1hr_SAL,Up
Gm42418,9.43E-97,-0.950108654,1,1,2.21E-92,Gm42418,ExcitatoryNeuronsCA3,24hrvs1hr_SAL,Down
Tuba1a,2.10E-72,-2.187184372,0.565,0.908,4.92E-68,Tuba1a,ExcitatoryNeuronsCA3,24hrvs1hr_SAL,Down
AY036118,2.74E-69,-1.287446134,0.871,0.962,6.43E-65,AY036118,ExcitatoryNeuronsCA3,24hrvs1hr_SAL,Down
Tubb2a,2.03E-46,-2.117762518,0.327,0.715,4.77E-42,Tubb2a,ExcitatoryNeuronsCA3,24hrvs1hr_SAL,Down
Tubb2b,4.22E-45,-2.478392632,0.256,0.645,9.90E-41,Tubb2b,ExcitatoryNeuronsCA3,24hrvs1hr_SAL,Down
Hspa8,8.04E-42,-1.992553245,0.315,0.695,1.88E-37,Hspa8,ExcitatoryNeuronsCA3,24hrvs1hr_SAL,Down
Actb,6.33E-40,-1.932771479,0.353,0.711,1.48E-35,Actb,ExcitatoryNeuronsCA3,24hrvs1hr_SAL,Down
Ubb,9.12E-37,-2.603531746,0.101,0.479,2.14E-32,Ubb,ExcitatoryNeuronsCA3,24hrvs1hr_SAL,Down
Hsp90aa1,1.06E-35,-1.995020342,0.247,0.613,2.48E-31,Hsp90aa1,ExcitatoryNeuronsCA3,24hrvs1hr_SAL,Down
Atp6v0c,1.45E-33,-1.719142671,0.287,0.641,3.39E-29,Atp6v0c,ExcitatoryNeuronsCA3,24hrvs1hr_SAL,Down
Fhit,3.22E-16,0.928235792,0.584,0.353,7.55E-12,Fhit,ExcitatoryNeuronsCA3,PTZvsSAL_1hr,Up
Trhde,2.94E-14,0.637634959,0.838,0.683,6.89E-10,Trhde,ExcitatoryNeuronsCA3,PTZvsSAL_1hr,Up
Nr4a3,6.84E-14,1.033257177,0.552,0.357,1.60E-09,Nr4a3,ExcitatoryNeuronsCA3,PTZvsSAL_1hr,Up
Grik4,7.21E-14,0.466075915,0.918,0.786,1.69E-09,Grik4,ExcitatoryNeuronsCA3,PTZvsSAL_1hr,Up
Stxbp5l,6.12E-13,0.481917254,0.955,0.898,1.43E-08,Stxbp5l,ExcitatoryNeuronsCA3,PTZvsSAL_1hr,Up
Rnf182,7.75E-13,0.588916013,0.754,0.551,1.82E-08,Rnf182,ExcitatoryNeuronsCA3,PTZvsSAL_1hr,Up
Ano3,7.58E-11,0.763746955,0.656,0.501,1.78E-06,Ano3,ExcitatoryNeuronsCA3,PTZvsSAL_1hr,Up
Rbfox1,1.93E-10,0.249953925,0.995,0.996,4.53E-06,Rbfox1,ExcitatoryNeuronsCA3,PTZvsSAL_1hr,Up
Gm49678,2.03E-10,0.43488046,0.91,0.796,4.75E-06,Gm49678,ExcitatoryNeuronsCA3,PTZvsSAL_1hr,Up
Gm20754,8.04E-10,0.347435363,0.968,0.954,1.88E-05,Gm20754,ExcitatoryNeuronsCA3,PTZvsSAL_1hr,Up
AY036118,1.08E-38,-0.697344496,0.933,0.962,2.53E-34,AY036118,ExcitatoryNeuronsCA3,PTZvsSAL_1hr,Down
Gm42418,4.91E-37,-0.410720998,1,1,1.15E-32,Gm42418,ExcitatoryNeuronsCA3,PTZvsSAL_1hr,Down
Meg3,2.46E-23,-0.316862162,1,1,5.77E-19,Meg3,ExcitatoryNeuronsCA3,PTZvsSAL_1hr,Down
Snrnp70,1.11E-21,-0.76107453,0.733,0.818,2.60E-17,Snrnp70,ExcitatoryNeuronsCA3,PTZvsSAL_1hr,Down
Dalrd3,1.22E-21,-1.139417224,0.383,0.597,2.86E-17,Dalrd3,ExcitatoryNeuronsCA3,PTZvsSAL_1hr,Down
Ttr,1.45E-18,-2.948220746,0.08,0.253,3.39E-14,Ttr,ExcitatoryNeuronsCA3,PTZvsSAL_1hr,Down
Cpt1c,8.59E-17,-1.012200861,0.368,0.557,2.01E-12,Cpt1c,ExcitatoryNeuronsCA3,PTZvsSAL_1hr,Down
Malat1,1.25E-15,-0.292818667,1,1,2.92E-11,Malat1,ExcitatoryNeuronsCA3,PTZvsSAL_1hr,Down
Ddx5,3.29E-14,-0.541810783,0.878,0.922,7.72E-10,Ddx5,ExcitatoryNeuronsCA3,PTZvsSAL_1hr,Down
Snhg11,3.92E-14,-0.347861146,0.987,0.986,9.19E-10,Snhg11,ExcitatoryNeuronsCA3,PTZvsSAL_1hr,Down
mt-Co3,2.86E-17,1.484439091,0.579,0.332,6.71E-13,mt-Co3,ExcitatoryNeuronsCA3,PTZvsSAL_24hr,Up
mt-Co1,2.25E-16,1.69972871,0.443,0.2,5.28E-12,mt-Co1,ExcitatoryNeuronsCA3,PTZvsSAL_24hr,Up
mt-Co2,4.02E-15,1.42623978,0.496,0.261,9.42E-11,mt-Co2,ExcitatoryNeuronsCA3,PTZvsSAL_24hr,Up
mt-Nd1,3.43E-14,1.641680271,0.434,0.202,8.04E-10,mt-Nd1,ExcitatoryNeuronsCA3,PTZvsSAL_24hr,Up
Tuba1a,1.05E-12,1.036393178,0.7,0.565,2.46E-08,Tuba1a,ExcitatoryNeuronsCA3,PTZvsSAL_24hr,Up
mt-Atp6,3.62E-12,1.258108056,0.465,0.261,8.49E-08,mt-Atp6,ExcitatoryNeuronsCA3,PTZvsSAL_24hr,Up
mt-Cytb,4.90E-12,1.418884236,0.341,0.148,1.15E-07,mt-Cytb,ExcitatoryNeuronsCA3,PTZvsSAL_24hr,Up
Gm47283,1.03E-10,1.091618918,0.584,0.414,2.41E-06,Gm47283,ExcitatoryNeuronsCA3,PTZvsSAL_24hr,Up
Fam189b,1.80E-09,1.272465906,0.337,0.162,4.21E-05,Fam189b,ExcitatoryNeuronsCA3,PTZvsSAL_24hr,Up
Tubb2b,4.18E-09,1.247685841,0.419,0.256,9.81E-05,Tubb2b,ExcitatoryNeuronsCA3,PTZvsSAL_24hr,Up
Cwc22,9.90E-57,-1.431894379,0.568,0.96,2.32E-52,Cwc22,ExcitatoryNeuronsCA3,PTZvsSAL_24hr,Down
Gm42418,2.17E-23,-0.252791073,0.998,1,5.10E-19,Gm42418,ExcitatoryNeuronsCA3,PTZvsSAL_24hr,Down
Ralyl,1.85E-07,-0.243292405,0.985,1,0.004332523,Ralyl,ExcitatoryNeuronsCA3,PTZvsSAL_24hr,Down
Slc8a1,2.04E-07,-0.278690583,0.982,0.998,0.004782274,Slc8a1,ExcitatoryNeuronsCA3,PTZvsSAL_24hr,Down
Pabpc1,6.68E-07,-0.496363649,0.392,0.56,0.015653094,Pabpc1,ExcitatoryNeuronsCA3,PTZvsSAL_24hr,Down
Kcnq1ot1,7.07E-07,-0.504986147,0.595,0.746,0.016580519,Kcnq1ot1,ExcitatoryNeuronsCA3,PTZvsSAL_24hr,Down
Thsd7b,1.63E-06,-0.339004574,0.866,0.939,0.03821915,Thsd7b,ExcitatoryNeuronsCA3,PTZvsSAL_24hr,Down
9330159F19Rik,6.10E-10,1.079660626,0.389,0.18,1.43E-05,9330159F19Rik,ExcitatoryNeuronsImmatureDG,24hrvs1hr_PTZ,Up
Shisa9,6.25E-08,0.921085901,0.47,0.29,0.00146455,Shisa9,ExcitatoryNeuronsImmatureDG,24hrvs1hr_PTZ,Up
Rufy3,1.02E-07,1.049993465,0.343,0.171,0.002396397,Rufy3,ExcitatoryNeuronsImmatureDG,24hrvs1hr_PTZ,Up
Zeb2,1.14E-07,0.390624184,0.983,0.988,0.002675324,Zeb2,ExcitatoryNeuronsImmatureDG,24hrvs1hr_PTZ,Up
Cpt1c,1.40E-07,0.969886466,0.345,0.171,0.003292394,Cpt1c,ExcitatoryNeuronsImmatureDG,24hrvs1hr_PTZ,Up
Fat4,3.32E-07,0.825324319,0.391,0.219,0.007792911,Fat4,ExcitatoryNeuronsImmatureDG,24hrvs1hr_PTZ,Up
Zfp536,4.88E-07,0.568401746,0.649,0.503,0.011448837,Zfp536,ExcitatoryNeuronsImmatureDG,24hrvs1hr_PTZ,Up
Mef2c,6.43E-07,0.798314385,0.478,0.314,0.015083594,Mef2c,ExcitatoryNeuronsImmatureDG,24hrvs1hr_PTZ,Up
Epc1,7.90E-07,0.767879895,0.367,0.192,0.018509273,Epc1,ExcitatoryNeuronsImmatureDG,24hrvs1hr_PTZ,Up
Gm42418,3.32E-73,-1.154571775,0.998,1,7.78E-69,Gm42418,ExcitatoryNeuronsImmatureDG,24hrvs1hr_PTZ,Down
Cwc22,1.89E-50,-1.526933706,0.812,0.985,4.44E-46,Cwc22,ExcitatoryNeuronsImmatureDG,24hrvs1hr_PTZ,Down
AY036118,2.76E-28,-0.997295183,0.738,0.931,6.48E-24,AY036118,ExcitatoryNeuronsImmatureDG,24hrvs1hr_PTZ,Down
Tuba1a,1.18E-16,-0.726656377,0.839,0.976,2.76E-12,Tuba1a,ExcitatoryNeuronsImmatureDG,24hrvs1hr_PTZ,Down
Mgat4c,6.66E-13,-0.701072029,0.563,0.778,1.56E-08,Mgat4c,ExcitatoryNeuronsImmatureDG,24hrvs1hr_PTZ,Down
Ptbp2,1.84E-09,-0.518684627,0.876,0.919,4.31E-05,Ptbp2,ExcitatoryNeuronsImmatureDG,24hrvs1hr_PTZ,Down
Kcnq5,2.55E-09,-0.533502629,0.782,0.916,5.98E-05,Kcnq5,ExcitatoryNeuronsImmatureDG,24hrvs1hr_PTZ,Down
Snhg11,1.39E-08,-0.171585925,0.749,0.916,0.000325623,Snhg11,ExcitatoryNeuronsImmatureDG,24hrvs1hr_PTZ,Down
Dpp10,4.70E-08,-0.452993927,0.642,0.823,0.00110071,Dpp10,ExcitatoryNeuronsImmatureDG,24hrvs1hr_PTZ,Down
Cpe,4.78E-08,-0.61641121,0.699,0.805,0.001121305,Cpe,ExcitatoryNeuronsImmatureDG,24hrvs1hr_PTZ,Down
Cwc22,4.38E-07,0.623150362,0.938,0.927,0.010277566,Cwc22,ExcitatoryNeuronsImmatureDG,24hrvs1hr_SAL,Up
Grid2,1.90E-06,0.542355615,0.696,0.955,0.04447597,Grid2,ExcitatoryNeuronsImmatureDG,24hrvs1hr_SAL,Up
Gm42418,1.04E-24,-0.883583293,1,1,2.45E-20,Gm42418,ExcitatoryNeuronsImmatureDG,24hrvs1hr_SAL,Down
Tuba1a,1.32E-16,-1.103997429,0.786,0.973,3.10E-12,Tuba1a,ExcitatoryNeuronsImmatureDG,24hrvs1hr_SAL,Down
Tubb2b,1.73E-11,-1.847410637,0.235,0.473,4.06E-07,Tubb2b,ExcitatoryNeuronsImmatureDG,24hrvs1hr_SAL,Down
Agbl4,5.38E-11,-0.997975798,0.307,0.673,1.26E-06,Agbl4,ExcitatoryNeuronsImmatureDG,24hrvs1hr_SAL,Down
Snhg11,1.07E-10,-0.459164725,0.77,0.973,2.51E-06,Snhg11,ExcitatoryNeuronsImmatureDG,24hrvs1hr_SAL,Down
AY036118,2.57E-10,-0.844532365,0.775,0.955,6.02E-06,AY036118,ExcitatoryNeuronsImmatureDG,24hrvs1hr_SAL,Down
Runx1t1,2.74E-10,-1.003322551,0.301,0.673,6.42E-06,Runx1t1,ExcitatoryNeuronsImmatureDG,24hrvs1hr_SAL,Down
Malat1,3.71E-10,-0.313336351,1,1,8.70E-06,Malat1,ExcitatoryNeuronsImmatureDG,24hrvs1hr_SAL,Down
Tafa1,5.00E-10,-0.583249754,0.545,0.873,1.17E-05,Tafa1,ExcitatoryNeuronsImmatureDG,24hrvs1hr_SAL,Down
A230006K03Rik,7.80E-10,-0.937775715,0.368,0.727,1.83E-05,A230006K03Rik,ExcitatoryNeuronsImmatureDG,24hrvs1hr_SAL,Down
Cwc22,4.47E-14,1.164287041,0.985,0.927,1.05E-09,Cwc22,ExcitatoryNeuronsImmatureDG,PTZvsSAL_1hr,Up
mt-Nd1,2.23E-13,0.897966897,0.491,0.304,5.23E-09,mt-Nd1,ExcitatoryNeuronsImmatureDG,PTZvsSAL_24hr,Up
mt-Co2,1.02E-12,0.672007941,0.607,0.42,2.40E-08,mt-Co2,ExcitatoryNeuronsImmatureDG,PTZvsSAL_24hr,Up
mt-Co3,6.70E-12,0.678173695,0.812,0.671,1.57E-07,mt-Co3,ExcitatoryNeuronsImmatureDG,PTZvsSAL_24hr,Up
mt-Atp6,3.04E-11,0.669095584,0.587,0.425,7.13E-07,mt-Atp6,ExcitatoryNeuronsImmatureDG,PTZvsSAL_24hr,Up
Gm47283,4.49E-11,1.079508464,0.463,0.311,1.05E-06,Gm47283,ExcitatoryNeuronsImmatureDG,PTZvsSAL_24hr,Up
mt-Nd4,3.34E-08,0.758300142,0.382,0.245,0.000782961,mt-Nd4,ExcitatoryNeuronsImmatureDG,PTZvsSAL_24hr,Up
mt-Cytb,1.37E-07,0.768094553,0.404,0.278,0.003202692,mt-Cytb,ExcitatoryNeuronsImmatureDG,PTZvsSAL_24hr,Up
Cwc22,8.08E-43,-0.985797027,0.812,0.938,1.89E-38,Cwc22,ExcitatoryNeuronsImmatureDG,PTZvsSAL_24hr,Down
Gm42418,2.15E-17,-0.423763791,0.998,1,5.05E-13,Gm42418,ExcitatoryNeuronsImmatureDG,PTZvsSAL_24hr,Down
Camk1d,1.62E-12,-0.501811008,0.755,0.827,3.79E-08,Camk1d,ExcitatoryNeuronsImmatureDG,PTZvsSAL_24hr,Down
Tcf4,1.18E-80,0.82526654,0.998,0.995,2.77E-76,Tcf4,ExcitatoryNeuronsMatureDG,24hrvs1hr_PTZ,Up
Robo1,6.66E-78,1.173494145,0.952,0.696,1.56E-73,Robo1,ExcitatoryNeuronsMatureDG,24hrvs1hr_PTZ,Up
Meg3,2.74E-76,0.779501954,0.999,0.979,6.42E-72,Meg3,ExcitatoryNeuronsMatureDG,24hrvs1hr_PTZ,Up
Pcdh15,7.62E-74,1.176780304,0.886,0.507,1.79E-69,Pcdh15,ExcitatoryNeuronsMatureDG,24hrvs1hr_PTZ,Up
Rbfox1,7.33E-73,0.664993287,1,0.999,1.72E-68,Rbfox1,ExcitatoryNeuronsMatureDG,24hrvs1hr_PTZ,Up
Galntl6,4.92E-62,0.8980798,0.942,0.618,1.15E-57,Galntl6,ExcitatoryNeuronsMatureDG,24hrvs1hr_PTZ,Up
Cacna1c,2.92E-61,0.685427691,0.997,0.964,6.85E-57,Cacna1c,ExcitatoryNeuronsMatureDG,24hrvs1hr_PTZ,Up
Ctnna2,7.18E-61,0.728127339,0.999,0.982,1.68E-56,Ctnna2,ExcitatoryNeuronsMatureDG,24hrvs1hr_PTZ,Up
Ptprg,2.99E-60,0.88269409,0.946,0.755,7.01E-56,Ptprg,ExcitatoryNeuronsMatureDG,24hrvs1hr_PTZ,Up
Dab1,1.23E-58,0.46773014,1,1,2.88E-54,Dab1,ExcitatoryNeuronsMatureDG,24hrvs1hr_PTZ,Up
Adarb2,7.94E-147,-4.715280397,0.091,0.654,1.86E-142,Adarb2,ExcitatoryNeuronsMatureDG,24hrvs1hr_PTZ,Down
Gm42418,3.07E-108,-0.856840359,0.998,1,7.19E-104,Gm42418,ExcitatoryNeuronsMatureDG,24hrvs1hr_PTZ,Down
Diaph2,1.46E-92,-2.217374656,0.307,0.716,3.43E-88,Diaph2,ExcitatoryNeuronsMatureDG,24hrvs1hr_PTZ,Down
Xist,1.20E-77,-7.252192001,0.001,0.334,2.81E-73,Xist,ExcitatoryNeuronsMatureDG,24hrvs1hr_PTZ,Down
Tanc1,1.86E-76,-2.629444913,0.156,0.551,4.37E-72,Tanc1,ExcitatoryNeuronsMatureDG,24hrvs1hr_PTZ,Down
Rasal2,8.11E-72,-1.507904883,0.648,0.866,1.90E-67,Rasal2,ExcitatoryNeuronsMatureDG,24hrvs1hr_PTZ,Down
Trpm3,9.09E-72,-1.02829598,0.829,0.924,2.13E-67,Trpm3,ExcitatoryNeuronsMatureDG,24hrvs1hr_PTZ,Down
Ano3,3.62E-67,-1.795023548,0.326,0.685,8.49E-63,Ano3,ExcitatoryNeuronsMatureDG,24hrvs1hr_PTZ,Down
Erc2,4.49E-66,-0.826464247,0.99,0.991,1.05E-61,Erc2,ExcitatoryNeuronsMatureDG,24hrvs1hr_PTZ,Down
Ahcyl2,4.73E-65,-1.36979579,0.589,0.836,1.11E-60,Ahcyl2,ExcitatoryNeuronsMatureDG,24hrvs1hr_PTZ,Down
Lin7a,3.37E-19,1.207474295,0.518,0.203,7.89E-15,Lin7a,ExcitatoryNeuronsMatureDG,24hrvs1hr_SAL,Up
Eps8,7.54E-19,1.09623176,0.541,0.203,1.77E-14,Eps8,ExcitatoryNeuronsMatureDG,24hrvs1hr_SAL,Up
Sema6d,2.76E-18,0.641348368,0.959,0.844,6.47E-14,Sema6d,ExcitatoryNeuronsMatureDG,24hrvs1hr_SAL,Up
Zfp536,9.22E-18,0.772670286,0.828,0.521,2.16E-13,Zfp536,ExcitatoryNeuronsMatureDG,24hrvs1hr_SAL,Up
Myo5b,1.79E-16,0.933606612,0.672,0.357,4.19E-12,Myo5b,ExcitatoryNeuronsMatureDG,24hrvs1hr_SAL,Up
Gm4258,2.69E-16,1.251547384,0.459,0.182,6.32E-12,Gm4258,ExcitatoryNeuronsMatureDG,24hrvs1hr_SAL,Up
Ptpro,3.95E-16,0.644191723,0.839,0.552,9.26E-12,Ptpro,ExcitatoryNeuronsMatureDG,24hrvs1hr_SAL,Up
Sorcs2,7.98E-16,0.749453511,0.702,0.352,1.87E-11,Sorcs2,ExcitatoryNeuronsMatureDG,24hrvs1hr_SAL,Up
Usp29,7.47E-15,0.696703205,0.67,0.336,1.75E-10,Usp29,ExcitatoryNeuronsMatureDG,24hrvs1hr_SAL,Up
Elovl6,5.55E-14,1.439630471,0.354,0.122,1.30E-09,Elovl6,ExcitatoryNeuronsMatureDG,24hrvs1hr_SAL,Up
Gm42418,4.93E-95,-1.116864533,1,1,1.16E-90,Gm42418,ExcitatoryNeuronsMatureDG,24hrvs1hr_SAL,Down
AY036118,8.09E-64,-1.442893971,0.743,0.953,1.90E-59,AY036118,ExcitatoryNeuronsMatureDG,24hrvs1hr_SAL,Down
Snhg11,3.66E-37,-1.378838157,0.364,0.753,8.59E-33,Snhg11,ExcitatoryNeuronsMatureDG,24hrvs1hr_SAL,Down
Tuba1a,7.47E-36,-1.36712565,0.633,0.857,1.75E-31,Tuba1a,ExcitatoryNeuronsMatureDG,24hrvs1hr_SAL,Down
Pcdh7,8.79E-29,-2.286340008,0.167,0.477,2.06E-24,Pcdh7,ExcitatoryNeuronsMatureDG,24hrvs1hr_SAL,Down
mt-Co3,1.15E-26,-0.984349164,0.48,0.745,2.70E-22,mt-Co3,ExcitatoryNeuronsMatureDG,24hrvs1hr_SAL,Down
Gm47283,8.18E-21,-1.747396383,0.387,0.555,1.92E-16,Gm47283,ExcitatoryNeuronsMatureDG,24hrvs1hr_SAL,Down
Akt3,1.08E-19,-0.641934922,0.957,0.982,2.52E-15,Akt3,ExcitatoryNeuronsMatureDG,24hrvs1hr_SAL,Down
Actb,3.18E-19,-1.364944787,0.438,0.604,7.44E-15,Actb,ExcitatoryNeuronsMatureDG,24hrvs1hr_SAL,Down
Kcnq5,4.85E-19,-0.858603747,0.421,0.698,1.14E-14,Kcnq5,ExcitatoryNeuronsMatureDG,24hrvs1hr_SAL,Down
Adarb2,6.60E-36,1.836053731,0.654,0.326,1.55E-31,Adarb2,ExcitatoryNeuronsMatureDG,PTZvsSAL_1hr,Up
Diaph2,9.04E-22,0.988960984,0.716,0.435,2.12E-17,Diaph2,ExcitatoryNeuronsMatureDG,PTZvsSAL_1hr,Up
Rasal2,1.71E-19,0.852146645,0.866,0.685,4.01E-15,Rasal2,ExcitatoryNeuronsMatureDG,PTZvsSAL_1hr,Up
Ahcyl2,3.97E-19,0.828238346,0.836,0.656,9.31E-15,Ahcyl2,ExcitatoryNeuronsMatureDG,PTZvsSAL_1hr,Up
Tanc1,4.69E-19,1.088025023,0.551,0.253,1.10E-14,Tanc1,ExcitatoryNeuronsMatureDG,PTZvsSAL_1hr,Up
Kctd16,2.66E-16,0.592390461,0.966,0.927,6.24E-12,Kctd16,ExcitatoryNeuronsMatureDG,PTZvsSAL_1hr,Up
Itga8,3.83E-16,1.007890334,0.605,0.339,8.99E-12,Itga8,ExcitatoryNeuronsMatureDG,PTZvsSAL_1hr,Up
Ano3,1.51E-15,0.889241473,0.685,0.445,3.54E-11,Ano3,ExcitatoryNeuronsMatureDG,PTZvsSAL_1hr,Up
Wipf3,1.53E-15,0.944126152,0.603,0.344,3.58E-11,Wipf3,ExcitatoryNeuronsMatureDG,PTZvsSAL_1hr,Up
Syne1,3.71E-15,0.791681037,0.741,0.531,8.71E-11,Syne1,ExcitatoryNeuronsMatureDG,PTZvsSAL_1hr,Up
Pcdh15,5.84E-25,-0.767796143,0.507,0.805,1.37E-20,Pcdh15,ExcitatoryNeuronsMatureDG,PTZvsSAL_1hr,Down
Ntm,2.80E-24,-0.855159506,0.422,0.706,6.56E-20,Ntm,ExcitatoryNeuronsMatureDG,PTZvsSAL_1hr,Down
AY036118,3.18E-23,-0.660768405,0.857,0.953,7.46E-19,AY036118,ExcitatoryNeuronsMatureDG,PTZvsSAL_1hr,Down
Gm42418,8.82E-23,-0.410873018,1,1,2.07E-18,Gm42418,ExcitatoryNeuronsMatureDG,PTZvsSAL_1hr,Down
Robo1,1.67E-22,-0.693812923,0.696,0.919,3.91E-18,Robo1,ExcitatoryNeuronsMatureDG,PTZvsSAL_1hr,Down
Galntl6,3.08E-22,-0.687206441,0.618,0.883,7.22E-18,Galntl6,ExcitatoryNeuronsMatureDG,PTZvsSAL_1hr,Down
Tuba1a,6.78E-21,-0.793780047,0.694,0.857,1.59E-16,Tuba1a,ExcitatoryNeuronsMatureDG,PTZvsSAL_1hr,Down
Gpc5,1.26E-20,-0.8842082,0.256,0.526,2.95E-16,Gpc5,ExcitatoryNeuronsMatureDG,PTZvsSAL_1hr,Down
Ddx5,6.00E-20,-0.641782807,0.893,0.938,1.41E-15,Ddx5,ExcitatoryNeuronsMatureDG,PTZvsSAL_1hr,Down
Tcf4,6.03E-20,-0.517214286,0.995,1,1.41E-15,Tcf4,ExcitatoryNeuronsMatureDG,PTZvsSAL_1hr,Down
mt-Co3,9.25E-43,1.463573297,0.75,0.48,2.17E-38,mt-Co3,ExcitatoryNeuronsMatureDG,PTZvsSAL_24hr,Up
Malat1,7.09E-36,0.483127613,1,1,1.66E-31,Malat1,ExcitatoryNeuronsMatureDG,PTZvsSAL_24hr,Up
mt-Co2,4.12E-29,1.378435104,0.636,0.418,9.65E-25,mt-Co2,ExcitatoryNeuronsMatureDG,PTZvsSAL_24hr,Up
Pcdh7,1.00E-23,1.121504394,0.417,0.167,2.35E-19,Pcdh7,ExcitatoryNeuronsMatureDG,PTZvsSAL_24hr,Up
mt-Nd1,1.01E-22,1.346996877,0.544,0.343,2.36E-18,mt-Nd1,ExcitatoryNeuronsMatureDG,PTZvsSAL_24hr,Up
mt-Co1,2.32E-20,1.243079905,0.546,0.354,5.43E-16,mt-Co1,ExcitatoryNeuronsMatureDG,PTZvsSAL_24hr,Up
Ddx5,2.22E-19,0.512574876,0.96,0.956,5.21E-15,Ddx5,ExcitatoryNeuronsMatureDG,PTZvsSAL_24hr,Up
mt-Atp6,5.06E-19,1.250910584,0.59,0.443,1.19E-14,mt-Atp6,ExcitatoryNeuronsMatureDG,PTZvsSAL_24hr,Up
Tuba1a,1.60E-18,0.950478355,0.742,0.633,3.76E-14,Tuba1a,ExcitatoryNeuronsMatureDG,PTZvsSAL_24hr,Up
Snhg11,1.75E-18,0.568495609,0.605,0.364,4.11E-14,Snhg11,ExcitatoryNeuronsMatureDG,PTZvsSAL_24hr,Up
Cwc22,1.58E-50,-1.03336676,0.651,0.913,3.71E-46,Cwc22,ExcitatoryNeuronsMatureDG,PTZvsSAL_24hr,Down
Gm43376,1.18E-13,-0.73290442,0.174,0.364,2.77E-09,Gm43376,ExcitatoryNeuronsMatureDG,PTZvsSAL_24hr,Down
Pabpc1,4.55E-12,-0.611314511,0.251,0.456,1.07E-07,Pabpc1,ExcitatoryNeuronsMatureDG,PTZvsSAL_24hr,Down
Upp2,3.91E-11,-0.688323274,0.216,0.395,9.17E-07,Upp2,ExcitatoryNeuronsMatureDG,PTZvsSAL_24hr,Down
Kcnk10,3.25E-10,-0.453007034,0.273,0.454,7.62E-06,Kcnk10,ExcitatoryNeuronsMatureDG,PTZvsSAL_24hr,Down
4930532I03Rik,1.05E-09,-0.66587653,0.145,0.285,2.45E-05,4930532I03Rik,ExcitatoryNeuronsMatureDG,PTZvsSAL_24hr,Down
Fat4,1.22E-09,-0.393236044,0.413,0.608,2.87E-05,Fat4,ExcitatoryNeuronsMatureDG,PTZvsSAL_24hr,Down
Kcnq1ot1,1.43E-09,-0.391532655,0.383,0.584,3.34E-05,Kcnq1ot1,ExcitatoryNeuronsMatureDG,PTZvsSAL_24hr,Down
Epc1,1.75E-09,-0.55953389,0.292,0.466,4.11E-05,Epc1,ExcitatoryNeuronsMatureDG,PTZvsSAL_24hr,Down
Cadps2,2.30E-09,-0.318282941,0.255,0.434,5.39E-05,Cadps2,ExcitatoryNeuronsMatureDG,PTZvsSAL_24hr,Down
Meg3,2.01E-37,0.640505996,1,1,4.71E-33,Meg3,L23ExcitatoryNeurons,24hrvs1hr_PTZ,Up
Dalrd3,2.78E-29,1.991892856,0.691,0.265,6.52E-25,Dalrd3,L23ExcitatoryNeurons,24hrvs1hr_PTZ,Up
Asic2,5.84E-29,1.23530104,1,0.917,1.37E-24,Asic2,L23ExcitatoryNeurons,24hrvs1hr_PTZ,Up
Uty,2.56E-26,1.734385408,0.59,0.192,6.01E-22,Uty,L23ExcitatoryNeurons,24hrvs1hr_PTZ,Up
Tcf4,2.36E-25,0.796536685,1,0.978,5.53E-21,Tcf4,L23ExcitatoryNeurons,24hrvs1hr_PTZ,Up
Eif2s3y,4.78E-25,2.114009669,0.432,0.105,1.12E-20,Eif2s3y,L23ExcitatoryNeurons,24hrvs1hr_PTZ,Up
Gm4258,4.99E-25,1.435137238,0.885,0.544,1.17E-20,Gm4258,L23ExcitatoryNeurons,24hrvs1hr_PTZ,Up
Srgap1,7.23E-24,1.528533211,0.662,0.246,1.70E-19,Srgap1,L23ExcitatoryNeurons,24hrvs1hr_PTZ,Up
Cpt1c,3.87E-23,1.545433795,0.705,0.306,9.07E-19,Cpt1c,L23ExcitatoryNeurons,24hrvs1hr_PTZ,Up
Gm26936,3.04E-22,2.214867805,0.381,0.094,7.12E-18,Gm26936,L23ExcitatoryNeurons,24hrvs1hr_PTZ,Up
Gm42418,1.98E-33,-0.911380189,0.993,1,4.63E-29,Gm42418,L23ExcitatoryNeurons,24hrvs1hr_PTZ,Down
Rims2,6.35E-25,-1.277556953,0.921,0.974,1.49E-20,Rims2,L23ExcitatoryNeurons,24hrvs1hr_PTZ,Down
Gpr158,4.90E-23,-1.750667704,0.489,0.831,1.15E-18,Gpr158,L23ExcitatoryNeurons,24hrvs1hr_PTZ,Down
Plcb1,2.80E-22,-1.039114035,0.906,0.968,6.57E-18,Plcb1,L23ExcitatoryNeurons,24hrvs1hr_PTZ,Down
Lncpint,5.77E-21,-1.766669336,0.676,0.826,1.35E-16,Lncpint,L23ExcitatoryNeurons,24hrvs1hr_PTZ,Down
Nav3,7.22E-19,-0.688055536,0.978,1,1.69E-14,Nav3,L23ExcitatoryNeurons,24hrvs1hr_PTZ,Down
Cnksr2,6.27E-18,-0.809823215,0.957,0.99,1.47E-13,Cnksr2,L23ExcitatoryNeurons,24hrvs1hr_PTZ,Down
Sgcz,1.77E-17,-1.715687823,0.547,0.801,4.15E-13,Sgcz,L23ExcitatoryNeurons,24hrvs1hr_PTZ,Down
Dpp10,1.84E-17,-1.454972337,0.871,0.946,4.31E-13,Dpp10,L23ExcitatoryNeurons,24hrvs1hr_PTZ,Down
R3hdm1,3.41E-17,-1.173893431,0.978,0.983,7.99E-13,R3hdm1,L23ExcitatoryNeurons,24hrvs1hr_PTZ,Down
Upp2,3.77E-14,1.329546579,0.525,0.199,8.83E-10,Upp2,L23ExcitatoryNeurons,24hrvs1hr_SAL,Up
Asic2,2.21E-13,0.877933206,0.968,0.95,5.18E-09,Asic2,L23ExcitatoryNeurons,24hrvs1hr_SAL,Up
Gm4258,1.64E-10,0.860836497,0.831,0.622,3.84E-06,Gm4258,L23ExcitatoryNeurons,24hrvs1hr_SAL,Up
Slco3a1,3.78E-10,0.856262914,0.767,0.528,8.87E-06,Slco3a1,L23ExcitatoryNeurons,24hrvs1hr_SAL,Up
Palmd,5.87E-10,1.390112241,0.397,0.155,1.38E-05,Palmd,L23ExcitatoryNeurons,24hrvs1hr_SAL,Up
Usp29,5.91E-10,0.750779994,0.744,0.437,1.38E-05,Usp29,L23ExcitatoryNeurons,24hrvs1hr_SAL,Up
Galnt18,1.48E-09,0.733897573,0.808,0.551,3.47E-05,Galnt18,L23ExcitatoryNeurons,24hrvs1hr_SAL,Up
Unc5c,2.90E-09,0.60103923,0.89,0.716,6.81E-05,Unc5c,L23ExcitatoryNeurons,24hrvs1hr_SAL,Up
Tmcc3,3.51E-09,1.50561763,0.457,0.232,8.23E-05,Tmcc3,L23ExcitatoryNeurons,24hrvs1hr_SAL,Up
Mtus2,5.26E-09,0.705780088,0.694,0.405,0.000123336,Mtus2,L23ExcitatoryNeurons,24hrvs1hr_SAL,Up
Gm42418,6.49E-47,-0.984835104,1,1,1.52E-42,Gm42418,L23ExcitatoryNeurons,24hrvs1hr_SAL,Down
AY036118,1.02E-39,-1.442045039,0.849,0.944,2.40E-35,AY036118,L23ExcitatoryNeurons,24hrvs1hr_SAL,Down
Tuba1a,6.21E-33,-1.908628301,0.562,0.862,1.46E-28,Tuba1a,L23ExcitatoryNeurons,24hrvs1hr_SAL,Down
Gm47283,2.80E-26,-2.270323553,0.416,0.727,6.57E-22,Gm47283,L23ExcitatoryNeurons,24hrvs1hr_SAL,Down
Tubb2a,2.82E-26,-2.212787652,0.297,0.677,6.60E-22,Tubb2a,L23ExcitatoryNeurons,24hrvs1hr_SAL,Down
Hspa8,1.69E-22,-2.276105239,0.21,0.601,3.96E-18,Hspa8,L23ExcitatoryNeurons,24hrvs1hr_SAL,Down
Tubb2b,4.69E-22,-2.534690254,0.215,0.578,1.10E-17,Tubb2b,L23ExcitatoryNeurons,24hrvs1hr_SAL,Down
mt-Co3,1.65E-21,-1.668760971,0.374,0.724,3.88E-17,mt-Co3,L23ExcitatoryNeurons,24hrvs1hr_SAL,Down
Ubb,5.05E-21,-2.980468151,0.082,0.443,1.18E-16,Ubb,L23ExcitatoryNeurons,24hrvs1hr_SAL,Down
Actb,2.55E-20,-2.126795697,0.269,0.601,5.97E-16,Actb,L23ExcitatoryNeurons,24hrvs1hr_SAL,Down
Cnksr2,5.94E-48,0.968779526,0.99,0.944,1.39E-43,Cnksr2,L23ExcitatoryNeurons,PTZvsSAL_1hr,Up
Lncpint,6.99E-42,1.563510548,0.826,0.499,1.64E-37,Lncpint,L23ExcitatoryNeurons,PTZvsSAL_1hr,Up
Dpp10,1.27E-36,1.549675534,0.946,0.853,2.98E-32,Dpp10,L23ExcitatoryNeurons,PTZvsSAL_1hr,Up
Brinp1,3.29E-36,1.379804972,0.883,0.674,7.71E-32,Brinp1,L23ExcitatoryNeurons,PTZvsSAL_1hr,Up
Plcb1,1.21E-35,0.90091217,0.968,0.941,2.84E-31,Plcb1,L23ExcitatoryNeurons,PTZvsSAL_1hr,Up
Malat1,3.62E-31,0.641057681,1,1,8.48E-27,Malat1,L23ExcitatoryNeurons,PTZvsSAL_1hr,Up
R3hdm1,1.30E-30,1.127387751,0.983,0.933,3.05E-26,R3hdm1,L23ExcitatoryNeurons,PTZvsSAL_1hr,Up
Zbtb16,2.15E-30,1.572518578,0.634,0.267,5.05E-26,Zbtb16,L23ExcitatoryNeurons,PTZvsSAL_1hr,Up
Ankrd33b,1.46E-28,2.514809994,0.417,0.079,3.43E-24,Ankrd33b,L23ExcitatoryNeurons,PTZvsSAL_1hr,Up
Rims2,4.54E-27,0.902981682,0.974,0.9,1.06E-22,Rims2,L23ExcitatoryNeurons,PTZvsSAL_1hr,Up
Tuba1a,1.30E-39,-1.365586102,0.622,0.862,3.05E-35,Tuba1a,L23ExcitatoryNeurons,PTZvsSAL_1hr,Down
Ncam1,3.55E-36,-0.889295165,0.827,0.953,8.33E-32,Ncam1,L23ExcitatoryNeurons,PTZvsSAL_1hr,Down
Macrod2,3.23E-35,-0.637097013,0.99,1,7.56E-31,Macrod2,L23ExcitatoryNeurons,PTZvsSAL_1hr,Down
AY036118,1.52E-32,-0.815198622,0.872,0.944,3.55E-28,AY036118,L23ExcitatoryNeurons,PTZvsSAL_1hr,Down
Gm47283,1.01E-29,-1.504143714,0.535,0.727,2.36E-25,Gm47283,L23ExcitatoryNeurons,PTZvsSAL_1hr,Down
Tubb2b,1.26E-28,-1.60494336,0.288,0.578,2.95E-24,Tubb2b,L23ExcitatoryNeurons,PTZvsSAL_1hr,Down
Nkain3,1.85E-28,-1.374558443,0.376,0.663,4.35E-24,Nkain3,L23ExcitatoryNeurons,PTZvsSAL_1hr,Down
Frmd4a,5.86E-28,-0.711078088,0.92,0.982,1.37E-23,Frmd4a,L23ExcitatoryNeurons,PTZvsSAL_1hr,Down
Tcf4,1.04E-27,-0.595687411,0.978,1,2.43E-23,Tcf4,L23ExcitatoryNeurons,PTZvsSAL_1hr,Down
Dpysl3,3.52E-24,-1.405499087,0.249,0.519,8.26E-20,Dpysl3,L23ExcitatoryNeurons,PTZvsSAL_1hr,Down
mt-Nd1,2.86E-11,1.512771326,0.561,0.224,6.71E-07,mt-Nd1,L23ExcitatoryNeurons,PTZvsSAL_24hr,Up
mt-Co1,7.89E-10,1.284865755,0.489,0.187,1.85E-05,mt-Co1,L23ExcitatoryNeurons,PTZvsSAL_24hr,Up
mt-Co3,2.05E-09,1.273410284,0.64,0.374,4.81E-05,mt-Co3,L23ExcitatoryNeurons,PTZvsSAL_24hr,Up
Noc2l,6.97E-09,1.493197245,0.446,0.174,0.000163328,Noc2l,L23ExcitatoryNeurons,PTZvsSAL_24hr,Up
Tubb2a,9.01E-09,1.700354305,0.547,0.297,0.000211124,Tubb2a,L23ExcitatoryNeurons,PTZvsSAL_24hr,Up
mt-Cytb,1.67E-08,1.52574499,0.403,0.151,0.000390807,mt-Cytb,L23ExcitatoryNeurons,PTZvsSAL_24hr,Up
Tubb4b,2.53E-08,2.288979227,0.259,0.055,0.000593457,Tubb4b,L23ExcitatoryNeurons,PTZvsSAL_24hr,Up
Kcnip4,3.92E-08,0.536724912,1,1,0.000918076,Kcnip4,L23ExcitatoryNeurons,PTZvsSAL_24hr,Up
mt-Co2,8.20E-08,1.250098141,0.518,0.247,0.001922843,mt-Co2,L23ExcitatoryNeurons,PTZvsSAL_24hr,Up
Tubb5,1.06E-06,1.207734931,0.525,0.297,0.024946406,Tubb5,L23ExcitatoryNeurons,PTZvsSAL_24hr,Up
Cwc22,1.06E-24,-1.54664463,0.64,0.959,2.49E-20,Cwc22,L23ExcitatoryNeurons,PTZvsSAL_24hr,Down
Map2,1.59E-07,-0.470036824,0.95,0.973,0.003720253,Map2,L23ExcitatoryNeurons,PTZvsSAL_24hr,Down
Trpm3,2.01E-06,-1.219826063,0.424,0.644,0.047103283,Trpm3,L23ExcitatoryNeurons,PTZvsSAL_24hr,Down
Malat1,4.73E-28,0.615388314,1,1,1.11E-23,Malat1,L45ExcitatoryNeurons,24hrvs1hr_PTZ,Up
Meg3,2.15E-25,0.392877889,1,1,5.03E-21,Meg3,L45ExcitatoryNeurons,24hrvs1hr_PTZ,Up
Ntm,3.30E-24,0.688595559,0.979,0.924,7.74E-20,Ntm,L45ExcitatoryNeurons,24hrvs1hr_PTZ,Up
Cpt1c,5.00E-23,1.49215454,0.611,0.336,1.17E-18,Cpt1c,L45ExcitatoryNeurons,24hrvs1hr_PTZ,Up
Dalrd3,6.40E-16,1.28538874,0.543,0.306,1.50E-11,Dalrd3,L45ExcitatoryNeurons,24hrvs1hr_PTZ,Up
Hivep2,1.67E-15,0.47580583,0.97,0.918,3.91E-11,Hivep2,L45ExcitatoryNeurons,24hrvs1hr_PTZ,Up
Tenm3,8.02E-15,0.556665775,0.813,0.638,1.88E-10,Tenm3,L45ExcitatoryNeurons,24hrvs1hr_PTZ,Up
Cox7b,6.11E-14,1.435149969,0.415,0.207,1.43E-09,Cox7b,L45ExcitatoryNeurons,24hrvs1hr_PTZ,Up
AC149090.1,7.47E-14,0.758950583,0.754,0.602,1.75E-09,AC149090.1,L45ExcitatoryNeurons,24hrvs1hr_PTZ,Up
Cacna1a,1.61E-13,0.666860848,0.829,0.668,3.77E-09,Cacna1a,L45ExcitatoryNeurons,24hrvs1hr_PTZ,Up
Cwc22,1.67E-96,-2.152150166,0.543,0.958,3.92E-92,Cwc22,L45ExcitatoryNeurons,24hrvs1hr_PTZ,Down
Gm42418,3.00E-72,-0.931500908,1,1,7.04E-68,Gm42418,L45ExcitatoryNeurons,24hrvs1hr_PTZ,Down
AY036118,7.47E-21,-0.682386685,0.714,0.92,1.75E-16,AY036118,L45ExcitatoryNeurons,24hrvs1hr_PTZ,Down
Tubb2b,3.16E-20,-1.025150123,0.522,0.781,7.41E-16,Tubb2b,L45ExcitatoryNeurons,24hrvs1hr_PTZ,Down
Tuba1a,1.16E-17,-0.708386603,0.778,0.94,2.71E-13,Tuba1a,L45ExcitatoryNeurons,24hrvs1hr_PTZ,Down
Ccdc85a,2.72E-16,-0.754515287,0.698,0.843,6.38E-12,Ccdc85a,L45ExcitatoryNeurons,24hrvs1hr_PTZ,Down
Oxr1,6.34E-15,-0.717961819,0.585,0.831,1.49E-10,Oxr1,L45ExcitatoryNeurons,24hrvs1hr_PTZ,Down
Tenm1,9.56E-15,-0.857472058,0.759,0.865,2.24E-10,Tenm1,L45ExcitatoryNeurons,24hrvs1hr_PTZ,Down
Cntnap5b,6.09E-14,-1.014312364,0.389,0.616,1.43E-09,Cntnap5b,L45ExcitatoryNeurons,24hrvs1hr_PTZ,Down
Nrxn1,8.66E-14,-0.21054988,1,1,2.03E-09,Nrxn1,L45ExcitatoryNeurons,24hrvs1hr_PTZ,Down
Ntm,2.41E-54,0.976961497,0.992,0.903,5.64E-50,Ntm,L45ExcitatoryNeurons,24hrvs1hr_SAL,Up
Grm3,1.90E-31,1.664562083,0.619,0.273,4.46E-27,Grm3,L45ExcitatoryNeurons,24hrvs1hr_SAL,Up
Dpp10,5.56E-31,0.91558911,0.98,0.933,1.30E-26,Dpp10,L45ExcitatoryNeurons,24hrvs1hr_SAL,Up
Cwc22,2.13E-29,0.85449105,0.936,0.671,5.00E-25,Cwc22,L45ExcitatoryNeurons,24hrvs1hr_SAL,Up
Mkx,2.56E-25,2.764666798,0.326,0.065,5.99E-21,Mkx,L45ExcitatoryNeurons,24hrvs1hr_SAL,Up
Pantr1,5.52E-23,1.919421652,0.431,0.149,1.29E-18,Pantr1,L45ExcitatoryNeurons,24hrvs1hr_SAL,Up
Kcnh1,3.41E-22,1.311679148,0.575,0.271,8.00E-18,Kcnh1,L45ExcitatoryNeurons,24hrvs1hr_SAL,Up
Mcc,5.69E-21,1.357424679,0.529,0.236,1.33E-16,Mcc,L45ExcitatoryNeurons,24hrvs1hr_SAL,Up
Phactr1,6.92E-21,0.493714029,0.992,0.948,1.62E-16,Phactr1,L45ExcitatoryNeurons,24hrvs1hr_SAL,Up
Nr3c1,7.34E-21,1.583339939,0.421,0.149,1.72E-16,Nr3c1,L45ExcitatoryNeurons,24hrvs1hr_SAL,Up
Gm42418,1.92E-110,-1.135036648,1,1,4.51E-106,Gm42418,L45ExcitatoryNeurons,24hrvs1hr_SAL,Down
Gm47283,2.44E-103,-2.717706074,0.456,0.864,5.72E-99,Gm47283,L45ExcitatoryNeurons,24hrvs1hr_SAL,Down
Tuba1a,8.69E-96,-2.238773597,0.701,0.948,2.04E-91,Tuba1a,L45ExcitatoryNeurons,24hrvs1hr_SAL,Down
AY036118,3.83E-77,-1.492089156,0.814,0.942,8.97E-73,AY036118,L45ExcitatoryNeurons,24hrvs1hr_SAL,Down
Tubb2b,7.43E-75,-2.573211829,0.309,0.755,1.74E-70,Tubb2b,L45ExcitatoryNeurons,24hrvs1hr_SAL,Down
Tubb5,1.53E-63,-2.041955327,0.412,0.777,3.58E-59,Tubb5,L45ExcitatoryNeurons,24hrvs1hr_SAL,Down
Tubb2a,1.10E-59,-2.021410575,0.416,0.758,2.57E-55,Tubb2a,L45ExcitatoryNeurons,24hrvs1hr_SAL,Down
Actb,2.53E-54,-2.175841956,0.314,0.68,5.93E-50,Actb,L45ExcitatoryNeurons,24hrvs1hr_SAL,Down
mt-Co3,1.00E-53,-1.571422088,0.422,0.779,2.35E-49,mt-Co3,L45ExcitatoryNeurons,24hrvs1hr_SAL,Down
Ubb,5.02E-47,-3.085760637,0.102,0.45,1.18E-42,Ubb,L45ExcitatoryNeurons,24hrvs1hr_SAL,Down
Cwc22,1.44E-88,1.831323811,0.958,0.671,3.38E-84,Cwc22,L45ExcitatoryNeurons,PTZvsSAL_1hr,Up
Pcdh11x,5.05E-15,1.025919348,0.571,0.316,1.18E-10,Pcdh11x,L45ExcitatoryNeurons,PTZvsSAL_1hr,Up
Gm20754,9.31E-14,0.776857509,0.801,0.673,2.18E-09,Gm20754,L45ExcitatoryNeurons,PTZvsSAL_1hr,Up
Egfem1,2.14E-13,0.545076787,0.909,0.807,5.03E-09,Egfem1,L45ExcitatoryNeurons,PTZvsSAL_1hr,Up
Tmtc4,6.77E-10,0.987008364,0.316,0.134,1.59E-05,Tmtc4,L45ExcitatoryNeurons,PTZvsSAL_1hr,Up
Nrxn3,1.47E-09,0.493352622,0.936,0.92,3.45E-05,Nrxn3,L45ExcitatoryNeurons,PTZvsSAL_1hr,Up
Nrip1,7.89E-08,0.845048977,0.414,0.249,0.001849119,Nrip1,L45ExcitatoryNeurons,PTZvsSAL_1hr,Up
Lekr1,2.17E-07,0.673935713,0.429,0.238,0.005088948,Lekr1,L45ExcitatoryNeurons,PTZvsSAL_1hr,Up
Glis3,2.22E-07,0.667880181,0.364,0.203,0.005209077,Glis3,L45ExcitatoryNeurons,PTZvsSAL_1hr,Up
Hbb-bs,2.44E-07,0.909079506,0.38,0.227,0.005714199,Hbb-bs,L45ExcitatoryNeurons,PTZvsSAL_1hr,Up
Gm47283,6.71E-53,-1.571229066,0.664,0.864,1.57E-48,Gm47283,L45ExcitatoryNeurons,PTZvsSAL_1hr,Down
AY036118,5.71E-31,-0.85931324,0.92,0.942,1.34E-26,AY036118,L45ExcitatoryNeurons,PTZvsSAL_1hr,Down
Malat1,7.66E-29,-0.421798436,1,1,1.80E-24,Malat1,L45ExcitatoryNeurons,PTZvsSAL_1hr,Down
Gm42418,5.64E-23,-0.444411875,1,1,1.32E-18,Gm42418,L45ExcitatoryNeurons,PTZvsSAL_1hr,Down
Mid1,1.27E-18,-1.697751893,0.199,0.433,2.98E-14,Mid1,L45ExcitatoryNeurons,PTZvsSAL_1hr,Down
Meg3,3.87E-14,-0.322211971,1,1,9.07E-10,Meg3,L45ExcitatoryNeurons,PTZvsSAL_1hr,Down
Gria2,3.26E-13,-0.354668264,1,1,7.65E-09,Gria2,L45ExcitatoryNeurons,PTZvsSAL_1hr,Down
Snrnp70,1.81E-12,-0.726806384,0.658,0.742,4.24E-08,Snrnp70,L45ExcitatoryNeurons,PTZvsSAL_1hr,Down
Ddx5,4.41E-12,-0.618157377,0.75,0.803,1.03E-07,Ddx5,L45ExcitatoryNeurons,PTZvsSAL_1hr,Down
Snhg11,2.85E-11,-0.488866542,0.915,0.952,6.68E-07,Snhg11,L45ExcitatoryNeurons,PTZvsSAL_1hr,Down
mt-Co3,1.41E-43,1.639790094,0.756,0.422,3.31E-39,mt-Co3,L45ExcitatoryNeurons,PTZvsSAL_24hr,Up
mt-Nd1,2.26E-38,2.000765272,0.611,0.277,5.29E-34,mt-Nd1,L45ExcitatoryNeurons,PTZvsSAL_24hr,Up
mt-Co2,1.43E-28,1.532321902,0.639,0.377,3.35E-24,mt-Co2,L45ExcitatoryNeurons,PTZvsSAL_24hr,Up
mt-Atp6,5.66E-28,1.415833772,0.651,0.375,1.33E-23,mt-Atp6,L45ExcitatoryNeurons,PTZvsSAL_24hr,Up
mt-Cytb,1.91E-24,1.475675306,0.482,0.22,4.47E-20,mt-Cytb,L45ExcitatoryNeurons,PTZvsSAL_24hr,Up
mt-Co1,4.88E-24,1.397983921,0.569,0.316,1.14E-19,mt-Co1,L45ExcitatoryNeurons,PTZvsSAL_24hr,Up
Tuba1a,1.22E-18,1.153035256,0.778,0.701,2.87E-14,Tuba1a,L45ExcitatoryNeurons,PTZvsSAL_24hr,Up
mt-Nd2,9.91E-18,1.318196126,0.478,0.259,2.32E-13,mt-Nd2,L45ExcitatoryNeurons,PTZvsSAL_24hr,Up
Dab1,1.59E-17,0.396720073,0.993,0.959,3.74E-13,Dab1,L45ExcitatoryNeurons,PTZvsSAL_24hr,Up
Tubb2b,1.08E-16,1.27534592,0.522,0.309,2.53E-12,Tubb2b,L45ExcitatoryNeurons,PTZvsSAL_24hr,Up
Cwc22,2.50E-45,-1.175317405,0.543,0.936,5.86E-41,Cwc22,L45ExcitatoryNeurons,PTZvsSAL_24hr,Down
Mkx,1.24E-14,-1.676603374,0.119,0.326,2.90E-10,Mkx,L45ExcitatoryNeurons,PTZvsSAL_24hr,Down
Pcdh17,7.85E-13,-1.265286961,0.288,0.483,1.84E-08,Pcdh17,L45ExcitatoryNeurons,PTZvsSAL_24hr,Down
Fat3,8.50E-13,-0.750583869,0.539,0.739,1.99E-08,Fat3,L45ExcitatoryNeurons,PTZvsSAL_24hr,Down
Klhl29,1.35E-12,-1.121365607,0.358,0.564,3.16E-08,Klhl29,L45ExcitatoryNeurons,PTZvsSAL_24hr,Down
Gm42418,1.03E-10,-0.240876135,1,1,2.41E-06,Gm42418,L45ExcitatoryNeurons,PTZvsSAL_24hr,Down
Kcnh7,4.89E-10,-0.355423177,0.967,0.989,1.15E-05,Kcnh7,L45ExcitatoryNeurons,PTZvsSAL_24hr,Down
Snhg11,7.45E-10,-0.291163241,0.82,0.97,1.75E-05,Snhg11,L45ExcitatoryNeurons,PTZvsSAL_24hr,Down
Kcnh1,1.84E-09,-0.605993025,0.372,0.575,4.31E-05,Kcnh1,L45ExcitatoryNeurons,PTZvsSAL_24hr,Down
Lhfp,3.00E-09,-0.776307869,0.391,0.57,7.02E-05,Lhfp,L45ExcitatoryNeurons,PTZvsSAL_24hr,Down
Dalrd3,1.45E-26,1.627635693,0.684,0.343,3.40E-22,Dalrd3,L56ExcitatoryNeurons,24hrvs1hr_PTZ,Up
Cacna1d,4.84E-26,0.806662589,0.959,0.863,1.13E-21,Cacna1d,L56ExcitatoryNeurons,24hrvs1hr_PTZ,Up
Pdzd2,1.28E-20,1.287379121,0.714,0.456,2.99E-16,Pdzd2,L56ExcitatoryNeurons,24hrvs1hr_PTZ,Up
Tmem108,4.60E-19,0.83954501,0.866,0.642,1.08E-14,Tmem108,L56ExcitatoryNeurons,24hrvs1hr_PTZ,Up
Pbx1,6.73E-18,0.572924764,0.996,0.97,1.58E-13,Pbx1,L56ExcitatoryNeurons,24hrvs1hr_PTZ,Up
Arpp21,7.49E-18,0.396179095,1,0.998,1.76E-13,Arpp21,L56ExcitatoryNeurons,24hrvs1hr_PTZ,Up
Trpm3,2.08E-17,0.568387838,0.97,0.72,4.88E-13,Trpm3,L56ExcitatoryNeurons,24hrvs1hr_PTZ,Up
Las1l,3.73E-17,1.230597275,0.643,0.369,8.75E-13,Las1l,L56ExcitatoryNeurons,24hrvs1hr_PTZ,Up
Cacna1a,1.06E-16,0.625357887,0.948,0.813,2.49E-12,Cacna1a,L56ExcitatoryNeurons,24hrvs1hr_PTZ,Up
Meg3,1.11E-16,0.351669776,1,1,2.61E-12,Meg3,L56ExcitatoryNeurons,24hrvs1hr_PTZ,Up
Gm42418,1.99E-51,-0.890119331,1,1,4.68E-47,Gm42418,L56ExcitatoryNeurons,24hrvs1hr_PTZ,Down
B230209E15Rik,2.28E-22,-1.35078954,0.535,0.753,5.35E-18,B230209E15Rik,L56ExcitatoryNeurons,24hrvs1hr_PTZ,Down
Oxr1,3.99E-22,-1.38256334,0.599,0.822,9.35E-18,Oxr1,L56ExcitatoryNeurons,24hrvs1hr_PTZ,Down
Lncpint,1.90E-20,-2.124690938,0.401,0.631,4.46E-16,Lncpint,L56ExcitatoryNeurons,24hrvs1hr_PTZ,Down
Agbl4,1.99E-19,-0.942784974,0.758,0.888,4.66E-15,Agbl4,L56ExcitatoryNeurons,24hrvs1hr_PTZ,Down
Snap25,9.61E-16,-0.613171316,0.9,0.954,2.25E-11,Snap25,L56ExcitatoryNeurons,24hrvs1hr_PTZ,Down
Sgcz,2.63E-15,-0.979019293,0.632,0.825,6.17E-11,Sgcz,L56ExcitatoryNeurons,24hrvs1hr_PTZ,Down
Ptk2,3.62E-15,-0.636010485,0.851,0.94,8.48E-11,Ptk2,L56ExcitatoryNeurons,24hrvs1hr_PTZ,Down
AY036118,1.70E-14,-0.70189992,0.706,0.893,4.00E-10,AY036118,L56ExcitatoryNeurons,24hrvs1hr_PTZ,Down
Rims2,3.79E-14,-0.441486149,0.985,0.997,8.87E-10,Rims2,L56ExcitatoryNeurons,24hrvs1hr_PTZ,Down
Garnl3,1.25E-20,1.101458151,0.857,0.549,2.94E-16,Garnl3,L56ExcitatoryNeurons,24hrvs1hr_SAL,Up
Htr1f,1.04E-18,1.276372677,0.677,0.342,2.43E-14,Htr1f,L56ExcitatoryNeurons,24hrvs1hr_SAL,Up
Maml3,2.42E-17,2.015103141,0.391,0.117,5.66E-13,Maml3,L56ExcitatoryNeurons,24hrvs1hr_SAL,Up
Syt6,2.90E-17,2.421009636,0.32,0.074,6.80E-13,Syt6,L56ExcitatoryNeurons,24hrvs1hr_SAL,Up
Tmem178,1.53E-16,1.021703482,0.643,0.29,3.59E-12,Tmem178,L56ExcitatoryNeurons,24hrvs1hr_SAL,Up
Zfp949,1.73E-16,2.325118397,0.255,0.036,4.05E-12,Zfp949,L56ExcitatoryNeurons,24hrvs1hr_SAL,Up
Ephb2,6.23E-16,1.086129608,0.592,0.243,1.46E-11,Ephb2,L56ExcitatoryNeurons,24hrvs1hr_SAL,Up
Gm16183,7.18E-16,1.320406376,0.381,0.107,1.68E-11,Gm16183,L56ExcitatoryNeurons,24hrvs1hr_SAL,Up
Slc16a7,1.73E-14,1.117277997,0.566,0.251,4.06E-10,Slc16a7,L56ExcitatoryNeurons,24hrvs1hr_SAL,Up
Cacnb4,1.89E-14,0.643055485,0.908,0.719,4.44E-10,Cacnb4,L56ExcitatoryNeurons,24hrvs1hr_SAL,Up
Gm42418,1.94E-86,-1.253723846,1,0.997,4.55E-82,Gm42418,L56ExcitatoryNeurons,24hrvs1hr_SAL,Down
Tuba1a,2.30E-55,-2.203095694,0.675,0.902,5.38E-51,Tuba1a,L56ExcitatoryNeurons,24hrvs1hr_SAL,Down
Gm47283,3.12E-55,-2.509702728,0.468,0.801,7.32E-51,Gm47283,L56ExcitatoryNeurons,24hrvs1hr_SAL,Down
AY036118,2.90E-52,-1.473965363,0.811,0.943,6.80E-48,AY036118,L56ExcitatoryNeurons,24hrvs1hr_SAL,Down
mt-Co3,2.35E-48,-2.037746965,0.444,0.825,5.50E-44,mt-Co3,L56ExcitatoryNeurons,24hrvs1hr_SAL,Down
Tubb2a,3.57E-40,-2.35488978,0.371,0.697,8.37E-36,Tubb2a,L56ExcitatoryNeurons,24hrvs1hr_SAL,Down
Tubb5,7.55E-32,-2.014059015,0.442,0.699,1.77E-27,Tubb5,L56ExcitatoryNeurons,24hrvs1hr_SAL,Down
Ubb,9.80E-31,-2.926985085,0.121,0.456,2.30E-26,Ubb,L56ExcitatoryNeurons,24hrvs1hr_SAL,Down
Tubb2b,1.52E-30,-2.173829096,0.352,0.637,3.57E-26,Tubb2b,L56ExcitatoryNeurons,24hrvs1hr_SAL,Down
mt-Co1,1.68E-26,-1.906228437,0.369,0.631,3.93E-22,mt-Co1,L56ExcitatoryNeurons,24hrvs1hr_SAL,Down
Lncpint,1.68E-24,1.824005086,0.631,0.336,3.94E-20,Lncpint,L56ExcitatoryNeurons,PTZvsSAL_1hr,Up
Zbtb16,3.00E-24,2.242701127,0.409,0.101,7.03E-20,Zbtb16,L56ExcitatoryNeurons,PTZvsSAL_1hr,Up
Slc24a2,7.40E-20,1.181380621,0.607,0.298,1.73E-15,Slc24a2,L56ExcitatoryNeurons,PTZvsSAL_1hr,Up
Tmem178,1.35E-18,1.357437188,0.597,0.29,3.16E-14,Tmem178,L56ExcitatoryNeurons,PTZvsSAL_1hr,Up
Agbl4,1.90E-17,0.650491054,0.888,0.699,4.46E-13,Agbl4,L56ExcitatoryNeurons,PTZvsSAL_1hr,Up
Homer1,1.07E-16,1.77951044,0.662,0.415,2.50E-12,Homer1,L56ExcitatoryNeurons,PTZvsSAL_1hr,Up
Efr3a,1.66E-16,1.497903396,0.563,0.303,3.89E-12,Efr3a,L56ExcitatoryNeurons,PTZvsSAL_1hr,Up
Stxbp5l,5.37E-16,0.694651262,0.934,0.811,1.26E-11,Stxbp5l,L56ExcitatoryNeurons,PTZvsSAL_1hr,Up
Arap2,5.60E-16,1.423336456,0.514,0.257,1.31E-11,Arap2,L56ExcitatoryNeurons,PTZvsSAL_1hr,Up
Fmn1,1.08E-15,1.699933568,0.371,0.134,2.54E-11,Fmn1,L56ExcitatoryNeurons,PTZvsSAL_1hr,Up
Gm47283,4.22E-38,-1.581588663,0.597,0.801,9.90E-34,Gm47283,L56ExcitatoryNeurons,PTZvsSAL_1hr,Down
Gm42418,8.38E-31,-0.536279345,1,0.997,1.96E-26,Gm42418,L56ExcitatoryNeurons,PTZvsSAL_1hr,Down
Tuba1a,8.71E-30,-1.152224386,0.753,0.902,2.04E-25,Tuba1a,L56ExcitatoryNeurons,PTZvsSAL_1hr,Down
AY036118,2.94E-23,-0.762300801,0.893,0.943,6.90E-19,AY036118,L56ExcitatoryNeurons,PTZvsSAL_1hr,Down
Auts2,3.04E-22,-0.728776667,0.906,0.978,7.13E-18,Auts2,L56ExcitatoryNeurons,PTZvsSAL_1hr,Down
Tubb2b,1.68E-21,-1.300866378,0.393,0.637,3.95E-17,Tubb2b,L56ExcitatoryNeurons,PTZvsSAL_1hr,Down
Tubb5,3.08E-21,-1.229304022,0.491,0.699,7.23E-17,Tubb5,L56ExcitatoryNeurons,PTZvsSAL_1hr,Down
Tubb2a,1.17E-16,-1.046773599,0.591,0.697,2.74E-12,Tubb2a,L56ExcitatoryNeurons,PTZvsSAL_1hr,Down
Nfib,1.25E-16,-0.714124801,0.858,0.915,2.93E-12,Nfib,L56ExcitatoryNeurons,PTZvsSAL_1hr,Down
Mid1,1.88E-16,-1.791216302,0.132,0.328,4.41E-12,Mid1,L56ExcitatoryNeurons,PTZvsSAL_1hr,Down
mt-Nd1,2.78E-20,1.986335928,0.602,0.308,6.51E-16,mt-Nd1,L56ExcitatoryNeurons,PTZvsSAL_24hr,Up
mt-Co3,2.58E-19,1.651902839,0.706,0.444,6.04E-15,mt-Co3,L56ExcitatoryNeurons,PTZvsSAL_24hr,Up
mt-Co2,2.95E-19,1.773116347,0.68,0.383,6.91E-15,mt-Co2,L56ExcitatoryNeurons,PTZvsSAL_24hr,Up
mt-Co1,4.27E-15,1.577706509,0.613,0.369,1.00E-10,mt-Co1,L56ExcitatoryNeurons,PTZvsSAL_24hr,Up
mt-Cytb,1.02E-12,1.649012444,0.454,0.228,2.40E-08,mt-Cytb,L56ExcitatoryNeurons,PTZvsSAL_24hr,Up
mt-Atp6,1.29E-12,1.319306657,0.632,0.434,3.03E-08,mt-Atp6,L56ExcitatoryNeurons,PTZvsSAL_24hr,Up
mt-Nd4,8.63E-12,1.475577598,0.461,0.238,2.02E-07,mt-Nd4,L56ExcitatoryNeurons,PTZvsSAL_24hr,Up
Tuba1a,3.14E-11,1.059894573,0.796,0.675,7.36E-07,Tuba1a,L56ExcitatoryNeurons,PTZvsSAL_24hr,Up
mt-Nd2,4.36E-11,1.578021337,0.439,0.238,1.02E-06,mt-Nd2,L56ExcitatoryNeurons,PTZvsSAL_24hr,Up
5730522E02Rik,7.53E-10,0.497782673,0.989,0.91,1.77E-05,5730522E02Rik,L56ExcitatoryNeurons,PTZvsSAL_24hr,Up
Cwc22,8.09E-35,-1.31857378,0.58,0.937,1.90E-30,Cwc22,L56ExcitatoryNeurons,PTZvsSAL_24hr,Down
Spock1,4.96E-12,-1.074698664,0.48,0.697,1.16E-07,Spock1,L56ExcitatoryNeurons,PTZvsSAL_24hr,Down
Htr1f,1.58E-09,-0.879824511,0.446,0.677,3.70E-05,Htr1f,L56ExcitatoryNeurons,PTZvsSAL_24hr,Down
Dmd,4.21E-09,-0.403236991,0.926,0.99,9.86E-05,Dmd,L56ExcitatoryNeurons,PTZvsSAL_24hr,Down
Cdh18,1.16E-08,-0.868382752,0.881,0.922,0.000272133,Cdh18,L56ExcitatoryNeurons,PTZvsSAL_24hr,Down
Sdk1,1.49E-08,-1.808613035,0.312,0.498,0.000349676,Sdk1,L56ExcitatoryNeurons,PTZvsSAL_24hr,Down
Kctd8,2.57E-08,-1.150733363,0.201,0.413,0.000602692,Kctd8,L56ExcitatoryNeurons,PTZvsSAL_24hr,Down
Mef2c,8.86E-08,-0.800820233,0.335,0.551,0.002076167,Mef2c,L56ExcitatoryNeurons,PTZvsSAL_24hr,Down
Adgrl2,1.86E-07,-0.527182088,0.405,0.655,0.00435774,Adgrl2,L56ExcitatoryNeurons,PTZvsSAL_24hr,Down
Col23a1,2.15E-07,-1.435454961,0.126,0.299,0.005037438,Col23a1,L56ExcitatoryNeurons,PTZvsSAL_24hr,Down
Meg3,1.77E-39,0.523521513,1,1,4.15E-35,Meg3,MGE,24hrvs1hr_PTZ,Up
Cpt1c,3.35E-20,1.472436926,0.641,0.333,7.85E-16,Cpt1c,MGE,24hrvs1hr_PTZ,Up
Prpf4b,4.45E-17,0.980049476,0.852,0.692,1.04E-12,Prpf4b,MGE,24hrvs1hr_PTZ,Up
Gm49179,1.35E-15,1.55763196,0.466,0.2,3.16E-11,Gm49179,MGE,24hrvs1hr_PTZ,Up
Las1l,1.96E-13,1.002635039,0.83,0.662,4.60E-09,Las1l,MGE,24hrvs1hr_PTZ,Up
Tcf4,2.09E-13,0.357914398,1,1,4.91E-09,Tcf4,MGE,24hrvs1hr_PTZ,Up
Taco1,6.25E-13,1.5863896,0.345,0.132,1.47E-08,Taco1,MGE,24hrvs1hr_PTZ,Up
Gm16183,1.39E-12,1.359084609,0.453,0.207,3.26E-08,Gm16183,MGE,24hrvs1hr_PTZ,Up
Snhg11,7.04E-12,0.292465,1,1,1.65E-07,Snhg11,MGE,24hrvs1hr_PTZ,Up
Snrnp70,9.31E-12,0.806583021,0.892,0.792,2.18E-07,Snrnp70,MGE,24hrvs1hr_PTZ,Up
Gm42418,2.87E-46,-0.834018213,0.996,0.998,6.73E-42,Gm42418,MGE,24hrvs1hr_PTZ,Down
Cwc22,1.04E-23,-1.384658338,0.552,0.817,2.44E-19,Cwc22,MGE,24hrvs1hr_PTZ,Down
AY036118,1.29E-12,-0.651065787,0.753,0.898,3.02E-08,AY036118,MGE,24hrvs1hr_PTZ,Down
B230209E15Rik,1.71E-12,-1.440471123,0.3,0.557,4.02E-08,B230209E15Rik,MGE,24hrvs1hr_PTZ,Down
Atp1b1,1.02E-11,-0.675263674,0.794,0.918,2.39E-07,Atp1b1,MGE,24hrvs1hr_PTZ,Down
Hsp90aa1,1.44E-11,-0.95495235,0.332,0.608,3.38E-07,Hsp90aa1,MGE,24hrvs1hr_PTZ,Down
Gphn,5.46E-11,-0.437592085,0.933,0.967,1.28E-06,Gphn,MGE,24hrvs1hr_PTZ,Down
Gad1,2.47E-10,-0.930830097,0.547,0.718,5.80E-06,Gad1,MGE,24hrvs1hr_PTZ,Down
Oxr1,1.31E-09,-0.759879901,0.915,0.928,3.08E-05,Oxr1,MGE,24hrvs1hr_PTZ,Down
Snap25,1.44E-09,-0.621254579,0.789,0.907,3.38E-05,Snap25,MGE,24hrvs1hr_PTZ,Down
Upp2,9.11E-17,1.412211866,0.463,0.161,2.14E-12,Upp2,MGE,24hrvs1hr_SAL,Up
Maf,6.08E-16,0.921833106,0.808,0.495,1.43E-11,Maf,MGE,24hrvs1hr_SAL,Up
Cwc22,1.87E-14,0.648496363,0.92,0.731,4.38E-10,Cwc22,MGE,24hrvs1hr_SAL,Up
Gm16183,3.44E-14,1.255430492,0.498,0.213,8.06E-10,Gm16183,MGE,24hrvs1hr_SAL,Up
Kcnip1,9.18E-14,0.871747006,0.787,0.484,2.15E-09,Kcnip1,MGE,24hrvs1hr_SAL,Up
Gm49179,1.05E-13,1.031837523,0.564,0.265,2.47E-09,Gm49179,MGE,24hrvs1hr_SAL,Up
Nfyc,1.56E-12,1.13867423,0.477,0.202,3.66E-08,Nfyc,MGE,24hrvs1hr_SAL,Up
Rnf25,2.91E-12,1.167586214,0.397,0.151,6.81E-08,Rnf25,MGE,24hrvs1hr_SAL,Up
Dnajc6,2.06E-11,0.775939663,0.704,0.426,4.84E-07,Dnajc6,MGE,24hrvs1hr_SAL,Up
Gm26936,2.93E-11,1.219603719,0.401,0.161,6.86E-07,Gm26936,MGE,24hrvs1hr_SAL,Up
Gm42418,8.73E-73,-1.138763319,1,1,2.05E-68,Gm42418,MGE,24hrvs1hr_SAL,Down
Tuba1a,8.19E-56,-2.168161047,0.592,0.903,1.92E-51,Tuba1a,MGE,24hrvs1hr_SAL,Down
AY036118,2.38E-49,-1.313078776,0.826,0.951,5.57E-45,AY036118,MGE,24hrvs1hr_SAL,Down
mt-Co3,3.68E-47,-1.69854982,0.467,0.867,8.62E-43,mt-Co3,MGE,24hrvs1hr_SAL,Down
Gm47283,2.36E-38,-2.463144947,0.383,0.729,5.53E-34,Gm47283,MGE,24hrvs1hr_SAL,Down
mt-Co1,1.97E-33,-1.8905715,0.324,0.692,4.62E-29,mt-Co1,MGE,24hrvs1hr_SAL,Down
Tubb2b,6.49E-30,-2.075901593,0.31,0.658,1.52E-25,Tubb2b,MGE,24hrvs1hr_SAL,Down
Tubb2a,1.42E-27,-1.802736515,0.443,0.708,3.34E-23,Tubb2a,MGE,24hrvs1hr_SAL,Down
Hspa8,4.18E-23,-1.847758124,0.345,0.624,9.80E-19,Hspa8,MGE,24hrvs1hr_SAL,Down
Tubb5,2.61E-22,-1.996532026,0.331,0.589,6.11E-18,Tubb5,MGE,24hrvs1hr_SAL,Down
Oxr1,4.53E-15,0.716973277,0.928,0.826,1.06E-10,Oxr1,MGE,PTZvsSAL_1hr,Up
Lncpint,1.14E-14,1.200676372,0.553,0.323,2.68E-10,Lncpint,MGE,PTZvsSAL_1hr,Up
Cwc22,9.09E-14,0.733068195,0.817,0.731,2.13E-09,Cwc22,MGE,PTZvsSAL_1hr,Up
Nap1l5,8.22E-12,1.256162202,0.332,0.138,1.93E-07,Nap1l5,MGE,PTZvsSAL_1hr,Up
Immp2l,8.42E-12,0.722309245,0.633,0.396,1.97E-07,Immp2l,MGE,PTZvsSAL_1hr,Up
Gm1604a,1.65E-10,1.113842075,0.275,0.108,3.86E-06,Gm1604a,MGE,PTZvsSAL_1hr,Up
Fmn1,2.16E-10,1.139777953,0.393,0.204,5.07E-06,Fmn1,MGE,PTZvsSAL_1hr,Up
Zbtb16,4.45E-10,1.207669054,0.328,0.155,1.04E-05,Zbtb16,MGE,PTZvsSAL_1hr,Up
Kcnc1,4.83E-10,1.004859245,0.413,0.219,1.13E-05,Kcnc1,MGE,PTZvsSAL_1hr,Up
6330411D24Rik,5.32E-10,1.538612901,0.258,0.105,1.25E-05,6330411D24Rik,MGE,PTZvsSAL_1hr,Up
AY036118,2.44E-30,-0.715219765,0.898,0.951,5.73E-26,AY036118,MGE,PTZvsSAL_1hr,Down
Gm42418,1.08E-27,-0.449304137,0.998,1,2.52E-23,Gm42418,MGE,PTZvsSAL_1hr,Down
Tcf4,1.59E-24,-0.42701786,1,1,3.73E-20,Tcf4,MGE,PTZvsSAL_1hr,Down
Tuba1a,3.50E-24,-0.932212405,0.783,0.903,8.21E-20,Tuba1a,MGE,PTZvsSAL_1hr,Down
Gm47283,9.13E-22,-1.264918473,0.607,0.729,2.14E-17,Gm47283,MGE,PTZvsSAL_1hr,Down
Meg3,3.96E-18,-0.293510812,1,1,9.29E-14,Meg3,MGE,PTZvsSAL_1hr,Down
Ddx5,6.49E-17,-0.722713077,0.775,0.822,1.52E-12,Ddx5,MGE,PTZvsSAL_1hr,Down
Tubb2b,2.46E-14,-0.900833645,0.515,0.658,5.77E-10,Tubb2b,MGE,PTZvsSAL_1hr,Down
Camk1d,2.55E-14,-0.567973503,0.837,0.865,5.99E-10,Camk1d,MGE,PTZvsSAL_1hr,Down
Tubb5,2.87E-13,-1.009142594,0.467,0.589,6.74E-09,Tubb5,MGE,PTZvsSAL_1hr,Down
mt-Nd1,8.23E-13,1.304146986,0.583,0.296,1.93E-08,mt-Nd1,MGE,PTZvsSAL_24hr,Up
mt-Co3,8.90E-12,1.070926949,0.717,0.467,2.09E-07,mt-Co3,MGE,PTZvsSAL_24hr,Up
mt-Co2,1.04E-10,1.117871577,0.664,0.408,2.44E-06,mt-Co2,MGE,PTZvsSAL_24hr,Up
mt-Co1,1.42E-10,1.320551369,0.57,0.324,3.33E-06,mt-Co1,MGE,PTZvsSAL_24hr,Up
mt-Atp6,3.46E-10,0.936251997,0.614,0.376,8.12E-06,mt-Atp6,MGE,PTZvsSAL_24hr,Up
mt-Cytb,1.84E-08,1.050249951,0.448,0.22,0.000431757,mt-Cytb,MGE,PTZvsSAL_24hr,Up
Malat1,4.55E-07,0.371244826,1,1,0.010670514,Malat1,MGE,PTZvsSAL_24hr,Up
Tuba1a,5.21E-07,0.960400138,0.726,0.592,0.012203091,Tuba1a,MGE,PTZvsSAL_24hr,Up
Snhg11,6.89E-07,0.234375809,1,1,0.016159721,Snhg11,MGE,PTZvsSAL_24hr,Up
Cwc22,1.38E-25,-1.300086506,0.552,0.92,3.25E-21,Cwc22,MGE,PTZvsSAL_24hr,Down
Kcnip1,1.03E-09,-0.883230466,0.57,0.787,2.41E-05,Kcnip1,MGE,PTZvsSAL_24hr,Down
Snrnp70,9.20E-07,0.895701938,0.931,0.75,0.0215631,Snrnp70,NdnfRelnInhibitoryInterneurons,24hrvs1hr_PTZ,Up
Gm42418,3.16E-16,-0.906384526,1,1,7.42E-12,Gm42418,NdnfRelnInhibitoryInterneurons,24hrvs1hr_PTZ,Down
Cwc22,1.43E-06,-1.035040186,0.725,0.885,0.033602191,Cwc22,NdnfRelnInhibitoryInterneurons,24hrvs1hr_PTZ,Down
Gm42418,4.59E-13,-1.015163166,1,1,1.08E-08,Gm42418,NdnfRelnInhibitoryInterneurons,24hrvs1hr_SAL,Down
AY036118,2.22E-11,-1.573140874,0.667,0.945,5.20E-07,AY036118,NdnfRelnInhibitoryInterneurons,24hrvs1hr_SAL,Down
Tuba1a,1.56E-10,-1.551397239,0.552,0.932,3.66E-06,Tuba1a,NdnfRelnInhibitoryInterneurons,24hrvs1hr_SAL,Down
Sgcz,1.55E-08,-2.593687438,0.08,0.493,0.000362513,Sgcz,NdnfRelnInhibitoryInterneurons,24hrvs1hr_SAL,Down
Gm20754,2.66E-08,-1.314001877,0.391,0.808,0.000623239,Gm20754,NdnfRelnInhibitoryInterneurons,24hrvs1hr_SAL,Down
Ccdc85a,1.04E-07,-1.546039576,0.253,0.658,0.002432082,Ccdc85a,NdnfRelnInhibitoryInterneurons,24hrvs1hr_SAL,Down
Dlgap2,1.55E-07,-0.759121528,0.46,0.849,0.003638969,Dlgap2,NdnfRelnInhibitoryInterneurons,24hrvs1hr_SAL,Down
Grm5,2.33E-07,-0.558547952,0.667,0.986,0.005454712,Grm5,NdnfRelnInhibitoryInterneurons,24hrvs1hr_SAL,Down
Atp1b1,4.54E-07,-1.837138453,0.195,0.575,0.010646994,Atp1b1,NdnfRelnInhibitoryInterneurons,24hrvs1hr_SAL,Down
Egfem1,4.60E-07,-0.928406764,0.414,0.822,0.01078438,Egfem1,NdnfRelnInhibitoryInterneurons,24hrvs1hr_SAL,Down
Gm20754,3.16E-08,0.519012333,0.794,0.391,0.000741375,Gm20754,NdnfRelnInhibitoryInterneurons,PTZvsSAL_24hr,Up
mt-Co3,1.51E-06,1.339125959,0.784,0.54,0.035323652,mt-Co3,NdnfRelnInhibitoryInterneurons,PTZvsSAL_24hr,Up
mt-Co2,2.07E-06,1.578808252,0.618,0.31,0.048434805,mt-Co2,NdnfRelnInhibitoryInterneurons,PTZvsSAL_24hr,Up
C430049B03Rik,2.59E-12,1.601657564,0.362,0.146,6.06E-08,C430049B03Rik,OPCs,24hrvs1hr_PTZ,Up
Cpt1c,2.04E-09,1.227404272,0.337,0.146,4.79E-05,Cpt1c,OPCs,24hrvs1hr_PTZ,Up
Pitpnc1,7.80E-09,0.855321055,0.538,0.331,0.000182874,Pitpnc1,OPCs,24hrvs1hr_PTZ,Up
Tcf4,7.12E-08,0.324808565,0.997,1,0.001669088,Tcf4,OPCs,24hrvs1hr_PTZ,Up
Znrf1,9.30E-08,1.149348633,0.267,0.112,0.002181276,Znrf1,OPCs,24hrvs1hr_PTZ,Up
Pid1,1.13E-07,0.565603392,0.796,0.674,0.002641084,Pid1,OPCs,24hrvs1hr_PTZ,Up
Usp29,4.32E-07,1.204671543,0.261,0.117,0.010128813,Usp29,OPCs,24hrvs1hr_PTZ,Up
Zfp536,5.48E-07,0.807482872,0.395,0.219,0.012849727,Zfp536,OPCs,24hrvs1hr_PTZ,Up
Zeb2,7.86E-07,0.468902008,0.936,0.917,0.0184176,Zeb2,OPCs,24hrvs1hr_PTZ,Up
Samd4,9.99E-07,0.928187559,0.356,0.19,0.023420318,Samd4,OPCs,24hrvs1hr_PTZ,Up
Gm42418,6.01E-55,-1.024565634,1,1,1.41E-50,Gm42418,OPCs,24hrvs1hr_PTZ,Down
Cwc22,3.23E-37,-1.619913508,0.745,0.922,7.57E-33,Cwc22,OPCs,24hrvs1hr_PTZ,Down
Ptprz1,3.01E-15,-0.443434901,0.997,0.995,7.06E-11,Ptprz1,OPCs,24hrvs1hr_PTZ,Down
Usp24,1.00E-09,-0.53459029,0.76,0.893,2.35E-05,Usp24,OPCs,24hrvs1hr_PTZ,Down
Gpc5,2.48E-08,-0.393285399,0.982,0.993,0.000580849,Gpc5,OPCs,24hrvs1hr_PTZ,Down
Slc22a17,2.55E-08,-0.886200941,0.35,0.513,0.000597981,Slc22a17,OPCs,24hrvs1hr_PTZ,Down
Scd2,4.25E-08,-0.906064522,0.304,0.477,0.000996883,Scd2,OPCs,24hrvs1hr_PTZ,Down
Chl1,5.49E-08,-0.522136288,0.769,0.878,0.001286199,Chl1,OPCs,24hrvs1hr_PTZ,Down
AY036118,1.50E-07,-0.566638687,0.793,0.869,0.003514652,AY036118,OPCs,24hrvs1hr_PTZ,Down
Sulf2,1.84E-07,-0.711735934,0.371,0.543,0.004318735,Sulf2,OPCs,24hrvs1hr_PTZ,Down
Cdc14a,7.57E-07,1.754310316,0.293,0.104,0.017737169,Cdc14a,OPCs,24hrvs1hr_SAL,Up
Pacs1,9.91E-07,1.421173609,0.311,0.115,0.023234768,Pacs1,OPCs,24hrvs1hr_SAL,Up
Ubr1,1.37E-06,0.923746662,0.36,0.146,0.032007733,Ubr1,OPCs,24hrvs1hr_SAL,Up
Trim24,1.44E-06,1.061099124,0.368,0.156,0.033799942,Trim24,OPCs,24hrvs1hr_SAL,Up
Dpysl3,1.52E-06,1.238856659,0.345,0.146,0.035664151,Dpysl3,OPCs,24hrvs1hr_SAL,Up
Dleu2,1.63E-06,1.125014443,0.443,0.229,0.038203352,Dleu2,OPCs,24hrvs1hr_SAL,Up
Gm42418,8.39E-28,-0.767201433,1,1,1.97E-23,Gm42418,OPCs,24hrvs1hr_SAL,Down
Tuba1a,8.44E-18,-1.039171448,0.655,0.917,1.98E-13,Tuba1a,OPCs,24hrvs1hr_SAL,Down
mt-Co3,1.05E-17,-1.047298423,0.578,0.88,2.47E-13,mt-Co3,OPCs,24hrvs1hr_SAL,Down
Zfp385b,2.86E-16,-1.04378705,0.376,0.76,6.71E-12,Zfp385b,OPCs,24hrvs1hr_SAL,Down
Hcn1,4.96E-16,-0.587749271,0.593,0.885,1.16E-11,Hcn1,OPCs,24hrvs1hr_SAL,Down
St6galnac5,5.29E-16,-0.928910599,0.479,0.828,1.24E-11,St6galnac5,OPCs,24hrvs1hr_SAL,Down
A230006K03Rik,1.59E-15,-1.208733428,0.306,0.672,3.74E-11,A230006K03Rik,OPCs,24hrvs1hr_SAL,Down
Snhg11,3.39E-15,-0.363037773,0.759,0.969,7.94E-11,Snhg11,OPCs,24hrvs1hr_SAL,Down
Cntnap5a,4.34E-15,-0.982472932,0.446,0.792,1.02E-10,Cntnap5a,OPCs,24hrvs1hr_SAL,Down
Tenm4,5.68E-15,-0.667340715,0.588,0.87,1.33E-10,Tenm4,OPCs,24hrvs1hr_SAL,Down
Cwc22,1.86E-10,0.916240191,0.922,0.953,4.37E-06,Cwc22,OPCs,PTZvsSAL_1hr,Up
Malat1,4.24E-11,-0.312956453,1,1,9.94E-07,Malat1,OPCs,PTZvsSAL_1hr,Down
mt-Atp6,8.63E-13,1.05453015,0.605,0.342,2.02E-08,mt-Atp6,OPCs,PTZvsSAL_24hr,Up
mt-Co3,9.63E-13,0.928489948,0.83,0.578,2.26E-08,mt-Co3,OPCs,PTZvsSAL_24hr,Up
mt-Nd1,3.18E-11,1.27289591,0.486,0.275,7.46E-07,mt-Nd1,OPCs,PTZvsSAL_24hr,Up
mt-Co2,2.87E-08,0.867497467,0.593,0.394,0.000671683,mt-Co2,OPCs,PTZvsSAL_24hr,Up
Caln1,3.61E-07,0.70479728,0.538,0.355,0.008455279,Caln1,OPCs,PTZvsSAL_24hr,Up
mt-Co1,7.78E-07,0.860228175,0.517,0.337,0.018241261,mt-Co1,OPCs,PTZvsSAL_24hr,Up
Cwc22,1.22E-25,-1.139288788,0.745,0.909,2.85E-21,Cwc22,OPCs,PTZvsSAL_24hr,Down
Gm42418,5.29E-07,-0.342708077,1,1,0.012391392,Gm42418,OPCs,PTZvsSAL_24hr,Down